Profile,Profile_no,Stage,Datetime,PRES,Depth,TEMP,PSAL,DO_umolKg,DO_mgL
7.1,1,190,23-Jun-2026 10:08:22,0,0,17.8401,0,284.192996145077,9.07948562195675
7.1,1,190,23-Jun-2026 10:17:50,0.2,0.198197572111246,18.4165454545455,0,280.695923904474,8.9683521197176
7.1,1,190,23-Jun-2026 10:22:37,0.4,0.396394951726965,18.9698352941176,0,284.077142474277,9.12867299985428
7.1,1,190,23-Jun-2026 10:26:04,0.6,0.594592138875855,18.7318545454545,15.5332727272727,272.703686097426,8.81620912968638
7.1,1,190,23-Jun-2026 10:27:24,0.8,0.792789133541626,18.71972,16.6994,271.130422549488,8.77330822392199
7.1,1,190,23-Jun-2026 10:28:30,1,0.990985935733677,18.76655,16.9485,270.797710227619,8.76418133268454
7.1,1,190,23-Jun-2026 10:29:30,1.2,1.18918254545497,18.76795,17.0425,271.051182740441,8.77279337227241
7.1,1,190,23-Jun-2026 10:31:55,1.4,1.38737896269561,18.74826,17.0939,271.272854055034,8.78002580574638
7.1,1,190,23-Jun-2026 10:34:49,1.6,1.5855751874521,18.72154,17.1311,271.896098775951,8.80028279200163
7.1,1,190,23-Jun-2026 10:37:57,1.8,1.78377121974665,18.6704285714286,17.1725714285714,271.646703679535,8.79325381084091
7.1,1,190,23-Jun-2026 10:41:46,2,1.98196705956931,18.5461428571429,17.2268571428571,272.540790536384,8.82271356211136
7.1,1,190,23-Jun-2026 10:45:35,2.2,2.18016270692298,18.4218571428571,17.2811428571429,274.385937893108,8.88335587872337
7.1,1,190,23-Jun-2026 10:46:44,2.4,2.37835816180413,18.164296,17.35216,278.089942166435,9.00501508219758
7.1,1,190,23-Jun-2026 10:47:14,2.6,2.57655342420921,17.873416,17.42736,282.353624185095,9.14449842114025
7.1,1,190,23-Jun-2026 10:47:40,2.8,2.77474849416678,17.6430769230769,17.4763076923077,284.037474316567,9.19926378616661
7.1,1,190,23-Jun-2026 10:47:58,3,2.97294337163472,17.554,17.464,284.252336048513,9.2061680938075
7.1,1,190,23-Jun-2026 10:48:15,3.2,3.17113805665441,17.4649230769231,17.4516923076923,286.453306552098,9.27775070606733
7.1,1,190,23-Jun-2026 10:48:42,3.4,3.36933254921582,17.431375,17.4342916666667,287.980967709464,9.32762105323189
7.1,1,190,23-Jun-2026 10:49:14,3.6,3.56752684929608,17.421625,17.4147083333333,290.279274096663,9.40257443110292
7.1,1,190,23-Jun-2026 10:49:46,3.8,3.76572095693653,17.36928,17.4334,291.033773407007,9.42779687667383
7.1,1,190,23-Jun-2026 10:50:21,4,3.96391487210141,17.2175466666667,17.5414,291.962706009819,9.45888631769943
7.1,1,190,23-Jun-2026 10:50:55,4.2,4.16210859481277,17.0683961538462,17.6471730769231,292.316339491723,9.47141993765614
7.1,1,190,23-Jun-2026 10:51:07,4.4,4.36030212507337,16.9683192307692,17.7106346153846,292.450743149551,9.4761604861694
7.1,1,190,23-Jun-2026 10:51:20,4.6,4.55849546286669,16.8682423076923,17.7740961538462,292.579620069976,9.48064843515644
7.1,1,190,23-Jun-2026 10:51:53,4.8,4.7566886082019,16.7412529411765,17.8437647058824,293.022314503657,9.49520513980852
7.1,1,190,23-Jun-2026 10:52:52,5,4.95488156109456,16.5813705882353,17.9210196078431,293.497056701894,9.51081936737924
7.1,1,190,23-Jun-2026 10:53:51,5.2,5.15307432153456,16.4214882352941,17.9982745098039,293.789133859398,9.52059013354386
7.1,1,190,23-Jun-2026 10:54:45,5.4,5.35126688951815,16.1716551724138,18.1484482758621,291.13609708639,9.43872227946388
7.1,1,190,23-Jun-2026 10:55:38,5.6,5.54945926505445,15.9118275862069,18.306724137931,291.238626228599,9.44220223649964
7.1,1,190,23-Jun-2026 10:56:32,5.8,5.74765144813329,15.652,18.465,291.184486652948,9.44065919160118
7.1,1,190,23-Jun-2026 10:56:56,6,5.94584343878305,15.6244255319149,18.5190425531915,291.418611828355,9.44855666246796
7.1,1,190,23-Jun-2026 10:57:20,6.2,6.14403523697422,15.5968510638298,18.573085106383,291.618585190754,9.45534390110663
7.1,1,190,23-Jun-2026 10:57:48,6.4,6.3422268427159,15.5148911111111,18.6286888888889,292.067302399193,9.47040501382002
7.1,1,190,23-Jun-2026 10:58:19,6.6,6.54041825601071,15.4036466666667,18.6851333333333,291.432596863472,9.45045266063297
7.1,1,190,23-Jun-2026 10:58:49,6.8,6.73860947686767,15.233668627451,18.7626078431373,291.198884482106,9.4436362317074
7.1,1,190,23-Jun-2026 10:59:16,7,6.9368005052894,14.9755901960784,18.8716274509804,291.310269063241,9.44821715470436
7.1,1,190,23-Jun-2026 10:59:44,7.2,7.13499134126563,14.7175117647059,18.9806470588235,291.822204467802,9.46593450285538
7.1,1,190,23-Jun-2026 11:00:10,7.4,7.33318198479894,14.612942,19.02182,292.467001911665,9.48779753284578
7.1,1,190,23-Jun-2026 11:00:36,7.6,7.53137243590475,14.535462,19.05102,290.867016223106,9.43647164431379
7.1,1,190,23-Jun-2026 11:00:57,7.8,7.72956269455991,14.4796042553191,19.0710425531915,290.187885189703,9.41451859578985
7.1,1,190,23-Jun-2026 11:01:09,8,7.92775276078624,14.4639021276596,19.0740212765957,289.801839913416,9.40202146719102
7.1,1,190,23-Jun-2026 11:01:22,8.2,8.12594263457341,14.4482,19.077,289.640242599979,9.39683831828716
7.1,1,190,23-Jun-2026 11:01:30,8.4,8.32413231593036,14.3841649122807,19.0794561403509,289.337549784589,9.38709078736002
7.1,1,190,23-Jun-2026 11:01:38,8.6,8.52232180485317,14.3201298245614,19.0819122807018,289.304765774163,9.38608274791454
7.1,1,190,23-Jun-2026 11:01:53,8.8,8.72051110134433,14.2476632653061,19.0913469387755,289.306776376797,9.38636313868448
7.1,1,190,23-Jun-2026 11:02:51,9,8.91870020540633,14.1274183673469,19.1403265306122,289.22914990304,9.38437594488981
7.1,1,190,23-Jun-2026 11:03:49,9.2,9.11688911704803,14.0071734693878,19.189306122449,287.382009992313,9.32478282229023
7.1,1,190,23-Jun-2026 11:05:20,9.4,9.31507783625265,13.8906132075472,19.2396603773585,283.961691976058,9.21492984277914
7.1,1,190,23-Jun-2026 11:07:05,9.6,9.51326636302261,13.7756320754717,19.2906037735849,283.642339865261,9.20460558832014
7.1,1,190,23-Jun-2026 11:08:51,9.8,9.71145469738602,13.6592961538462,19.3430961538462,284.192259114765,9.2226694222386
7.1,1,190,23-Jun-2026 11:10:47,10,9.9096428393132,13.5172192307692,19.4250192307692,282.58244544816,9.17178876062039
7.1,1,190,23-Jun-2026 11:12:44,10.2,10.1078307888258,13.3751423076923,19.5069423076923,NaN,NaN
7.1,1,190,23-Jun-2026 11:14:19,10.4,10.3060185459006,13.2603,19.5824,NaN,NaN
7.1,1,190,23-Jun-2026 11:15:29,10.6,10.5042061105719,13.1787444444444,19.6499555555556,NaN,NaN
7.1,1,190,23-Jun-2026 11:16:39,10.8,10.7023934828102,13.0638090909091,19.7566363636364,NaN,NaN
7.1,1,190,23-Jun-2026 11:17:49,11,10.9005806626434,12.8153545454545,20.0198181818182,NaN,NaN
7.1,1,190,23-Jun-2026 11:18:59,11.2,11.0987676500481,12.5669,20.283,NaN,NaN
7.1,1,190,23-Jun-2026 11:19:55,11.4,11.2969544450525,12.4765603773585,20.2377169811321,NaN,NaN
7.1,1,190,23-Jun-2026 11:20:52,11.6,11.4951410476266,12.386220754717,20.1924339622642,NaN,NaN
7.1,1,190,23-Jun-2026 11:21:45,11.8,11.6933274577921,12.2906113207547,20.1159811320755,NaN,NaN
7.1,1,190,23-Jun-2026 11:22:33,12,11.8915136755513,12.1852150943396,19.981641509434,NaN,NaN
7.1,1,190,23-Jun-2026 11:23:21,12.2,12.0896997008871,12.0798188679245,19.8473018867925,NaN,NaN
7.1,1,190,23-Jun-2026 11:24:19,12.4,12.2878855338212,11.8295666666667,20.1222916666667,NaN,NaN
7.1,1,190,23-Jun-2026 11:25:21,12.6,12.4860711743429,11.5172333333333,20.5727083333333,NaN,NaN
7.1,1,190,23-Jun-2026 11:26:08,12.8,12.6842566224672,11.2088490566038,20.9198113207547,NaN,NaN
7.1,1,190,23-Jun-2026 11:26:19,13,12.8824418781644,10.909679245283,21.0258490566038,NaN,NaN
7.1,1,190,23-Jun-2026 11:26:31,13.2,13.0806269414687,10.6105094339623,21.1318867924528,NaN,NaN
7.1,1,190,23-Jun-2026 11:26:39,13.4,13.2788118123696,10.3999583333333,21.2310208333333,NaN,NaN
7.1,1,190,23-Jun-2026 11:26:47,13.6,13.476996490882,10.237125,21.3264375,NaN,NaN
7.1,1,190,23-Jun-2026 11:26:55,13.8,13.675180976976,10.1175306122449,21.4224897959184,NaN,NaN
7.1,1,190,23-Jun-2026 11:27:05,14,13.873365270673,10.1276530612245,21.5204489795918,NaN,NaN
7.1,1,190,23-Jun-2026 11:27:15,14.2,14.0715493719624,10.1377755102041,21.6184081632653,NaN,NaN
7.1,1,190,23-Jun-2026 11:27:42,14.4,14.2697332808656,9.97555384615385,21.6432307692308,NaN,NaN
7.1,1,190,23-Jun-2026 11:28:13,14.6,14.4679169973654,9.77024615384615,21.6497692307692,NaN,NaN
7.1,1,190,23-Jun-2026 11:28:45,14.8,14.6661005214704,9.603064,21.6558,NaN,NaN
7.1,1,190,23-Jun-2026 11:29:25,15,14.8642838531762,9.588384,21.6598,NaN,NaN
7.1,1,190,23-Jun-2026 11:30:04,15.2,15.0624669925042,9.573704,21.6638,NaN,NaN
7.1,1,190,23-Jun-2026 11:30:44,15.4,15.2606499394308,9.505936,21.67676,NaN,NaN
7.1,1,190,23-Jun-2026 11:31:24,15.6,15.4588326939646,9.415416,21.69356,NaN,NaN
7.1,1,190,23-Jun-2026 11:32:08,15.8,15.6570152561075,9.347,21.7220204081633,NaN,NaN
7.1,1,190,23-Jun-2026 11:33:06,16,15.8551976258679,9.367,21.7971224489796,NaN,NaN
7.1,1,190,23-Jun-2026 11:34:03,16.2,16.0533798032288,9.387,21.8722244897959,NaN,NaN
7.1,1,190,23-Jun-2026 11:34:31,16.4,16.2515617882178,9.41673469387755,21.9108979591837,NaN,NaN
7.1,1,190,23-Jun-2026 11:34:49,16.6,16.449743580824,9.44971428571429,21.9374285714286,NaN,NaN
7.1,1,190,23-Jun-2026 11:35:10,16.8,16.6479251810302,9.47274,21.95792,NaN,NaN
7.1,1,190,23-Jun-2026 11:35:40,17,16.8461065888576,9.47254,21.96432,NaN,NaN
7.1,1,190,23-Jun-2026 11:36:10,17.2,17.0442878043082,9.47234,21.97072,NaN,NaN
7.1,1,190,23-Jun-2026 11:36:20,17.4,17.2424688273839,9.43532545454545,21.9702545454545,NaN,NaN
7.1,1,190,23-Jun-2026 11:36:25,17.6,17.4406496580803,9.38910727272727,21.9680727272727,NaN,NaN
7.1,1,190,23-Jun-2026 11:36:30,17.8,17.6388302963929,9.34477727272727,21.9667272727273,NaN,NaN
7.1,1,190,23-Jun-2026 11:36:35,18,17.8370107423236,9.33632272727273,21.9812727272727,NaN,NaN
7.1,1,190,23-Jun-2026 11:36:40,18.2,18.0351909958807,9.32786818181818,21.9958181818182,NaN,NaN
7.1,1,190,23-Jun-2026 11:36:46,18.4,18.233371057079,9.273696,22.0116,NaN,NaN
7.1,1,190,23-Jun-2026 11:36:52,18.6,18.4315509258946,9.211456,22.0276,NaN,NaN
7.1,1,190,23-Jun-2026 11:37:00,18.8,18.6297306023295,9.117828,22.04318,NaN,NaN
7.1,1,190,23-Jun-2026 11:37:12,19,18.8279100863983,8.965908,22.05798,NaN,NaN
7.1,1,190,23-Jun-2026 11:37:23,19.2,19.0260893781028,8.813988,22.07278,NaN,NaN
7.1,1,190,23-Jun-2026 11:37:40,19.4,19.2242684774385,8.64342592592593,22.1322962962963,NaN,NaN
7.1,1,190,23-Jun-2026 11:37:57,19.6,19.4224473844073,8.46957407407407,22.1997037037037,NaN,NaN
7.1,1,190,23-Jun-2026 11:38:20,19.8,19.6206260990044,8.31036170212766,22.2628723404255,NaN,NaN
7.1,1,190,23-Jun-2026 11:39:10,20,19.8188046212381,8.23410638297872,22.3020212765957,NaN,NaN
7.1,1,190,23-Jun-2026 11:40:00,20.2,20.0169829511102,8.15785106382979,22.341170212766,NaN,NaN
7.1,1,190,23-Jun-2026 11:40:38,20.4,20.2151610886225,8.10766666666667,22.365,NaN,NaN
7.1,1,190,23-Jun-2026 11:41:12,20.6,20.4133390337573,8.064,22.385,NaN,NaN
7.1,1,190,23-Jun-2026 11:41:34,20.8,20.6115167865487,8.01034814814815,22.4064814814815,NaN,NaN
7.1,1,190,23-Jun-2026 11:41:39,21,20.8096943469727,7.94171851851852,22.4301851851852,NaN,NaN
7.1,1,190,23-Jun-2026 11:41:44,21.2,21.0078717150565,7.87308888888889,22.4538888888889,NaN,NaN
7.1,1,190,23-Jun-2026 11:41:49,21.4,21.2060488907571,7.826432,22.46716,NaN,NaN
7.1,1,190,23-Jun-2026 11:41:54,21.6,21.4042258741211,7.789192,22.47596,NaN,NaN
7.1,1,190,23-Jun-2026 11:42:00,21.8,21.6024026651244,7.75237959183674,22.4847959183673,NaN,NaN
7.1,1,190,23-Jun-2026 11:42:06,22,21.8005792637751,7.71727755102041,22.4937755102041,NaN,NaN
7.1,1,190,23-Jun-2026 11:42:12,22.2,21.9987556700749,7.68217551020408,22.5027551020408,NaN,NaN
7.1,1,190,23-Jun-2026 11:42:19,22.4,22.1969318840255,7.6497,22.5155,NaN,NaN
7.1,1,190,23-Jun-2026 11:42:25,22.6,22.3951079056284,7.6181,22.5295,NaN,NaN
7.1,1,190,23-Jun-2026 11:42:32,22.8,22.5932837348725,7.58635744680851,22.5441489361702,NaN,NaN
7.1,1,190,23-Jun-2026 11:42:40,23,22.7914593717851,7.55418723404255,22.5607446808511,NaN,NaN
7.1,1,190,23-Jun-2026 11:42:48,23.2,22.9896348163356,7.5220170212766,22.5773404255319,NaN,NaN
7.1,1,190,23-Jun-2026 11:42:59,23.4,23.1878100685513,7.458575,22.603,NaN,NaN
7.1,1,190,23-Jun-2026 11:43:11,23.6,23.3859851284273,7.39165833333333,22.6296666666667,NaN,NaN
7.1,1,190,23-Jun-2026 11:43:25,23.8,23.584159995946,7.34804905660377,22.6463962264151,NaN,NaN
7.1,1,190,23-Jun-2026 11:43:41,24,23.7823346711345,7.32774716981132,22.6531886792453,NaN,NaN
7.1,1,190,23-Jun-2026 11:43:58,24.2,23.9805091539817,7.30744528301887,22.6599811320755,NaN,NaN
7.1,1,190,23-Jun-2026 11:44:18,24.4,24.1786834444953,7.27657884615385,22.6675384615385,NaN,NaN
7.1,1,190,23-Jun-2026 11:44:38,24.6,24.3768575426577,7.24384807692308,22.6752307692308,NaN,NaN
7.1,1,190,23-Jun-2026 11:44:58,24.8,24.575031448496,7.21239615384615,22.6839807692308,NaN,NaN
7.1,1,190,23-Jun-2026 11:45:21,25,24.7732051619989,7.18478076923077,22.6959038461538,NaN,NaN
7.1,1,190,23-Jun-2026 11:45:44,25.2,24.9713786831615,7.15716538461538,22.7078269230769,NaN,NaN
7.1,1,190,23-Jun-2026 11:46:09,25.4,25.1695520119915,7.14078775510204,22.7151836734694,NaN,NaN
7.1,1,190,23-Jun-2026 11:46:34,25.6,25.3677251485033,7.1304612244898,22.7200816326531,NaN,NaN
7.1,1,190,23-Jun-2026 11:46:59,25.8,25.5658980926727,7.12113333333333,22.7243333333333,NaN,NaN
7.1,1,190,23-Jun-2026 11:47:23,26,25.7640708445075,7.1158,22.726,NaN,NaN
7.1,1,190,23-Jun-2026 11:47:46,26.2,25.9622434040155,7.11046666666667,22.7276666666667,NaN,NaN
7.1,1,190,23-Jun-2026 11:48:11,26.4,26.1604157712109,7.09550196078431,22.7336470588235,NaN,NaN
7.1,1,190,23-Jun-2026 11:48:36,26.6,26.358587946063,7.07812941176471,22.7407058823529,NaN,NaN
7.1,1,190,23-Jun-2026 11:49:05,26.8,26.5567599286054,7.06277021276596,22.7472765957447,NaN,NaN
7.1,1,190,23-Jun-2026 11:49:42,27,26.7549317188137,7.05345106382979,22.7523829787234,NaN,NaN
7.1,1,190,23-Jun-2026 11:50:19,27.2,26.953103316702,7.04413191489362,22.7574893617021,NaN,NaN
7.1,1,190,23-Jun-2026 11:50:41,27.4,27.1512747222653,7.02928461538462,22.7635384615385,NaN,NaN
7.1,1,190,23-Jun-2026 11:51:01,27.6,27.3494459355306,7.01382307692308,22.7696923076923,NaN,NaN
7.1,1,190,23-Jun-2026 11:51:16,27.8,27.5476169564607,6.99943333333333,22.7755555555556,NaN,NaN
7.1,1,190,23-Jun-2026 11:51:21,28,27.7457877850697,6.98754444444444,22.7807407407407,NaN,NaN
7.1,1,190,23-Jun-2026 11:51:26,28.2,27.9439584213717,6.97565555555556,22.7859259259259,NaN,NaN
7.1,1,190,23-Jun-2026 11:51:31,28.4,28.1421288653424,6.96084666666667,22.7914666666667,NaN,NaN
7.1,1,190,23-Jun-2026 11:51:36,28.6,28.3402991170151,6.94409111111111,22.7972444444444,NaN,NaN
7.1,1,190,23-Jun-2026 11:51:41,28.8,28.5384691763717,6.91807708333334,22.8065416666667,NaN,NaN
7.1,1,190,23-Jun-2026 11:51:47,29,28.7366390434135,6.87486875,22.822375,NaN,NaN
7.1,1,190,23-Jun-2026 11:51:52,29.2,28.9348087181546,6.83166041666667,22.8382083333333,NaN,NaN
7.1,1,190,23-Jun-2026 11:52:00,29.4,29.1329782005705,6.74183333333333,22.878,NaN,NaN
7.1,1,190,23-Jun-2026 11:52:08,29.6,29.3311474906881,6.64955263157895,22.9190526315789,NaN,NaN
7.1,1,190,23-Jun-2026 11:52:15,29.8,29.5293165884957,6.565268,22.95656,NaN,NaN
7.1,1,190,23-Jun-2026 11:52:25,30,29.7274854940009,6.552948,22.96216,NaN,NaN
7.1,1,190,23-Jun-2026 11:52:35,30.2,29.9256542072049,6.540628,22.96776,NaN,NaN
7.1,1,190,23-Jun-2026 11:52:49,30.4,30.1238227280896,6.52090869565217,22.9767826086957,NaN,NaN
7.1,1,190,23-Jun-2026 11:53:06,30.6,30.3219910566946,6.49625652173913,22.9880869565217,NaN,NaN
7.1,1,190,23-Jun-2026 11:53:48,30.8,30.5201591929825,6.46836470588235,23.0004705882353,NaN,NaN
7.1,1,190,23-Jun-2026 11:55:28,31,30.7183271369801,6.4329137254902,23.0153725490196,NaN,NaN
7.1,1,190,23-Jun-2026 11:57:08,31.2,30.9164948886756,6.39746274509804,23.0302745098039,NaN,NaN
7.1,1,190,23-Jun-2026 11:57:51,31.4,31.1146624480702,6.38095,23.0361,NaN,NaN
7.1,1,190,23-Jun-2026 11:58:15,31.6,31.3128298151714,6.37075,23.0389,NaN,NaN
7.1,1,190,23-Jun-2026 11:58:43,31.8,31.5109969899801,6.36117843137255,23.0415882352941,NaN,NaN
7.1,1,190,23-Jun-2026 11:59:26,32,31.7091639724911,6.35349215686274,23.0439411764706,NaN,NaN
7.1,1,190,23-Jun-2026 12:00:09,32.2,31.9073307627118,6.34580588235294,23.0462941176471,NaN,NaN
7.1,1,190,23-Jun-2026 12:00:38,32.4,32.1054973606432,6.33952857142857,23.0507142857143,NaN,NaN
7.1,1,190,23-Jun-2026 12:01:01,32.6,32.3036637662799,6.33385510204082,23.0560204081633,NaN,NaN
7.1,1,190,23-Jun-2026 12:01:20,32.8,32.5018299796357,6.32864081632653,23.0605102040816,NaN,NaN
7.1,1,190,23-Jun-2026 12:01:24,33,32.6999960006987,6.32480408163265,23.0625510204082,NaN,NaN
7.1,1,190,23-Jun-2026 12:01:28,33.2,32.8981618294765,6.32096734693878,23.0645918367347,NaN,NaN
7.1,1,190,23-Jun-2026 12:01:32,33.4,33.0963274659635,6.3176,23.0667142857143,NaN,NaN
7.1,1,190,23-Jun-2026 12:01:36,33.6,33.2944929101735,6.31435,23.0688571428571,NaN,NaN
7.1,1,190,23-Jun-2026 12:01:40,33.8,33.4926581620946,6.3111,23.071,NaN,NaN
7.1,1,190,23-Jun-2026 12:01:43,34,33.6908232217405,6.30468490566038,23.0747735849057,NaN,NaN
7.1,1,190,23-Jun-2026 12:01:46,34.2,33.8889880890993,6.29826981132075,23.0785471698113,NaN,NaN
7.1,1,190,23-Jun-2026 12:01:50,34.4,34.0871527641849,6.29211914893617,23.0823404255319,NaN,NaN
7.1,1,190,23-Jun-2026 12:01:53,34.6,34.2853172469787,6.28645957446809,23.086170212766,NaN,NaN
7.1,1,190,23-Jun-2026 12:01:57,34.8,34.4834815375073,6.2808,23.09,NaN,NaN
7.1,1,190,23-Jun-2026 12:02:00,35,34.6816456357653,6.27902222222222,23.0913333333333,NaN,NaN
7.1,1,190,23-Jun-2026 12:02:04,35.2,34.8798095417341,6.27724444444444,23.0926666666667,NaN,NaN
7.1,1,190,23-Jun-2026 12:02:07,35.4,35.0779732554403,6.26893636363636,23.098,NaN,NaN
7.1,1,290,24-Jun-2026 06:11:25,35.22,34.89962592176,6.2232,23.124,NaN,NaN
7.1,1,290,24-Jun-2026 08:11:27,35.23,34.9095341110504,6.2361,23.119,NaN,NaN
7.1,1,290,24-Jun-2026 07:11:26,35.24,34.919442299859,6.2337,23.12,NaN,NaN
7.1,1,290,23-Jun-2026 18:11:13,35.26,34.9392586760372,6.2145,23.128,8.74936601472581,0.285107062349335
7.1,1,290,23-Jun-2026 19:11:14,35.26,34.9392586760372,6.2157,23.128,8.51785446807075,0.277563043520199
7.1,1,290,23-Jun-2026 20:11:15,35.28,34.9590750502941,6.2162,23.127,8.2863429214157,0.270019024691063
7.1,1,290,24-Jun-2026 05:11:24,35.28,34.9590750502941,6.2241,23.125,NaN,NaN
7.1,1,290,24-Jun-2026 04:11:23,35.29,34.9689832366997,6.2179,23.127,NaN,NaN
7.1,1,290,23-Jun-2026 17:11:12,35.3,34.9788914226168,6.2202,23.125,8.98087756138086,0.292651081178471
7.1,1,290,24-Jun-2026 09:11:28,35.3,34.9788914226168,6.2385,23.115,NaN,NaN
7.1,1,290,23-Jun-2026 21:11:16,35.31,34.9887996080646,6.2182,23.126,8.05483137476064,0.262475005861927
7.1,1,290,24-Jun-2026 10:11:29,35.32,34.9987077930239,6.2392,23.114,NaN,NaN
7.1,1,290,24-Jun-2026 11:11:30,35.35,35.0284323450409,6.2384,23.114,NaN,NaN
7.1,1,290,23-Jun-2026 16:11:10,35.36,35.0383405280842,6.2143,23.128,9.21245339894029,0.300197194986454
7.1,1,290,23-Jun-2026 22:11:17,35.37,35.0482487106388,6.219,23.126,7.82331982810558,0.254930987032791
7.1,1,290,24-Jun-2026 02:11:21,35.38,35.0581568927239,6.2181,23.126,NaN,NaN
7.1,1,290,24-Jun-2026 03:11:22,35.38,35.0581568927239,6.2173,23.127,NaN,NaN
7.1,1,290,23-Jun-2026 15:11:08,35.39,35.0680650743201,6.2137,23.128,9.44402923649973,0.307743308794437
7.1,1,290,24-Jun-2026 01:11:20,35.4,35.0779732554403,6.2196,23.125,7.12878518814042,0.232298930545384
7.1,1,290,24-Jun-2026 00:11:19,35.41,35.087881436078,6.2196,23.126,7.36029673479547,0.23984294937452
7.1,1,290,23-Jun-2026 23:11:18,35.42,35.0977896162268,6.2187,23.126,7.59180828145053,0.247386968203655
7.1,1,290,23-Jun-2026 14:11:03,35.47,35.1473305098084,6.2183,23.124,NaN,NaN
7.1,1,590,NaT,0,0,NaN,NaN,NaN,NaN
7.1,1,590,NaT,0.2,0.198197572111246,NaN,NaN,282.427867356089,9.1329567053395
7.1,1,590,24-Jun-2026 14:23:43,0.4,0.396394951726965,19.3851,16.278,284.606328313599,9.20465126446497
7.1,1,590,24-Jun-2026 14:23:39,0.6,0.594592138875855,19.2345666666667,16.376,285.401989458916,9.23158468114663
7.1,1,590,24-Jun-2026 14:23:36,0.8,0.792789133541626,19.0437692307692,16.4683846153846,285.611824495621,9.23965401617694
7.1,1,590,24-Jun-2026 14:23:33,1,0.990985935733677,18.9660916666667,16.5305,285.633779872887,9.24064168207522
7.1,1,590,24-Jun-2026 14:23:28,1.2,1.18918254545497,18.9012090909091,16.5995,285.639048941762,9.24136294621117
7.1,1,590,24-Jun-2026 14:23:24,1.4,1.38737896269561,18.8617769230769,16.6443269230769,285.414502044777,9.2346848574966
7.1,1,590,24-Jun-2026 14:23:20,1.6,1.5855751874521,18.8271615384615,16.6847115384615,285.428173864717,9.23530109883854
7.1,1,590,24-Jun-2026 14:23:16,1.8,1.78377121974665,18.7880125,16.731875,285.344660476824,9.23318666408055
7.1,1,590,24-Jun-2026 14:23:11,2,1.98196705956931,18.7352625,16.799375,285.583428787629,9.2414170763861
7.1,1,590,24-Jun-2026 14:23:06,2.2,2.18016270692298,18.6825125,16.866875,285.513470593825,9.23981038609347
7.1,1,590,24-Jun-2026 14:23:00,2.4,2.37835816180413,18.6337019230769,16.9374807692308,285.636316358099,9.24417540707949
7.1,1,590,24-Jun-2026 14:22:54,2.6,2.57655342420921,18.5855865384615,17.0086346153846,285.480242507067,9.23967360944117
7.1,1,590,24-Jun-2026 14:22:47,2.8,2.77474849416678,18.5447173913043,17.0699347826087,285.484550936313,9.2402793728957
7.1,1,590,24-Jun-2026 14:22:38,3,2.97294337163472,18.5255869565217,17.1016739130435,285.278842314211,9.23390508640187
7.1,1,590,24-Jun-2026 14:22:28,3.2,3.17113805665441,18.5064565217391,17.1334130434783,285.312911187962,9.23531969680587
7.1,1,590,24-Jun-2026 14:22:11,3.4,3.36933254921582,18.486462,17.14336,285.489572029866,9.2410948594976
7.1,1,590,24-Jun-2026 14:21:54,3.6,3.56752684929608,18.466422,17.15216,285.756285379746,9.24988229149839
7.1,1,590,24-Jun-2026 14:21:27,3.8,3.76572095693653,18.4444096153846,17.1616730769231,285.923430921637,9.25543091424763
7.1,1,590,24-Jun-2026 14:20:48,4,3.96391487210141,18.4199865384615,17.1720576923077,286.177479932299,9.26371644676751
7.1,1,590,24-Jun-2026 14:20:09,4.2,4.16210859481277,18.3955634615385,17.1824423076923,286.391764705379,9.27081109236198
7.1,1,590,24-Jun-2026 14:19:18,4.4,4.36030212507337,18.3364,17.2133333333333,286.470144976073,9.27369151073948
7.1,1,590,24-Jun-2026 14:18:23,4.6,4.55849546286669,18.2711058823529,17.2478431372549,287.291302393183,9.30098531651138
7.1,1,590,24-Jun-2026 14:17:28,4.8,4.7566886082019,18.2039469387755,17.2814285714286,287.195602960486,9.29809746105497
7.1,1,590,24-Jun-2026 14:16:31,5,4.95488156109456,18.1324367346939,17.3128571428571,287.577199821854,9.31066707157668
7.1,1,590,24-Jun-2026 14:15:33,5.2,5.15307432153456,18.0609265306122,17.3442857142857,287.062315853471,9.29418864830188
7.1,1,590,24-Jun-2026 14:14:14,5.4,5.35126688951815,18.041224,17.35206,288.046983131438,9.32637214059271
7.1,1,590,24-Jun-2026 14:12:51,5.6,5.54945926505445,18.030664,17.35566,287.488822709881,9.30831803558947
7.1,1,590,24-Jun-2026 14:11:22,5.8,5.74765144813329,18.029764,17.3615,287.117735559352,9.29632332312796
7.1,1,590,24-Jun-2026 14:09:41,6,5.94584343878305,18.046804,17.3715,286.820834757312,9.28674621183916
7.1,1,590,24-Jun-2026 14:08:00,6.2,6.14403523697422,18.063844,17.3815,285.624618308604,9.24815328086253
7.1,1,590,24-Jun-2026 14:06:29,6.4,6.3422268427159,18.110498,17.40476,287.323939005653,9.30323128537692
7.1,1,590,24-Jun-2026 14:05:00,6.6,6.54041825601071,18.162378,17.43036,291.222823512529,9.42966899873082
7.1,1,590,24-Jun-2026 14:03:51,6.8,6.73860947686767,18.0563470588235,17.4723921568627,295.18357610985,9.55898139982351
7.1,1,590,24-Jun-2026 14:03:19,7,6.9368005052894,17.6570529411765,17.5449411764706,300.824267822243,9.74318684636433
7.1,1,590,24-Jun-2026 14:02:46,7.2,7.13499134126563,17.2577588235294,17.6174901960784,304.613804262392,9.8674056256216
7.1,1,590,24-Jun-2026 14:01:56,7.4,7.33318198479894,17.0213666666667,17.6432592592593,305.568014766972,9.89851951733791
7.1,1,590,24-Jun-2026 14:01:02,7.6,7.53137243590475,16.8257,17.6573333333333,305.809706360432,9.90665197342573
7.1,1,590,24-Jun-2026 14:00:07,7.8,7.72956269455991,16.634916,17.67344,307.568496628548,9.96445596934082
7.1,1,590,24-Jun-2026 13:58:58,8,7.92775276078624,16.488076,17.70784,305.993327039341,9.91374433283475
7.1,1,590,24-Jun-2026 13:57:49,8.2,8.12594263457341,16.341236,17.74224,305.330093613173,9.8923582250262
7.1,1,590,24-Jun-2026 13:56:49,8.4,8.32413231593036,15.996247826087,17.962347826087,297.976284089731,9.65717437222225
7.1,1,590,24-Jun-2026 13:55:56,8.6,8.52232180485317,15.5191608695652,18.3062608695652,292.654196982228,9.48967037512523
7.1,1,590,24-Jun-2026 13:54:58,8.8,8.72051110134433,15.1257265306122,18.5970816326531,293.260265428787,9.51095487094048
7.1,1,590,24-Jun-2026 13:53:48,9,8.91870020540633,14.9274816326531,18.7640204081633,292.298642679143,9.48129840608195
7.1,1,590,24-Jun-2026 13:52:38,9.2,9.11688911704803,14.7292367346939,18.9309591836735,291.758940205756,9.46439990805475
7.1,1,590,24-Jun-2026 13:48:51,9.4,9.31507783625265,14.6218351851852,18.9821296296296,290.491353205111,9.42344270869683
7.1,1,590,24-Jun-2026 13:44:37,9.6,9.51326636302261,14.5304648148148,19.0128703703704,287.410889484424,9.32374583883742
7.1,1,590,24-Jun-2026 13:40:22,9.8,9.71145469738602,14.37634375,19.0855,285.068927516669,9.24845618245364
7.1,1,590,24-Jun-2026 13:36:08,10,9.9096428393132,13.8666354166667,19.3955,275.329606508462,8.93941749865784
7.1,1,590,24-Jun-2026 13:31:54,10.2,10.1078307888258,13.3569270833333,19.7055,274.706562480857,8.91972351643053
7.1,1,590,24-Jun-2026 13:29:55,10.4,10.3060185459006,13.0040714285714,19.9140204081633,271.148648289086,8.80586551548893
7.1,1,590,24-Jun-2026 13:28:41,10.6,10.5042061105719,12.7035,20.0887142857143,270.016591877492,8.76999355686164
7.1,1,590,24-Jun-2026 13:27:33,10.8,10.7023934828102,12.4366563636364,20.2512545454545,265.878166021247,8.63773645548075
7.1,1,590,24-Jun-2026 13:26:43,11,10.9005806626434,12.2485109090909,20.3854363636364,264.380163772863,8.58977422645992
7.1,1,590,24-Jun-2026 13:25:53,11.2,11.0987676500481,12.0603654545455,20.5196181818182,258.99666312486,8.41645094231164
7.1,1,590,24-Jun-2026 13:25:11,11.4,11.2969544450525,11.8202333333333,20.5921458333333,259.571749541511,8.43574010753184
7.1,1,590,24-Jun-2026 13:24:35,11.6,11.4951410476266,11.5375666666667,20.6142291666667,259.673478806535,8.43940029210712
7.1,1,590,24-Jun-2026 13:23:55,11.8,11.6933274577921,11.260976,20.63486,259.775208071559,8.4430604766824
7.1,1,590,24-Jun-2026 13:22:54,12,11.8915136755513,11.018816,20.64726,255.324414198338,8.29875920587076
7.1,1,590,24-Jun-2026 13:21:53,12.2,12.0896997008871,10.776656,20.65966,252.546173206297,8.20884758146912
7.1,1,590,24-Jun-2026 13:21:00,12.4,12.2878855338212,10.6974568627451,20.7185490196078,247.434900676711,8.04318398378856
7.1,1,590,24-Jun-2026 13:20:13,12.6,12.4860711743429,10.7060058823529,20.8024705882353,239.700507793933,7.79220799129618
7.1,1,590,24-Jun-2026 13:19:25,12.8,12.6842566224672,10.6990173913043,20.8906086956522,229.793816619107,7.47075968918019
7.1,1,590,24-Jun-2026 13:18:39,13,12.8824418781644,10.5521913043478,21.0166956521739,226.377199651862,7.36027789837542
7.1,1,590,24-Jun-2026 13:17:54,13.2,13.0806269414687,10.4053652173913,21.1427826086957,219.982654847933,7.15342259157493
7.1,1,590,24-Jun-2026 13:17:19,13.4,13.2788118123696,10.1443265306122,21.2408163265306,213.420666169715,6.94137010454996
7.1,1,590,24-Jun-2026 13:16:48,13.6,13.476996490882,9.85473469387755,21.3318367346939,210.708731576979,6.85349491845981
7.1,1,590,24-Jun-2026 13:16:19,13.8,13.675180976976,9.66658076923077,21.4087692307692,206.935174564675,6.73105590129784
7.1,1,590,24-Jun-2026 13:15:53,14,13.873365270673,9.66681153846154,21.4595384615385,203.16161755237,6.60861688413587
7.1,1,590,24-Jun-2026 13:15:28,14.2,14.0715493719624,9.66704230769231,21.5103076923077,197.959234599054,6.43970428050448
7.1,1,590,24-Jun-2026 13:14:51,14.4,14.2697332808656,9.6515375,21.5451875,194.66161702563,6.33247298708436
7.1,1,590,24-Jun-2026 13:14:11,14.6,14.4679169973654,9.6307875,21.5747708333333,187.669390643436,6.10517969325058
7.1,1,590,24-Jun-2026 13:13:34,14.8,14.6661005214704,9.58924166666667,21.6131041666667,176.982555452474,5.75782439900314
7.1,1,590,24-Jun-2026 13:13:03,15,14.8642838531762,9.509075,21.6676875,170.734701926749,5.55498106336735
7.1,1,590,24-Jun-2026 13:12:33,15.2,15.0624669925042,9.42890833333333,21.7222708333333,168.112304953216,5.46986321224439
7.1,1,590,24-Jun-2026 13:12:15,15.4,15.2606499394308,9.29299074074074,21.7482222222222,165.27842805497,5.37783452601763
7.1,1,590,24-Jun-2026 13:11:58,15.6,15.4588326939646,9.15413888888889,21.7726666666667,162.233071232012,5.27889500468707
7.1,1,590,24-Jun-2026 13:11:40,15.8,15.6570152561075,9.02009782608696,21.8080652173913,159.588572502235,5.19314252768587
7.1,1,590,24-Jun-2026 13:11:20,16,15.8551976258679,8.90048913043478,21.8763260869565,154.591464584933,5.03092289645616
7.1,1,590,24-Jun-2026 13:11:00,16.2,16.0533798032288,8.78088043478261,21.9445869565217,151.245270045847,4.92216498216147
7.1,1,590,24-Jun-2026 13:10:49,16.4,16.2515617882178,8.78988076923077,21.9688269230769,147.899075506761,4.81340706786679
7.1,1,590,24-Jun-2026 13:10:40,16.6,16.449743580824,8.80565,21.99075,145.038489990138,4.72039405506678
7.1,1,590,24-Jun-2026 13:10:30,16.8,16.6479251810302,8.8113375,22.01725,142.177904473514,4.62738104226677
7.1,1,590,24-Jun-2026 13:10:21,17,16.8461065888576,8.79830178571429,22.05225,139.31731895689,4.53436802946675
7.1,1,590,24-Jun-2026 13:10:12,17.2,17.0442878043082,8.78526607142857,22.08725,135.801513256655,4.4200427324744
7.1,1,590,24-Jun-2026 13:09:59,17.4,17.2424688273839,8.76277777777778,22.1115555555556,131.630487372807,4.2844051512897
7.1,1,590,24-Jun-2026 13:09:43,17.6,17.4406496580803,8.73255555555555,22.1271111111111,126.898928238734,4.13051655197954
7.1,1,590,24-Jun-2026 13:09:27,17.8,17.6388302963929,8.68543043478261,22.1417826086957,123.762976963478,4.02853776011147
7.1,1,590,24-Jun-2026 13:09:13,18,17.8370107423236,8.5988652173913,22.1543913043478,122.783166797262,3.99671979381097
7.1,1,590,24-Jun-2026 13:08:59,18.2,18.0351909958807,8.5123,22.167,121.657162283269,3.96017027348561
7.1,1,590,24-Jun-2026 13:08:49,18.4,18.233371057079,8.46253076923077,22.2035384615385,120.3849634215,3.91888919913542
7.1,1,590,24-Jun-2026 13:08:38,18.6,18.4315509258946,8.41276153846154,22.2400769230769,118.933113765879,3.87171770425868
7.1,1,590,24-Jun-2026 13:08:26,18.8,18.6297306023295,8.37665384615384,22.2643076923077,117.301613316406,3.81865578885539
7.1,1,590,24-Jun-2026 13:08:14,19,18.8279100863983,8.36103846153846,22.2700769230769,115.670112866933,3.7655938734521
7.1,1,590,24-Jun-2026 13:08:01,19.2,19.0260893781028,8.34542307692308,22.2758461538462,112.227459218264,3.65357098989917
7.1,1,590,24-Jun-2026 13:07:44,19.4,19.2242684774385,8.30350816326531,22.2897346938776,108.490030825658,3.53196557791347
7.1,1,590,24-Jun-2026 13:07:25,19.6,19.4224473844073,8.25501836734694,22.3056530612245,104.909160966532,3.41545818123387
7.1,1,590,24-Jun-2026 13:07:09,19.8,19.6206260990044,8.21407692307692,22.3188269230769,101.779624384823,3.31363132829313
7.1,1,590,24-Jun-2026 13:06:57,20,19.8188046212381,8.18715384615385,22.3269038461538,99.8614861790196,3.251218907622
7.1,1,590,24-Jun-2026 13:06:45,20.2,20.0169829511102,8.16023076923077,22.3349807692308,97.9433479732161,3.18880648695087
7.1,1,590,24-Jun-2026 13:06:33,20.4,20.2151610886225,8.11492857142857,22.3495510204082,96.5766637291324,3.14435437837675
7.1,1,590,24-Jun-2026 13:06:22,20.6,20.4133390337573,8.0635,22.3662857142857,95.7614334467686,3.11786258189964
7.1,1,590,24-Jun-2026 13:06:08,20.8,20.6115167865487,8.0128,22.3835,94.9462031644048,3.09137078542253
7.1,1,590,24-Jun-2026 13:05:50,21,20.8096943469727,7.9638,22.4018333333333,93.6776051428258,3.05014185171739
7.1,1,590,24-Jun-2026 13:05:31,21.2,21.0078717150565,7.9148,22.4201666666667,92.4302463368341,3.00957288468306
7.1,1,590,24-Jun-2026 13:05:17,21.4,21.2060488907571,7.89059411764706,22.4301176470588,91.1784090012804,2.96884899806672
7.1,1,590,24-Jun-2026 13:05:03,21.6,21.4042258741211,7.8691431372549,22.439137254902,89.9220931361646,2.92797019186838
7.1,1,590,24-Jun-2026 13:04:49,21.8,21.6024026651244,7.85199814814815,22.4470740740741,88.699239713475,2.88817528434632
7.1,1,590,24-Jun-2026 13:04:32,22,21.8005792637751,7.84285,22.453,87.5098487332117,2.84946427550054
7.1,1,590,24-Jun-2026 13:04:15,22.2,21.9987556700749,7.83370185185185,22.4589259259259,86.1833926263105,2.80629643107401
7.1,1,590,24-Jun-2026 13:03:53,22.4,22.1969318840255,7.81519791666667,22.4637083333333,84.7198713927715,2.75867175106674
7.1,1,590,24-Jun-2026 13:03:28,22.6,22.3951079056284,7.79165625,22.467875,83.2452286947281,2.7106712769684
7.1,1,590,24-Jun-2026 13:03:04,22.8,22.5932837348725,7.76009782608696,22.476652173913,82.7894161811339,2.69588382459545
7.1,1,590,24-Jun-2026 13:02:48,23,22.7914593717851,7.70448913043478,22.4992608695652,82.4336005242832,2.68435095776946
7.1,1,590,24-Jun-2026 13:02:32,23.2,22.9896348163356,7.64888043478261,22.5218695652174,82.177781724176,2.67607267649045
7.1,1,590,24-Jun-2026 13:01:59,23.4,23.1878100685513,7.61967924528302,22.532320754717,79.6654409389615,2.59430003943396
7.1,1,590,24-Jun-2026 13:01:25,23.6,23.3859851284273,7.5918679245283,22.5421320754717,77.0443266211824,2.50898365840851
7.1,1,590,24-Jun-2026 13:00:55,23.8,23.584159995946,7.55362692307692,22.5562692307692,74.3144387708386,2.42012353341408
7.1,1,590,24-Jun-2026 13:00:35,24,23.7823346711345,7.49105,22.5805,72.242153418157,2.35267974861602
7.1,1,590,24-Jun-2026 13:00:15,24.2,23.9805091539817,7.42847307692308,22.6047307692308,70.1698680654754,2.28523596381795
7.1,1,590,24-Jun-2026 12:59:54,24.4,24.1786834444953,7.38525833333333,22.6204583333333,66.0478880468831,2.15104119496333
7.1,1,590,24-Jun-2026 12:59:33,24.6,24.3768575426577,7.35034166666667,22.6325416666667,60.1542656116841,1.95915996094603
7.1,1,590,24-Jun-2026 12:59:15,24.8,24.575031448496,7.29934150943396,22.6509622641509,57.1519064697201,1.86142514012014
7.1,1,590,24-Jun-2026 12:59:04,25,24.7732051619989,7.21081320754717,22.6841698113208,55.1791568440475,1.79722859893296
7.1,1,590,24-Jun-2026 12:58:52,25.2,24.9713786831615,7.12228490566038,22.7173773584906,54.2360167346659,1.76657033738451
7.1,1,590,24-Jun-2026 12:58:42,25.4,25.1695520119915,7.03824375,22.7509375,53.2928766252844,1.73591207583606
7.1,1,590,24-Jun-2026 12:58:32,25.6,25.3677251485033,6.95661875,22.7846875,52.9710670059911,1.7254705110681
7.1,1,590,24-Jun-2026 12:58:17,25.8,25.5658980926727,6.8909612244898,22.8114285714286,52.6492573866977,1.71502894630014
7.1,1,590,24-Jun-2026 12:57:46,26,25.7640708445075,6.87320612244898,22.8171428571429,51.6009521462701,1.68089798310357
7.1,1,590,24-Jun-2026 12:57:16,26.2,25.9622434040155,6.85545102040816,22.8228571428571,50.3276378617723,1.63942717041665
7.1,1,590,24-Jun-2026 12:56:47,26.4,26.1604157712109,6.84429183673469,22.8249795918367,48.4756258755627,1.57910219351506
7.1,1,590,24-Jun-2026 12:56:20,26.6,26.358587946063,6.83478163265306,22.8262040816327,45.2588348642206,1.47432429063439
7.1,1,590,24-Jun-2026 12:55:54,26.8,26.5567599286054,6.81384509803921,22.8326274509804,40.6772648277461,1.32509346177465
7.1,1,590,24-Jun-2026 12:55:33,27,26.7549317188137,6.77168823529412,22.8487058823529,37.5617377860673,1.22363103206385
7.1,1,590,24-Jun-2026 12:55:13,27.2,26.953103316702,6.72953137254902,22.8647843137255,36.4404210960922,1.18712106388973
7.1,1,590,24-Jun-2026 12:55:00,27.4,27.1512747222653,6.68934347826087,22.8801739130435,35.3191044061171,1.1506110957156
7.1,1,590,24-Jun-2026 12:54:50,27.6,27.3494459355306,6.64964782608696,22.8953913043478,34.4109488151561,1.12103498535772
7.1,1,590,24-Jun-2026 12:54:39,27.8,27.5476169564607,6.62447924528302,22.905641509434,33.5027932241949,1.09145887499984
7.1,1,590,24-Jun-2026 12:54:27,28,27.7457877850697,6.61383773584906,22.9109245283019,32.3638754559632,1.05436230346501
7.1,1,590,24-Jun-2026 12:54:15,28.2,27.9439584213717,6.60319622641509,22.9162075471698,30.9941955104607,1.00974527075322
7.1,1,590,24-Jun-2026 12:53:58,28.4,28.1421288653424,6.5965641509434,22.9198867924528,27.9820597181085,0.911619436042162
7.1,1,590,24-Jun-2026 12:53:40,28.6,28.3402991170151,6.59063962264151,22.9232830188679,23.8557621449387,0.777195517282513
7.1,1,590,24-Jun-2026 12:53:23,28.8,28.5384691763717,6.58246153846154,22.9273846153846,20.2577586378008,0.659982316473536
7.1,1,590,24-Jun-2026 12:53:12,29,28.7366390434135,6.56526923076923,22.9343076923077,19.001791279921,0.619067466398141
7.1,1,590,24-Jun-2026 12:53:00,29.2,28.9348087181546,6.54807692307692,22.9412307692308,17.7458239220413,0.578152616322746
7.1,1,590,24-Jun-2026 12:52:51,29.4,29.1329782005705,6.52978775510204,22.9498775510204,16.4898565641615,0.537237766247351
7.1,1,590,24-Jun-2026 12:52:42,29.6,29.3311474906881,6.51076734693878,22.9596734693878,15.7081245956142,0.511773248674553
7.1,1,590,24-Jun-2026 12:52:34,29.8,29.5293165884957,6.49278125,22.9695625,14.9263926270669,0.486308731101756
7.1,1,590,24-Jun-2026 12:52:27,30,29.7274854940009,6.48065625,22.9799791666667,14.1446606585195,0.460844213528958
7.1,1,590,24-Jun-2026 12:52:19,30.2,29.9256542072049,6.46853125,22.9903958333333,13.4120255961862,0.436979387969904
7.1,1,590,24-Jun-2026 12:52:11,30.4,30.1238227280896,6.44897115384615,23.0007884615385,12.7284874400668,0.414714254424591
7.1,1,590,24-Jun-2026 12:52:02,30.6,30.3219910566946,6.42693269230769,23.0111730769231,12.0449492839475,0.392449120879279
7.1,1,590,24-Jun-2026 12:51:53,30.8,30.5201591929825,6.40589230769231,23.0212692307692,10.8215147071524,0.352590112401635
7.1,1,590,24-Jun-2026 12:51:44,31,30.7183271369801,6.39050769230769,23.0297307692308,9.59808013035732,0.312731103923991
7.1,1,590,24-Jun-2026 12:51:35,31.2,30.9164948886756,6.37512307692308,23.0381923076923,8.86607504891986,0.288883350712173
7.1,1,590,24-Jun-2026 12:51:28,31.4,31.1146624480702,6.36249047619048,23.0472380952381,8.62549946283999,0.28104685276618
7.1,1,590,24-Jun-2026 12:51:20,31.6,31.3128298151714,6.35210952380952,23.0567619047619,8.38492387676011,0.273210354820187
7.1,1,590,24-Jun-2026 12:51:14,31.8,31.5109969899801,6.336284,23.06578,8.14434829068024,0.265373856874194
7.1,1,590,24-Jun-2026 12:51:08,32,31.7091639724911,6.313804,23.07418,7.94255185156679,0.25880057680628
7.1,1,590,24-Jun-2026 12:51:02,32.2,31.9073307627118,6.291324,23.08258,7.77953455941975,0.253490514616446
7.1,1,590,24-Jun-2026 12:50:56,32.4,32.1054973606432,6.28056181818182,23.0881818181818,7.6165172672727,0.248180452426612
7.1,1,590,24-Jun-2026 12:50:50,32.6,32.3036637662799,6.27041636363636,23.0936363636364,7.45349997512567,0.242870390236778
7.1,1,590,24-Jun-2026 12:50:44,32.8,32.5018299796357,6.26120196078431,23.0983137254902,7.35505011324724,0.239663559787802
7.1,1,590,24-Jun-2026 12:50:38,33,32.6999960006987,6.25571176470588,23.0998823529412,7.32116768163744,0.238559961079684
7.1,1,590,24-Jun-2026 12:50:33,33.2,32.8981618294765,6.25022156862745,23.1014509803922,7.28728525002763,0.237456362371566
7.1,1,590,24-Jun-2026 12:50:27,33.4,33.0963274659635,6.24710196078431,23.1027647058824,7.25340281841782,0.236352763663448
7.1,1,590,24-Jun-2026 12:50:21,33.6,33.2944929101735,6.24525882352941,23.1039411764706,7.21952038680801,0.235249164955329
7.1,1,590,24-Jun-2026 12:50:15,33.8,33.4926581620946,6.24355510204082,23.1051224489796,7.1916754876279,0.234342275952314
7.1,1,590,24-Jun-2026 12:50:06,34,33.6908232217405,6.24310612244898,23.1063469387755,7.1638305884478,0.233435386949299
7.1,1,590,24-Jun-2026 12:49:58,34.2,33.8889880890993,6.24265714285714,23.1075714285714,7.13598568926769,0.232528497946284
7.1,1,590,24-Jun-2026 12:49:47,34.4,34.0871527641849,6.242656,23.10826,7.11834336171854,0.231953893236028
7.1,1,590,24-Jun-2026 12:49:36,34.6,34.2853172469787,6.242896,23.10866,7.10070103416938,0.231379288525772
7.1,1,590,24-Jun-2026 12:47:46,34.8,34.4834815375073,6.24311836734694,23.1090612244898,7.08454049444815,0.230852940747416
7.1,1,590,24-Jun-2026 12:36:38,35,34.6816456357653,6.24324081632653,23.1094693877551,7.06986174255485,0.230374849900961
7.1,1,590,24-Jun-2026 12:25:29,35.2,34.8798095417341,6.24336326530612,23.1098775510204,7.09974451019412,0.231349153675413
7.1,1,700,24-Jun-2026 14:35:06,-0.2,-0.198197764590512,21.5213,7.755,230.226792822104,7.38724958025023
7.1,1,700,24-Jun-2026 14:35:16,-0.2,-0.198197764590512,21.5284,7.766,230.073927393387,7.38232267883031
7.1,1,700,24-Jun-2026 14:35:26,-0.03,-0.0297296524169667,21.5317,7.789,229.676390800032,7.36950964906256
7.1,1,700,24-Jun-2026 14:35:36,-0.03,-0.0297296524169667,21.5428,7.798,229.376549718808,7.35985697043498
7.1,1,700,24-Jun-2026 14:35:56,-0.03,-0.0297296524169667,21.5596,7.811,NaN,NaN
7.1,1,700,24-Jun-2026 14:34:06,-0.02,-0.0198197677926338,21.4416,0.119,NaN,NaN
7.1,1,700,24-Jun-2026 14:34:16,-0.02,-0.0198197677926338,21.4473,7.839,232.747651366793,7.45857656139598
7.1,1,700,24-Jun-2026 14:34:26,-0.02,-0.0198197677926338,21.4712,7.901,230.161968378205,7.38602452306526
7.1,1,700,24-Jun-2026 14:34:36,-0.02,-0.0198197677926338,21.4878,7.76,230.306768591512,7.39023792187391
7.1,1,700,24-Jun-2026 14:34:46,-0.01,-0.00990988365791544,21.5005,7.733,230.014787250835,7.38050510188848
7.1,1,700,24-Jun-2026 14:34:56,-0.01,-0.00990988365791544,21.5147,7.742,230.070624889173,7.38224363263002
7.1,1,700,24-Jun-2026 14:35:46,0,0,21.5498,7.805,229.286695188548,7.35692454431404
7.2,2,190,24-Jun-2026 15:05:51,0,0,22.1088105263158,1.08789473684211,232.216706889102,7.40160755310798
7.2,2,190,24-Jun-2026 15:10:25,0.2,0.198197572111246,21.4072090909091,7.47245454545455,268.519611552457,8.62374236773523
7.2,2,190,24-Jun-2026 15:14:00,0.4,0.396394951726965,19.9791181818182,7.62063636363636,298.057614501422,9.57674966864446
7.2,2,190,24-Jun-2026 15:16:43,0.6,0.594592138875855,19.45034,7.6686,300.995418003036,9.67210235533164
7.2,2,190,24-Jun-2026 15:17:32,0.8,0.792789133541626,19.2579,7.69163636363636,302.454206424281,9.71949025119055
7.2,2,190,24-Jun-2026 15:19:04,1,0.990985935733677,19.1731068965517,8.88531034482759,292.136338730333,9.42989848610092
7.2,2,190,24-Jun-2026 15:19:45,1.2,1.18918254545497,19.1959344827586,13.6825517241379,290.003403612079,9.36884544389688
7.2,2,190,24-Jun-2026 15:20:17,1.4,1.38737896269561,19.2164407407407,15.1646666666667,289.700316078504,9.363970683426
7.2,2,190,24-Jun-2026 15:20:47,1.6,1.5855751874521,19.2363666666667,15.818,288.26514386464,9.32275241664096
7.2,2,190,24-Jun-2026 15:21:16,1.8,1.78377121974665,19.2473681818182,16.4097272727273,288.443029986821,9.33041492233224
7.2,2,190,24-Jun-2026 15:21:42,2,1.98196705956931,19.17805,16.447,288.36516012067,9.32883790543823
7.2,2,190,24-Jun-2026 15:22:07,2.2,2.18016270692298,19.1087318181818,16.4842727272727,288.435199121838,9.33151937538885
7.2,2,190,24-Jun-2026 15:22:26,2.4,2.37835816180413,19.0632235294118,16.5176470588235,288.374583027903,9.32983251348403
7.2,2,190,24-Jun-2026 15:22:45,2.6,2.57655342420921,19.0203607843137,16.5505882352941,288.181888531786,9.32383121811825
7.2,2,190,24-Jun-2026 15:23:00,2.8,2.77474849416678,18.984775,16.5765,288.018052148932,9.3186804468657
7.2,2,190,24-Jun-2026 15:23:10,3,2.97294337163472,18.9627035714286,16.5893571428571,287.951553478006,9.31661352843294
7.2,2,190,24-Jun-2026 15:23:19,3.2,3.17113805665441,18.9406321428571,16.6022142857143,288.027698935809,9.31919718350231
7.2,2,190,24-Jun-2026 15:23:28,3.4,3.36933254921582,18.9212714285714,16.613387755102,288.304892927849,9.32833254123274
7.2,2,190,24-Jun-2026 15:23:35,3.6,3.56752684929608,18.9041285714286,16.6231836734694,289.103746016702,9.35434434245662
7.2,2,190,24-Jun-2026 15:23:42,3.8,3.76572095693653,18.8874347826087,16.6330434782609,289.419820223787,9.36463926713026
7.2,2,190,24-Jun-2026 15:23:49,4,3.96391487210141,18.8747826086957,16.6434782608696,289.589848992728,9.37023290998011
7.2,2,190,24-Jun-2026 15:23:56,4.2,4.16210859481277,18.8621304347826,16.6539130434783,290.092151669693,9.38660996594898
7.2,2,190,24-Jun-2026 15:24:03,4.4,4.36030212507337,18.8461098039216,16.6647843137255,290.758138226944,9.40835256034583
7.2,2,190,24-Jun-2026 15:24:10,4.6,4.55849546286669,18.8292470588235,16.6757647058824,291.167879320278,9.42175084188761
7.2,2,190,24-Jun-2026 15:24:16,4.8,4.7566886082019,18.8079367346939,16.6869591836735,291.472193212663,9.43177826832226
7.2,2,190,24-Jun-2026 15:24:24,5,4.95488156109456,18.7732836734694,16.6987959183673,291.633539158339,9.43717186441723
7.2,2,190,24-Jun-2026 15:24:31,5.2,5.15307432153456,18.7386306122449,16.7106326530612,291.886484380463,9.44560791405966
7.2,2,190,24-Jun-2026 15:24:42,5.4,5.35126688951815,18.4932407407407,16.8072222222222,291.759952488381,9.44212417599964
7.2,2,190,24-Jun-2026 15:24:53,5.6,5.54945926505445,18.1951666666667,16.925,293.459440801394,9.49765908673428
7.2,2,190,24-Jun-2026 15:25:12,5.8,5.74765144813329,17.9113304347826,17.0401739130435,295.249334169174,9.55713479044621
7.2,2,190,24-Jun-2026 15:26:37,6,5.94584343878305,17.7556347826087,17.1319130434783,301.149749896322,9.74959564670338
7.2,2,190,24-Jun-2026 15:28:02,6.2,6.14403523697422,17.5999391304348,17.223652173913,303.331966364846,9.82157259558289
7.2,2,190,24-Jun-2026 15:29:47,6.4,6.3422268427159,17.6504,17.2973846153846,301.30545753631,9.75629129994322
7.2,2,190,24-Jun-2026 15:31:37,6.6,6.54041825601071,17.7524,17.3666153846154,297.540713157569,9.63450746569655
7.2,2,190,24-Jun-2026 15:33:18,6.8,6.73860947686767,17.7961387755102,17.4394693877551,296.171355581495,9.59014153334648
7.2,2,190,24-Jun-2026 15:34:28,7,6.9368005052894,17.6068326530612,17.5268163265306,289.43900633666,9.37330135685678
7.2,2,190,24-Jun-2026 15:35:37,7.2,7.13499134126563,17.4175265306122,17.6141632653061,293.294496572105,9.49960250002701
7.2,2,190,24-Jun-2026 15:36:25,7.4,7.33318198479894,17.23410625,17.642875,293.805476194099,9.51621087972195
7.2,2,190,24-Jun-2026 15:37:05,7.6,7.53137243590475,17.0526479166667,17.6520416666667,294.886228994236,9.55139686887658
7.2,2,190,24-Jun-2026 15:37:53,7.8,7.72956269455991,16.7551690909091,17.7310545454545,300.545146749349,9.73638991269907
7.2,2,190,24-Jun-2026 15:38:55,8,7.92775276078624,16.2422236363636,17.9397818181818,303.707289776543,9.84032777840739
7.2,2,190,24-Jun-2026 15:39:57,8.2,8.12594263457341,15.7292781818182,18.1485090909091,305.577182188909,9.90174916943309
7.2,2,190,24-Jun-2026 15:40:52,8.4,8.32413231593036,15.4573909090909,18.3675454545455,305.128600516674,9.89150605388066
7.2,2,190,24-Jun-2026 15:41:42,8.6,8.52232180485317,15.3462090909091,18.5934545454545,308.002448907317,9.98847284062813
7.2,2,190,24-Jun-2026 15:42:22,8.8,8.72051110134433,15.2119307692308,18.7576153846154,305.94873187499,9.92242257178828
7.2,2,190,24-Jun-2026 15:42:46,9,8.91870020540633,15.0430076923077,18.8291538461538,304.93996873852,9.8900551814835
7.2,2,190,24-Jun-2026 15:43:11,9.2,9.11688911704803,14.8740846153846,18.9006923076923,303.621692851393,9.84845888483398
7.2,2,190,24-Jun-2026 15:43:30,9.4,9.31507783625265,14.4668725490196,19.1063725490196,302.485443689913,9.81324361400166
7.2,2,190,24-Jun-2026 15:43:48,9.6,9.51326636302261,14.0000882352941,19.3455882352941,302.622251637824,9.81999506105594
7.2,2,190,24-Jun-2026 15:44:06,9.8,9.71145469738602,13.57575,19.5677083333333,301.664969793008,9.79229798847847
7.2,2,190,24-Jun-2026 15:44:23,10,9.9096428393132,13.27875,19.7385416666667,299.514055856061,9.72394974725508
7.2,2,190,24-Jun-2026 15:44:40,10.2,10.1078307888258,12.98175,19.909375,NaN,NaN
7.2,2,190,24-Jun-2026 15:45:04,10.4,10.3060185459006,12.7341765957447,20.0254255319149,NaN,NaN
7.2,2,190,24-Jun-2026 15:45:30,10.6,10.5042061105719,12.4953255319149,20.1318085106383,NaN,NaN
7.2,2,190,24-Jun-2026 15:45:52,10.8,10.7023934828102,12.286037254902,20.236568627451,NaN,NaN
7.2,2,190,24-Jun-2026 15:46:11,11,10.9005806626434,12.1063117647059,20.3397058823529,NaN,NaN
7.2,2,190,24-Jun-2026 15:46:31,11.2,11.0987676500481,11.9265862745098,20.4428431372549,NaN,NaN
7.2,2,190,24-Jun-2026 15:47:26,11.4,11.2969544450525,11.6685944444444,20.4560925925926,NaN,NaN
7.2,2,190,24-Jun-2026 15:48:23,11.6,11.4951410476266,11.4064833333333,20.4646111111111,NaN,NaN
7.2,2,190,24-Jun-2026 15:49:20,11.8,11.6933274577921,11.2023622641509,20.4975094339623,NaN,NaN
7.2,2,190,24-Jun-2026 15:50:17,12,11.8915136755513,11.1722113207547,20.6035471698113,NaN,NaN
7.2,2,190,24-Jun-2026 15:51:14,12.2,12.0896997008871,11.1420603773585,20.7095849056604,NaN,NaN
7.2,2,190,24-Jun-2026 15:52:19,12.4,12.2878855338212,11.0996869565217,20.8138260869565,NaN,NaN
7.2,2,190,24-Jun-2026 15:53:29,12.6,12.4860711743429,11.0491652173913,20.9168695652174,NaN,NaN
7.2,2,190,24-Jun-2026 15:54:49,12.8,12.6842566224672,10.9068269230769,21.0149615384615,NaN,NaN
7.2,2,190,24-Jun-2026 15:56:35,13,12.8824418781644,10.55025,21.1015,NaN,NaN
7.2,2,190,24-Jun-2026 15:58:21,13.2,13.0806269414687,10.1936730769231,21.1880384615385,NaN,NaN
7.2,2,190,24-Jun-2026 15:59:37,13.4,13.2788118123696,10.030084,21.25264,NaN,NaN
7.2,2,190,24-Jun-2026 16:00:41,13.6,13.476996490882,9.949204,21.30784,NaN,NaN
7.2,2,190,24-Jun-2026 16:01:44,13.8,13.675180976976,9.878612,21.35856,NaN,NaN
7.2,2,190,24-Jun-2026 16:02:46,14,13.873365270673,9.849172,21.39136,NaN,NaN
7.2,2,190,24-Jun-2026 16:03:48,14.2,14.0715493719624,9.819732,21.42416,NaN,NaN
7.2,2,190,24-Jun-2026 16:04:49,14.4,14.2697332808656,9.7528137254902,21.4776470588235,NaN,NaN
7.2,2,190,24-Jun-2026 16:05:49,14.6,14.4679169973654,9.66983333333333,21.54,NaN,NaN
7.2,2,190,24-Jun-2026 16:06:50,14.8,14.6661005214704,9.57586666666667,21.6004,NaN,NaN
7.2,2,190,24-Jun-2026 16:07:58,15,14.8642838531762,9.41964444444444,21.6497333333333,NaN,NaN
7.2,2,190,24-Jun-2026 16:09:07,15.2,15.0624669925042,9.26342222222222,21.6990666666667,NaN,NaN
7.2,2,190,24-Jun-2026 16:10:06,15.4,15.2606499394308,9.190524,21.7454,NaN,NaN
7.2,2,190,24-Jun-2026 16:11:05,15.6,15.4588326939646,9.126884,21.7914,NaN,NaN
7.2,2,190,24-Jun-2026 16:11:45,15.8,15.6570152561075,9.053132,21.83036,NaN,NaN
7.2,2,190,24-Jun-2026 16:11:58,16,15.8551976258679,8.964212,21.85876,NaN,NaN
7.2,2,190,24-Jun-2026 16:12:10,16.2,16.0533798032288,8.875292,21.88716,NaN,NaN
7.2,2,190,24-Jun-2026 16:12:58,16.4,16.2515617882178,8.80890188679245,21.9243018867925,NaN,NaN
7.2,2,190,24-Jun-2026 16:13:50,16.6,16.449743580824,8.74501509433962,21.9624150943396,NaN,NaN
7.2,2,190,24-Jun-2026 16:14:40,16.8,16.6479251810302,8.70302452830189,21.9997735849057,NaN,NaN
7.2,2,190,24-Jun-2026 16:15:24,17,16.8461065888576,8.72672264150943,22.0348679245283,NaN,NaN
7.2,2,190,24-Jun-2026 16:16:08,17.2,17.0442878043082,8.75042075471698,22.0699622641509,NaN,NaN
7.2,2,190,24-Jun-2026 16:16:30,17.4,17.2424688273839,8.72308181818182,22.1028181818182,NaN,NaN
7.2,2,190,24-Jun-2026 16:16:36,17.6,17.4406496580803,8.66171818181818,22.1341818181818,NaN,NaN
7.2,2,190,24-Jun-2026 16:16:44,17.8,17.6388302963929,8.59559230769231,22.1666923076923,NaN,NaN
7.2,2,190,24-Jun-2026 16:16:51,18,17.8370107423236,8.52232307692308,22.2009230769231,NaN,NaN
7.2,2,190,24-Jun-2026 16:16:59,18.2,18.0351909958807,8.44905384615385,22.2351538461538,NaN,NaN
7.2,2,190,24-Jun-2026 16:17:09,18.4,18.233371057079,8.38912941176471,22.2589411764706,NaN,NaN
7.2,2,190,24-Jun-2026 16:17:20,18.6,18.4315509258946,8.33254117647059,22.2801176470588,NaN,NaN
7.2,2,190,24-Jun-2026 16:17:33,18.8,18.6297306023295,8.27710980392157,22.3002156862745,NaN,NaN
7.2,2,190,24-Jun-2026 16:17:51,19,18.8279100863983,8.22514901960784,22.3170784313725,NaN,NaN
7.2,2,190,24-Jun-2026 16:18:08,19.2,19.0260893781028,8.17318823529412,22.3339411764706,NaN,NaN
7.2,2,190,24-Jun-2026 16:18:29,19.4,19.2242684774385,8.096784,22.36056,NaN,NaN
7.2,2,190,24-Jun-2026 16:18:52,19.6,19.4224473844073,8.009904,22.39136,NaN,NaN
7.2,2,190,24-Jun-2026 16:19:14,19.8,19.6206260990044,7.93086274509804,22.4189019607843,NaN,NaN
7.2,2,190,24-Jun-2026 16:19:39,20,19.8188046212381,7.88317647058824,22.4334117647059,NaN,NaN
7.2,2,190,24-Jun-2026 16:20:04,20.2,20.0169829511102,7.83549019607843,22.4479215686275,NaN,NaN
7.2,2,190,24-Jun-2026 16:20:34,20.4,20.2151610886225,7.80067647058824,22.4596274509804,NaN,NaN
7.2,2,190,24-Jun-2026 16:21:08,20.6,20.4133390337573,7.77279411764706,22.4698235294118,NaN,NaN
7.2,2,190,24-Jun-2026 16:21:45,20.8,20.6115167865487,7.746,22.4796956521739,NaN,NaN
7.2,2,190,24-Jun-2026 16:23:05,21,20.8096943469727,7.729,22.486652173913,NaN,NaN
7.2,2,190,24-Jun-2026 16:24:25,21.2,21.0078717150565,7.712,22.4936086956522,NaN,NaN
7.2,2,190,24-Jun-2026 16:25:11,21.4,21.2060488907571,7.69315384615385,22.5045384615385,NaN,NaN
7.2,2,190,24-Jun-2026 16:25:49,21.6,21.4042258741211,7.67384615384615,22.5164615384615,NaN,NaN
7.2,2,190,24-Jun-2026 16:26:21,21.8,21.6024026651244,7.6551137254902,22.5272549019608,NaN,NaN
7.2,2,190,24-Jun-2026 16:26:26,22,21.8005792637751,7.63868235294118,22.5335294117647,NaN,NaN
7.2,2,190,24-Jun-2026 16:26:32,22.2,21.9987556700749,7.62225098039216,22.5398039215686,NaN,NaN
7.2,2,190,24-Jun-2026 16:26:37,22.4,22.1969318840255,7.60389,22.54668,NaN,NaN
7.2,2,190,24-Jun-2026 16:26:43,22.6,22.3951079056284,7.58449,22.55388,NaN,NaN
7.2,2,190,24-Jun-2026 16:26:48,22.8,22.5932837348725,7.56557115384615,22.5608653846154,NaN,NaN
7.2,2,190,24-Jun-2026 16:26:55,23,22.7914593717851,7.54937884615385,22.5666346153846,NaN,NaN
7.2,2,190,24-Jun-2026 16:27:02,23.2,22.9896348163356,7.53318653846154,22.5724038461538,NaN,NaN
7.2,2,190,24-Jun-2026 16:27:10,23.4,23.1878100685513,7.518475,22.577,NaN,NaN
7.2,2,190,24-Jun-2026 16:27:20,23.6,23.3859851284273,7.504975,22.5806363636364,NaN,NaN
7.2,2,190,24-Jun-2026 16:27:32,23.8,23.584159995946,7.48609622641509,22.5866981132075,NaN,NaN
7.2,2,190,24-Jun-2026 16:27:47,24,23.7823346711345,7.45722830188679,22.5972641509434,NaN,NaN
7.2,2,190,24-Jun-2026 16:28:03,24.2,23.9805091539817,7.42836037735849,22.6078301886792,NaN,NaN
7.2,2,190,24-Jun-2026 16:29:04,24.4,24.1786834444953,7.38918571428572,22.6232857142857,NaN,NaN
7.2,2,190,24-Jun-2026 16:30:24,24.6,24.3768575426577,7.34559387755102,22.6408367346939,NaN,NaN
7.2,2,190,24-Jun-2026 16:31:25,24.8,24.575031448496,7.30789038461538,22.6559230769231,NaN,NaN
7.2,2,190,24-Jun-2026 16:31:29,25,24.7732051619989,7.28785192307692,22.6636153846154,NaN,NaN
7.2,2,190,24-Jun-2026 16:31:33,25.2,24.9713786831615,7.26781346153846,22.6713076923077,NaN,NaN
7.2,2,190,24-Jun-2026 16:31:37,25.4,25.1695520119915,7.25386666666667,22.6758958333333,NaN,NaN
7.2,2,190,24-Jun-2026 16:31:42,25.6,25.3677251485033,7.2432,22.6788125,NaN,NaN
7.2,2,190,24-Jun-2026 16:31:47,25.8,25.5658980926727,7.22982244897959,22.6834489795918,NaN,NaN
7.2,2,190,24-Jun-2026 16:31:52,26,25.7640708445075,7.20831224489796,22.6932448979592,NaN,NaN
7.2,2,190,24-Jun-2026 16:31:57,26.2,25.9622434040155,7.18680204081633,22.7030408163265,NaN,NaN
7.2,2,190,24-Jun-2026 16:32:02,26.4,26.1604157712109,7.15323454545454,22.7175090909091,NaN,NaN
7.2,2,190,24-Jun-2026 16:32:08,26.6,26.358587946063,7.11665272727273,22.7331454545455,NaN,NaN
7.2,2,190,24-Jun-2026 16:32:14,26.8,26.5567599286054,7.07916153846154,22.7491346153846,NaN,NaN
7.2,2,190,24-Jun-2026 16:32:22,27,26.7549317188137,7.02439230769231,22.7718269230769,NaN,NaN
7.2,2,190,24-Jun-2026 16:32:31,27.2,26.953103316702,6.96962307692308,22.7945192307692,NaN,NaN
7.2,2,190,24-Jun-2026 16:32:53,27.4,27.1512747222653,6.89432391304348,22.8238260869565,NaN,NaN
7.2,2,190,24-Jun-2026 16:33:32,27.6,27.3494459355306,6.79393260869565,22.8612173913043,NaN,NaN
7.2,2,190,24-Jun-2026 16:34:12,27.8,27.5476169564607,6.69845294117647,22.8967647058824,NaN,NaN
7.2,2,190,24-Jun-2026 16:34:58,28,27.7457877850697,6.63080588235294,22.921862745098,NaN,NaN
7.2,2,190,24-Jun-2026 16:35:45,28.2,27.9439584213717,6.56315882352941,22.9469607843137,NaN,NaN
7.2,2,190,24-Jun-2026 16:36:27,28.4,28.1421288653424,6.507075,22.97125,NaN,NaN
7.2,2,190,24-Jun-2026 16:37:06,28.6,28.3402991170151,6.4587,22.995,NaN,NaN
7.2,2,190,24-Jun-2026 16:37:44,28.8,28.5384691763717,6.41470222222222,23.0171111111111,NaN,NaN
7.2,2,190,24-Jun-2026 16:38:21,29,28.7366390434135,6.38821333333333,23.0326666666667,NaN,NaN
7.2,2,190,24-Jun-2026 16:38:58,29.2,28.9348087181546,6.36172444444444,23.0482222222222,NaN,NaN
7.2,2,190,24-Jun-2026 16:39:23,29.4,29.1329782005705,6.34638301886792,23.0572452830189,NaN,NaN
7.2,2,190,24-Jun-2026 16:39:47,29.6,29.3311474906881,6.33162830188679,23.0659245283019,NaN,NaN
7.2,2,190,24-Jun-2026 16:40:11,29.8,29.5293165884957,6.31779411764706,23.0737647058824,NaN,NaN
7.2,2,190,24-Jun-2026 16:40:31,30,29.7274854940009,6.30610784313726,23.0796470588235,NaN,NaN
7.2,2,190,24-Jun-2026 16:40:51,30.2,29.9256542072049,6.29442156862745,23.0855294117647,NaN,NaN
7.2,2,190,24-Jun-2026 16:41:03,30.4,30.1238227280896,6.289,23.0881764705882,NaN,NaN
7.2,2,190,24-Jun-2026 16:41:11,30.6,30.3219910566946,6.28566666666667,23.0897450980392,NaN,NaN
7.2,2,190,24-Jun-2026 16:41:18,30.8,30.5201591929825,6.28305833333333,23.0910833333333,NaN,NaN
7.2,2,190,24-Jun-2026 16:41:23,31,30.7183271369801,6.28335,23.0915,NaN,NaN
7.2,2,190,24-Jun-2026 16:41:27,31.2,30.9164948886756,6.28364166666667,23.0919166666667,NaN,NaN
7.2,2,190,24-Jun-2026 16:41:31,31.4,31.1146624480702,6.28128431372549,23.0929411764706,NaN,NaN
7.2,2,190,24-Jun-2026 16:41:35,31.6,31.3128298151714,6.27826470588235,23.0941176470588,NaN,NaN
7.2,2,190,24-Jun-2026 16:41:38,31.8,31.5109969899801,6.274925,23.09525,NaN,NaN
7.2,2,190,24-Jun-2026 16:41:42,32,31.7091639724911,6.270625,23.09625,NaN,NaN
7.2,2,190,24-Jun-2026 16:41:46,32.2,31.9073307627118,6.266325,23.09725,NaN,NaN
7.2,2,190,24-Jun-2026 16:41:49,32.4,32.1054973606432,6.26255652173913,23.0983260869565,NaN,NaN
7.2,2,190,24-Jun-2026 16:41:53,32.6,32.3036637662799,6.26038260869565,23.0996304347826,NaN,NaN
7.2,2,190,24-Jun-2026 16:41:57,32.8,32.5018299796357,6.25820869565217,23.1009347826087,NaN,NaN
7.2,2,190,24-Jun-2026 16:42:01,33,32.6999960006987,6.25544,23.1022666666667,NaN,NaN
7.2,2,190,24-Jun-2026 16:42:05,33.2,32.8981618294765,6.25264,23.1036,NaN,NaN
7.2,2,190,24-Jun-2026 16:42:09,33.4,33.0963274659635,6.25143703703704,23.1042592592593,NaN,NaN
7.2,2,190,24-Jun-2026 16:42:13,33.6,33.2944929101735,6.25091851851852,23.1046296296296,NaN,NaN
7.2,2,190,24-Jun-2026 16:42:17,33.8,33.4926581620946,6.2504,23.105,NaN,NaN
7.2,2,190,24-Jun-2026 16:42:21,34,33.6908232217405,6.24917272727273,23.1059090909091,NaN,NaN
7.2,2,190,24-Jun-2026 16:42:25,34.2,33.8889880890993,6.24794545454545,23.1068181818182,NaN,NaN
7.2,2,190,24-Jun-2026 16:42:29,34.4,34.0871527641849,6.24663333333333,23.108,NaN,NaN
7.2,2,190,24-Jun-2026 16:42:33,34.6,34.2853172469787,6.2453,23.10925,NaN,NaN
7.2,2,190,24-Jun-2026 16:42:37,34.8,34.4834815375073,6.24458163265306,23.11,NaN,NaN
7.2,2,190,24-Jun-2026 16:42:42,35,34.6816456357653,6.24478571428571,23.11,NaN,NaN
7.2,2,190,24-Jun-2026 16:42:46,35.2,34.8798095417341,6.24498979591837,23.11,NaN,NaN
7.2,2,190,24-Jun-2026 16:42:51,35.4,35.0779732554403,6.24392452830189,23.1110754716981,NaN,NaN
7.2,2,190,24-Jun-2026 16:42:55,35.6,35.2761367768719,6.24279245283019,23.1122075471698,NaN,NaN
7.2,2,190,24-Jun-2026 16:43:00,35.8,35.4743001060232,6.24164642857143,23.1132142857143,NaN,NaN
7.2,2,190,24-Jun-2026 16:43:05,36,35.6724632429144,6.24046785714286,23.1139285714286,NaN,NaN
7.2,2,190,24-Jun-2026 16:43:10,36.2,35.8706261875333,6.23928928571429,23.1146428571429,NaN,NaN
7.2,2,190,24-Jun-2026 16:43:15,36.4,36.0687889398807,6.23767916666667,23.1158333333333,NaN,NaN
7.2,2,190,24-Jun-2026 16:43:21,36.6,36.2669514999639,6.2356375,23.1175,NaN,NaN
7.2,2,290,27-Jun-2026 08:02:08,36.83,36.4948382063843,6.2772,23.095,0.3353267995035,0.0109266041462793
7.2,2,290,27-Jun-2026 09:02:09,36.83,36.4948382063843,6.2779,23.094,0.340331746138131,0.0110896918138902
7.2,2,290,28-Jun-2026 11:02:34,36.85,36.5146544296974,6.2989,23.086,-0.34115748238235,-0.011116630828953
7.2,2,290,27-Jun-2026 07:02:07,36.86,36.5245625406533,6.3042,23.083,0.33032185286887,0.0107635164786685
7.2,2,290,27-Jun-2026 10:02:10,36.86,36.5245625406533,6.3065,23.075,0.345336692772762,0.0112527794815011
7.2,2,290,25-Jun-2026 21:01:33,36.87,36.5344706511078,6.2565,23.103,4.18249235372439,0.136289216570313
7.2,2,290,27-Jun-2026 11:02:11,36.87,36.5344706511078,6.3467,23.057,0.350341639407392,0.011415867149112
7.2,2,290,24-Jun-2026 19:01:02,36.88,36.5443787610865,6.2239,23.124,NaN,NaN
7.2,2,290,25-Jun-2026 19:01:30,36.88,36.5443787610865,6.2521,23.106,4.90007579309559,0.159672128286453
7.2,2,290,25-Jun-2026 20:01:31,36.88,36.5443787610865,6.2508,23.107,4.54133388483852,0.14798229556539
7.2,2,290,28-Jun-2026 10:02:33,36.88,36.5443787610865,6.33,23.071,-0.340694774418772,-0.0111015613556847
7.2,2,290,27-Jun-2026 22:02:22,36.89,36.554286870583,6.3242,23.075,0.207883438044927,0.00677386789989276
7.2,2,290,28-Jun-2026 12:02:35,36.89,36.554286870583,6.2991,23.086,-0.341620190345927,-0.0111317003022212
7.2,2,290,25-Jun-2026 22:01:34,36.9,36.5641949796036,6.2542,23.105,3.82375044546732,0.12459938384925
7.2,2,290,27-Jun-2026 06:02:06,36.9,36.5641949796036,6.3208,23.071,0.421315471682713,0.0137285642956032
7.2,2,290,25-Jun-2026 23:01:35,36.92,36.5840111961916,6.2495,23.108,3.46500853721024,0.112909551128186
7.2,2,290,28-Jun-2026 00:02:24,36.92,36.5840111961916,6.2924,23.089,0.0862669920432359,0.00281098893731255
7.2,2,290,28-Jun-2026 01:02:25,36.92,36.5840111961916,6.2766,23.097,0.0254587690423903,0.000829549456022442
7.2,2,290,28-Jun-2026 09:02:32,36.92,36.5840111961916,6.2949,23.088,-0.340232066455195,-0.0110864918824165
7.2,2,290,28-Jun-2026 13:02:36,36.92,36.5840111961916,6.2995,23.086,-0.342082898309505,-0.0111467697754895
7.2,2,290,24-Jun-2026 20:01:08,36.93,36.5939193037716,6.2211,23.126,4.70156349234723,0.15320615326587
7.2,2,290,26-Jun-2026 08:01:44,36.93,36.5939193037716,6.2389,23.115,0.664847614473484,0.021664470120851
7.2,2,290,26-Jun-2026 09:01:45,36.93,36.5939193037716,6.2382,23.116,0.73390915005573,0.0239148236902032
7.2,2,290,28-Jun-2026 07:02:30,36.93,36.5939193037716,6.2936,23.089,-0.33930665052804,-0.01105635293588
7.2,2,290,28-Jun-2026 23:02:48,36.93,36.5939193037716,6.3267,23.071,-0.336928537211708,-0.0109787179821299
7.2,2,290,29-Jun-2026 11:03:00,36.93,36.5939193037716,6.3733,23.05,-0.320798667989139,-0.0104529789484597
7.2,2,290,26-Jun-2026 07:01:43,36.94,36.6038274108691,6.2526,23.107,0.595786078891238,0.0194141165514987
7.2,2,290,27-Jun-2026 12:02:12,36.94,36.6038274108691,6.3048,23.08,0.355346586042023,0.0115789548167229
7.2,2,290,27-Jun-2026 23:02:23,36.94,36.6038274108691,6.3062,23.083,0.147075215044082,0.00479242841860265
7.2,2,290,28-Jun-2026 08:02:31,36.94,36.6038274108691,6.2917,23.09,-0.339769358491618,-0.0110714224091482
7.2,2,290,29-Jun-2026 00:02:49,36.94,36.6038274108691,6.3326,23.067,-0.33494666932009,-0.0109141263838995
7.2,2,290,29-Jun-2026 01:02:50,36.94,36.6038274108691,6.3426,23.063,-0.332964801428471,-0.0108495347856691
7.2,2,290,29-Jun-2026 10:02:59,36.94,36.6038274108691,6.3296,23.07,-0.32086793064324,-0.0104552478174782
7.2,2,290,25-Jun-2026 18:01:29,36.95,36.6137355174778,6.2432,23.112,4.77694919530408,0.155660076324437
7.2,2,290,26-Jun-2026 23:01:58,36.95,36.6137355174778,6.3276,23.069,1.05960495281059,0.0345273725822007
7.2,2,290,27-Jun-2026 05:02:04,36.95,36.6137355174778,6.297,23.084,0.512521386908935,0.0167005298402051
7.2,2,290,28-Jun-2026 22:02:47,36.95,36.6137355174778,6.3213,23.072,-0.338910405103326,-0.0110433095803603
7.2,2,290,26-Jun-2026 21:01:56,36.96,36.6236436236168,6.2983,23.085,1.24196614144447,0.0404696534961992
7.2,2,290,27-Jun-2026 03:02:02,36.96,36.6236436236168,6.3366,23.063,0.69488257554282,0.0226428107542036
7.2,2,290,28-Jun-2026 14:02:37,36.96,36.6236436236168,6.2984,23.087,-0.342545606273082,-0.0111618392487577
7.2,2,290,28-Jun-2026 15:02:39,36.96,36.6236436236168,6.3035,23.084,-0.343008442730957,-0.0111769129068283
7.2,2,290,24-Jun-2026 21:01:09,36.97,36.6335517292604,6.2419,23.111,4.58472097617576,0.149398638757279
7.2,2,290,25-Jun-2026 17:01:28,36.97,36.6335517292604,6.2268,23.122,4.65328674151473,0.151630563272977
7.2,2,290,26-Jun-2026 06:01:42,36.97,36.6335517292604,6.2458,23.112,0.953815179410729,0.0310807220807425
7.2,2,290,26-Jun-2026 10:01:46,36.97,36.6335517292604,6.2402,23.114,0.802970685637975,0.0261651772595555
7.2,2,290,26-Jun-2026 19:01:54,36.97,36.6335517292604,6.2884,23.09,1.42432733007836,0.0464119344101978
7.2,2,290,26-Jun-2026 20:01:55,36.97,36.6335517292604,6.2893,23.089,1.33314673576142,0.0434407939531985
7.2,2,290,26-Jun-2026 22:01:57,36.97,36.6335517292604,6.3105,23.078,1.15078554712753,0.0374985130392
7.2,2,290,27-Jun-2026 00:01:59,36.97,36.6335517292604,6.3346,23.065,0.968424358493647,0.0315562321252014
7.2,2,290,27-Jun-2026 04:02:03,36.97,36.6335517292604,6.3254,23.067,0.603701981225877,0.0196716702972044
7.2,2,290,27-Jun-2026 21:02:21,36.97,36.6335517292604,6.2966,23.088,0.268691661045773,0.00875530738118286
7.2,2,290,29-Jun-2026 12:03:01,36.97,36.6335517292604,6.4057,23.036,-0.320729405335037,-0.0104507100794413
7.2,2,290,29-Jun-2026 13:03:01,36.97,36.6335517292604,6.4165,23.032,-0.320660161915219,-0.0104484418404892
7.2,2,290,26-Jun-2026 00:01:36,36.98,36.6434598344407,6.2465,23.111,3.10626662895317,0.101219718407123
7.2,2,290,27-Jun-2026 01:02:00,36.98,36.6434598344407,6.3349,23.064,0.877243764176705,0.0285850916682022
7.2,2,290,27-Jun-2026 02:02:01,36.98,36.6434598344407,6.3207,23.069,0.786063169859762,0.0256139512112029
7.2,2,290,27-Jun-2026 13:02:13,36.98,36.6434598344407,6.2878,23.089,0.360351532676654,0.0117420424843337
7.2,2,290,27-Jun-2026 20:02:20,36.99,36.6533679391255,6.2849,23.094,0.329499884046618,0.010736746862473
7.2,2,290,29-Jun-2026 09:02:58,36.99,36.6533679391255,6.3511,23.06,-0.320937193297342,-0.0104575166864967
7.2,2,290,25-Jun-2026 07:01:19,37,36.6632760433468,6.237,23.116,3.41669654476368,0.111336551756724
7.2,2,290,26-Jun-2026 05:01:41,37,36.6632760433468,6.2373,23.116,1.3125570876678,0.0427705548018059
7.2,2,290,26-Jun-2026 11:01:47,37,36.6632760433468,6.2361,23.118,0.872032221220221,0.0284155308289078
7.2,2,290,29-Jun-2026 02:02:51,37,36.6632760433468,6.3514,23.059,-0.330982933536853,-0.0107849431874387
7.2,2,290,26-Jun-2026 12:01:48,37.01,36.6731841470726,6.2363,23.118,0.941093756802467,0.03066588439826
7.2,2,290,28-Jun-2026 02:02:26,37.01,36.6731841470726,6.2786,23.096,-0.0353494539584553,-0.00115189002526766
7.2,2,290,28-Jun-2026 16:02:40,37.01,36.6731841470726,6.3014,23.086,-0.343471150694534,-0.0111919823800966
7.2,2,290,24-Jun-2026 22:01:10,37.02,36.6830922503349,6.2525,23.104,4.46787846000429,0.145591124248688
7.2,2,290,26-Jun-2026 18:01:53,37.02,36.6830922503349,6.269,23.099,1.3554437918634,0.0441673808897501
7.2,2,290,28-Jun-2026 21:02:46,37.02,36.6830922503349,6.323,23.071,-0.340892272994945,-0.0111079011785907
7.2,2,290,29-Jun-2026 08:02:57,37.02,36.6830922503349,6.3417,23.064,-0.321006455951444,-0.0104597855555151
7.2,2,290,25-Jun-2026 08:01:20,37.03,36.6930003530951,6.2429,23.112,3.54035899855303,0.115366064808184
7.2,2,290,25-Jun-2026 16:01:27,37.03,36.6930003530951,6.2259,23.123,4.52962428772539,0.147601050221517
7.2,2,290,28-Jun-2026 04:02:27,37.03,36.6930003530951,6.3019,23.086,-0.15694901347778,-0.00511421874083835
7.2,2,290,29-Jun-2026 03:02:52,37.03,36.6930003530951,6.362,23.055,-0.329001065645234,-0.0107203515892083
7.2,2,290,29-Jun-2026 14:03:02,37.03,36.6930003530951,6.3633,23.055,-0.320590899261117,-0.0104461729714707
7.2,2,290,24-Jun-2026 23:01:11,37.04,36.7029084553854,6.2531,23.103,4.35103594383282,0.141783609740097
7.2,2,290,25-Jun-2026 06:01:18,37.04,36.7029084553854,6.2301,23.12,3.53313833063253,0.11513100817996
7.2,2,290,26-Jun-2026 01:01:37,37.04,36.7029084553854,6.2354,23.118,2.7475247206961,0.0895298856860595
7.2,2,290,26-Jun-2026 02:01:38,37.04,36.7029084553854,6.226,23.123,2.38878281243902,0.0778400529649961
7.2,2,290,26-Jun-2026 04:01:40,37.04,36.7029084553854,6.2305,23.121,1.67129899592488,0.0544603875228693
7.2,2,290,26-Jun-2026 13:01:49,37.04,36.7029084553854,6.2365,23.117,1.01015529238471,0.0329162379676123
7.2,2,290,28-Jun-2026 17:02:41,37.04,36.7029084553854,6.2968,23.088,-0.343933858658111,-0.0112070518533648
7.2,2,290,28-Jun-2026 20:02:45,37.04,36.7029084553854,6.318,23.074,-0.342874140886563,-0.0111724927768211
7.2,2,290,29-Jun-2026 04:02:53,37.04,36.7029084553854,6.3631,23.054,-0.327019197753616,-0.010655759990978
7.2,2,290,29-Jun-2026 15:03:03,37.04,36.7029084553854,6.3917,23.042,-0.320521636607016,-0.0104439041024522
7.2,2,290,25-Jun-2026 09:01:20,37.05,36.7128165571863,6.2513,23.105,3.66398711119997,0.119394458861296
7.2,2,290,25-Jun-2026 15:01:26,37.05,36.7128165571863,6.2305,23.121,4.40596183393604,0.143571537170057
7.2,2,290,27-Jun-2026 19:02:19,37.05,36.7128165571863,6.3031,23.084,0.390308107047464,0.0127181863437631
7.2,2,290,28-Jun-2026 03:02:27,37.05,36.7128165571863,6.2876,23.092,-0.0961576769593009,-0.00313332950655777
7.2,2,290,28-Jun-2026 06:02:29,37.05,36.7128165571863,6.3076,23.083,-0.278565459479471,-0.00907709770341856
7.2,2,290,29-Jun-2026 05:02:54,37.05,36.7128165571863,6.3582,23.056,-0.325037329861998,-0.0105911683927476
7.2,2,290,26-Jun-2026 03:01:39,37.06,36.7227246585234,6.2283,23.123,2.03004090418195,0.0661502202439327
7.2,2,290,26-Jun-2026 16:01:52,37.06,36.7227246585234,6.2527,23.11,1.21733989913145,0.0396672986756691
7.2,2,290,26-Jun-2026 17:01:53,37.06,36.7227246585234,6.2599,23.106,1.2864014347137,0.0419176522450214
7.2,2,290,27-Jun-2026 16:02:16,37.06,36.7227246585234,6.3328,23.068,0.375366372580546,0.0122313054871664
7.2,2,290,28-Jun-2026 05:02:28,37.06,36.7227246585234,6.302,23.086,-0.217757236478626,-0.00709565822212845
7.2,2,290,28-Jun-2026 18:02:42,37.06,36.7227246585234,6.3022,23.085,-0.344396566621689,-0.0112221213266331
7.2,2,290,29-Jun-2026 07:02:56,37.06,36.7227246585234,6.3386,23.065,-0.321075718605545,-0.0104620544245336
7.2,2,290,29-Jun-2026 16:03:04,37.06,36.7227246585234,6.3641,23.054,-0.320452373952914,-0.0104416352334338
7.2,2,290,29-Jun-2026 17:03:05,37.06,36.7227246585234,6.3296,23.07,-0.320383111298813,-0.0104393663644153
7.2,2,290,25-Jun-2026 10:01:21,37.07,36.7326327593649,6.2458,23.109,3.78764956498932,0.123423971912756
7.2,2,290,26-Jun-2026 15:01:51,37.07,36.7326327593649,6.2473,23.112,1.1482783635492,0.0374169451063168
7.2,2,290,27-Jun-2026 14:02:14,37.07,36.7326327593649,6.2893,23.088,0.365356479311284,0.0119051301519446
7.2,2,290,28-Jun-2026 19:02:43,37.07,36.7326327593649,6.3117,23.08,-0.344856559144161,-0.0112371023121796
7.2,2,290,29-Jun-2026 18:03:06,37.07,36.7326327593649,6.3357,23.067,-0.320313848644711,-0.0104370974953968
7.2,2,290,29-Jun-2026 23:03:12,37.07,36.7326327593649,6.3225,23.073,NaN,NaN
7.2,2,290,30-Jun-2026 00:03:14,37.07,36.7326327593649,6.3148,23.078,NaN,NaN
7.2,2,290,25-Jun-2026 05:01:17,37.08,36.7425408597297,6.2314,23.119,3.649980846804,0.118938522688551
7.2,2,290,29-Jun-2026 06:02:55,37.08,36.7425408597297,6.3637,23.054,-0.323055461970379,-0.0105265767945172
7.2,2,290,29-Jun-2026 19:03:07,37.08,36.7425408597297,6.3753,23.051,NaN,NaN
7.2,2,290,29-Jun-2026 20:03:09,37.08,36.7425408597297,6.4117,23.034,NaN,NaN
7.2,2,290,29-Jun-2026 21:03:10,37.08,36.7425408597297,6.368,23.051,NaN,NaN
7.2,2,290,29-Jun-2026 22:03:11,37.08,36.7425408597297,6.3946,23.041,NaN,NaN
7.2,2,290,25-Jun-2026 00:01:12,37.09,36.7524489596114,6.2595,23.099,4.23419342766135,0.137976095231506
7.2,2,290,26-Jun-2026 14:01:50,37.09,36.7524489596114,6.2407,23.116,1.07921682796696,0.0351665915369646
7.2,2,290,27-Jun-2026 18:02:18,37.09,36.7524489596114,6.3268,23.072,0.385376265849807,0.0125574808223881
7.2,2,290,27-Jun-2026 15:02:15,37.1,36.7623570590293,6.337,23.063,0.370361425945915,0.0120682178195555
7.2,2,290,25-Jun-2026 02:01:14,37.11,36.7722651579513,6.2468,23.109,4.00050839531841,0.130361066214324
7.2,2,290,25-Jun-2026 03:01:15,37.11,36.7722651579513,6.2393,23.114,3.88366587914694,0.126553551705733
7.2,2,290,25-Jun-2026 04:01:16,37.11,36.7722651579513,6.2375,23.115,3.76682336297547,0.122746037197142
7.2,2,290,25-Jun-2026 14:01:25,37.11,36.7722651579513,6.2388,23.115,4.2822993801467,0.139542024118597
7.2,2,290,27-Jun-2026 17:02:17,37.11,36.7722651579513,6.2874,23.089,0.380371319215176,0.0123943931547773
7.2,2,290,25-Jun-2026 11:01:22,37.12,36.78217325639,6.248,23.108,3.91131201877866,0.127453484964216
7.2,2,290,25-Jun-2026 12:01:23,37.12,36.78217325639,6.2519,23.105,4.03497447256801,0.131482998015676
7.2,2,290,25-Jun-2026 13:01:24,37.12,36.78217325639,6.2386,23.115,4.15863692635735,0.135512511067137
7.2,2,290,30-Jun-2026 01:03:15,37.12,36.78217325639,6.3254,23.072,NaN,NaN
7.2,2,290,25-Jun-2026 01:01:13,37.13,36.792081354352,6.2527,23.105,4.11735091148988,0.134168580722915
7.2,2,590,NaT,0,0,NaN,NaN,NaN,NaN
7.2,2,590,NaT,0.2,0.198197572111246,NaN,NaN,NaN,NaN
7.2,2,590,NaT,0.4,0.396394951726965,NaN,NaN,NaN,NaN
7.2,2,590,NaT,0.6,0.594592138875855,NaN,NaN,NaN,NaN
7.2,2,590,NaT,0.8,0.792789133541626,NaN,NaN,NaN,NaN
7.2,2,590,NaT,1,0.990985935733677,NaN,NaN,NaN,NaN
7.2,2,590,NaT,1.2,1.18918254545497,NaN,NaN,NaN,NaN
7.2,2,590,NaT,1.4,1.38737896269561,NaN,NaN,NaN,NaN
7.2,2,590,NaT,1.6,1.5855751874521,NaN,NaN,NaN,NaN
7.2,2,590,NaT,1.8,1.78377121974665,NaN,NaN,257.523740629253,8.31187739421492
7.2,2,590,30-Jun-2026 04:38:38,2,1.98196705956931,21.5049709677419,14.5243870967742,257.402031740885,8.30975419427035
7.2,2,590,30-Jun-2026 04:37:25,2.2,2.18016270692298,21.5146483870968,14.6753548387097,257.491745278712,8.3142967268472
7.2,2,590,30-Jun-2026 04:36:31,2.4,2.37835816180413,21.518548,14.78538,258.467572016945,8.34638068861737
7.2,2,590,30-Jun-2026 04:35:42,2.6,2.57655342420921,21.521428,14.88818,262.264563655546,8.4704791447124
7.2,2,590,30-Jun-2026 04:35:04,2.8,2.77474849416678,21.51735,15.0176111111111,262.878079718853,8.49115634680669
7.2,2,590,30-Jun-2026 04:34:48,3,2.97294337163472,21.50035,15.1965,263.332042487131,8.50678741168465
7.2,2,590,30-Jun-2026 04:34:31,3.2,3.17113805665441,21.48335,15.3753888888889,263.551264098017,8.51433646617947
7.2,2,590,30-Jun-2026 04:34:16,3.4,3.36933254921582,21.4465404761905,15.5367380952381,263.888095362097,8.52611212644178
7.2,2,590,30-Jun-2026 04:34:02,3.6,3.56752684929608,21.3990642857143,15.6886428571429,264.066361320443,8.53316963138394
7.2,2,590,30-Jun-2026 04:33:44,3.8,3.76572095693653,21.324152,15.78692,264.588618302107,8.55042309599814
7.2,2,590,30-Jun-2026 04:33:22,4,3.96391487210141,21.226792,15.84132,265.813857859241,8.5906422508013
7.2,2,590,30-Jun-2026 04:33:00,4.2,4.16210859481277,21.1253381818182,15.8950363636364,267.387090806755,8.64216351783064
7.2,2,590,30-Jun-2026 04:32:32,4.4,4.36030212507337,20.9461018181818,15.9357636363636,269.295837857273,8.70446977380658
7.2,2,590,30-Jun-2026 04:32:05,4.6,4.55849546286669,20.7668654545455,15.9764909090909,271.248212886008,8.76831299617148
7.2,2,590,30-Jun-2026 04:31:40,4.8,4.7566886082019,20.6027396226415,16.0193773584906,272.401519864276,8.80597114652399
7.2,2,590,30-Jun-2026 04:31:20,5,4.95488156109456,20.4738716981132,16.0673018867925,276.806770227347,8.95055493509264
7.2,2,590,30-Jun-2026 04:31:00,5.2,5.15307432153456,20.3450037735849,16.1152264150943,275.385584682741,8.90462616000822
7.2,2,590,30-Jun-2026 04:30:49,5.4,5.35126688951815,20.1507595744681,16.2564680851064,276.760856642828,8.95060014605934
7.2,2,590,30-Jun-2026 04:30:42,5.6,5.54945926505445,19.9213127659574,16.4479574468085,277.518276346683,8.9775429551501
7.2,2,590,30-Jun-2026 04:30:35,5.8,5.74765144813329,19.6404882352941,16.6672941176471,277.248971397745,8.96998798837597
7.2,2,590,30-Jun-2026 04:30:30,6,5.94584343878305,19.2397823529412,16.9516078431373,279.019575271269,9.03041148695269
7.2,2,590,30-Jun-2026 04:30:25,6.2,6.14403523697422,18.8390764705882,17.2359215686275,281.484647079666,9.11270007019704
7.2,2,590,30-Jun-2026 04:30:20,6.4,6.3422268427159,18.4254306122449,17.4622040816327,283.845838281757,9.19242798750704
7.2,2,590,30-Jun-2026 04:30:16,6.6,6.54041825601071,18.0074714285714,17.6691428571429,285.620782470639,9.25173290928433
7.2,2,590,30-Jun-2026 04:30:11,6.8,6.73860947686767,17.6907875,17.8185,285.189731901164,9.23846983343131
7.2,2,590,30-Jun-2026 04:30:06,7,6.9368005052894,17.6104125,17.8335,285.662439950308,9.25401281341535
7.2,2,590,30-Jun-2026 04:30:01,7.2,7.13499134126563,17.5300375,17.8485,286.945683351182,9.29598022842057
7.2,2,590,30-Jun-2026 04:29:56,7.4,7.33318198479894,17.4310823529412,17.862,287.24953731658,9.30604151161963
7.2,2,590,30-Jun-2026 04:29:50,7.6,7.53137243590475,17.330062745098,17.8753333333333,287.787945993774,9.32376374028753
7.2,2,590,30-Jun-2026 04:29:44,7.8,7.72956269455991,17.1721375,17.897625,288.139114694254,9.33554879884121
7.2,2,590,30-Jun-2026 04:29:35,8,7.92775276078624,16.9085303571429,17.9365535714286,288.32589198156,9.34218433232797
7.2,2,590,30-Jun-2026 04:29:27,8.2,8.12594263457341,16.6449232142857,17.9754821428571,289.953869774504,9.39609505188421
7.2,2,590,30-Jun-2026 04:29:17,8.4,8.32413231593036,16.138475,18.065,289.96760618372,9.39859462914625
7.2,2,590,30-Jun-2026 04:29:04,8.6,8.52232180485317,15.4333386363636,18.1959090909091,293.603494225517,9.51919038867269
7.2,2,590,30-Jun-2026 04:28:52,8.8,8.72051110134433,14.9027857142857,18.3055714285714,293.349298302967,9.5119558445995
7.2,2,590,30-Jun-2026 04:28:40,9,8.91870020540633,14.6964591836735,18.3757755102041,293.133828989002,9.50544403012496
7.2,2,590,30-Jun-2026 04:28:28,9.2,9.11688911704803,14.4901326530612,18.4459795918367,292.076159331003,9.47212017291551
7.2,2,590,30-Jun-2026 04:28:14,9.4,9.31507783625265,14.3541163265306,18.5176530612245,291.862492398653,9.46551267002676
7.2,2,590,30-Jun-2026 04:28:01,9.6,9.51326636302261,14.225912244898,18.5894897959184,291.52476251175,9.45542213989077
7.2,2,590,30-Jun-2026 04:27:45,9.8,9.71145469738602,14.1370433962264,18.6532830188679,291.479811071304,9.45435109304082
7.2,2,590,30-Jun-2026 04:27:25,10,9.9096428393132,14.0962509433962,18.7072452830189,290.399581701405,9.4197632159744
7.2,2,590,30-Jun-2026 04:27:05,10.2,10.1078307888258,14.055458490566,18.7612075471698,289.590411785108,9.39402932529989
7.2,2,590,30-Jun-2026 04:26:47,10.4,10.3060185459006,14.0473,18.78928,288.669489833081,9.3642974996385
7.2,2,590,30-Jun-2026 04:26:30,10.6,10.5042061105719,14.0473,18.81088,287.638240355189,9.33100828884409
7.2,2,590,30-Jun-2026 04:26:14,10.8,10.7023934828102,14.0378961538462,18.8248461538462,286.496663351433,9.29416169291666
7.2,2,590,30-Jun-2026 04:26:01,11,10.9005806626434,14.00655,18.821,285.295090265955,9.2552049736255
7.2,2,590,30-Jun-2026 04:25:47,11.2,11.0987676500481,13.9752038461538,18.8171538461538,284.093517180477,9.21624825433434
7.2,2,590,30-Jun-2026 04:25:35,11.4,11.2969544450525,13.97385,18.8163181818182,282.223883677458,9.15561958106101
7.2,2,590,30-Jun-2026 04:25:23,11.6,11.4951410476266,13.98535,18.8167727272727,280.354250174438,9.09499090778767
7.2,2,590,30-Jun-2026 04:25:12,11.8,11.6933274577921,13.9920166666667,18.823875,277.009642181712,8.98666926596039
7.2,2,590,30-Jun-2026 04:25:03,12,11.8915136755513,13.99385,18.837625,273.665034188986,8.87834762413311
7.2,2,590,30-Jun-2026 04:24:54,12.2,12.0896997008871,13.9822666666667,18.861037037037,271.239068616684,8.80015676705666
7.2,2,590,30-Jun-2026 04:24:48,12.4,12.2878855338212,13.8499333333333,18.9714074074074,269.731745464806,8.75209669473103
7.2,2,590,30-Jun-2026 04:24:43,12.6,12.4860711743429,13.7176,19.0817777777778,268.224422312927,8.7040366224054
7.2,2,590,30-Jun-2026 04:24:38,12.8,12.6842566224672,13.5888709677419,19.1828387096774,266.717099161049,8.65597655007977
7.2,2,590,30-Jun-2026 04:24:35,13,12.8824418781644,13.4655483870968,19.269935483871,265.20977600917,8.60791647775415
7.2,2,590,30-Jun-2026 04:24:31,13.2,13.0806269414687,13.3422258064516,19.3570322580645,263.702452857292,8.55985640542852
7.2,2,590,30-Jun-2026 04:24:28,13.4,13.2788118123696,13.18755,19.4623333333333,262.919361786852,8.53539777470743
7.2,2,590,30-Jun-2026 04:24:24,13.6,13.476996490882,12.9597166666667,19.6101111111111,262.136270716412,8.51093914398633
7.2,2,590,30-Jun-2026 04:24:21,13.8,13.675180976976,12.7652107142857,19.75275,261.353179645972,8.48648051326524
7.2,2,590,30-Jun-2026 04:24:17,14,13.873365270673,12.6040321428571,19.89025,260.570088575532,8.46202188254415
7.2,2,590,30-Jun-2026 04:24:13,14.2,14.0715493719624,12.4428535714286,20.02775,259.786997505092,8.43756325182306
7.2,2,590,30-Jun-2026 04:24:08,14.4,14.2697332808656,12.3618153846154,20.1023846153846,259.003906434652,8.41310462110197
7.2,2,590,30-Jun-2026 04:24:04,14.6,14.4679169973654,12.3151230769231,20.1500769230769,256.755981164333,8.34085091077289
7.2,2,590,30-Jun-2026 04:23:59,14.8,14.6661005214704,12.2567666666667,20.20975,254.508055894014,8.26859720044383
7.2,2,590,30-Jun-2026 04:23:49,15,14.8642838531762,12.0934333333333,20.37725,252.260130623694,8.19634349011476
7.2,2,590,30-Jun-2026 04:23:39,15.2,15.0624669925042,11.9301,20.54475,250.012205353375,8.12408977978569
7.2,2,590,30-Jun-2026 04:23:26,15.4,15.2606499394308,11.7932230769231,20.6693076923077,249.22127239502,8.09950094686516
7.2,2,590,30-Jun-2026 04:23:11,15.6,15.4588326939646,11.6676846153846,20.7754615384615,248.158869664145,8.06587286153841
7.2,2,590,30-Jun-2026 04:22:56,15.8,15.6570152561075,11.551147826087,20.875347826087,246.824997160749,8.02320552380542
7.2,2,590,30-Jun-2026 04:22:42,16,15.8551976258679,11.5156260869565,20.9188260869565,245.575043936126,7.98285961671737
7.2,2,590,30-Jun-2026 04:22:27,16.2,16.0533798032288,11.4801043478261,20.9623043478261,244.325090711504,7.94251370962931
7.2,2,590,30-Jun-2026 04:12:22,16.4,16.2515617882178,11.405608,21.02732,237.045392435349,7.7066314803869
7.2,2,590,30-Jun-2026 03:59:48,16.6,16.449743580824,11.321368,21.09772,229.765694159194,7.4707492511445
7.2,2,590,30-Jun-2026 03:47:10,16.8,16.6479251810302,11.2444352941176,21.1612352941176,225.310778069218,7.32631264191835
7.2,2,590,30-Jun-2026 03:34:21,17,16.8461065888576,11.1845529411765,21.2086862745098,215.816053604922,7.01768697318811
7.2,2,590,30-Jun-2026 03:21:32,17.2,17.0442878043082,11.1246705882353,21.256137254902,211.577931529148,6.88005070913816
7.2,2,590,30-Jun-2026 03:17:47,17.4,17.2424688273839,10.9625723404255,21.3672553191489,209.027176313165,6.79756632210461
7.2,2,590,30-Jun-2026 03:17:04,17.6,17.4406496580803,10.7664021276596,21.4995957446809,192.424682490863,6.25908752365011
7.2,2,590,30-Jun-2026 03:16:30,17.8,17.6388302963929,10.595756,21.5982,190.65912791364,6.20204020747482
7.2,2,590,30-Jun-2026 03:16:12,18,17.8370107423236,10.463396,21.6462,188.754904450421,6.14037686886249
7.2,2,590,30-Jun-2026 03:15:53,18.2,18.0351909958807,10.331036,21.6942,186.712012101208,6.07409750781313
7.2,2,590,30-Jun-2026 03:15:19,18.4,18.233371057079,10.2508072727273,21.7588909090909,162.007005972192,5.27116824816124
7.2,2,590,30-Jun-2026 03:14:43,18.6,18.4315509258946,10.1763709090909,21.8254363636364,148.575203233593,4.83436957634683
7.2,2,590,30-Jun-2026 03:14:11,18.8,18.6297306023295,10.1002,21.8935625,135.143400494994,4.39757090453239
7.2,2,590,30-Jun-2026 03:14:04,19,18.8279100863983,10.0142,21.9706458333333,128.47150829317,4.18077075546685
7.2,2,590,30-Jun-2026 03:13:56,19.2,19.0260893781028,9.9282,22.0477291666667,121.799616091347,3.96397060640132
7.2,2,590,30-Jun-2026 03:13:51,19.4,19.2242684774385,9.76473333333334,22.157,115.127723889524,3.74717045733578
7.2,2,590,30-Jun-2026 03:13:45,19.6,19.4224473844073,9.57544444444445,22.277,108.4558316877,3.53037030827024
7.2,2,590,30-Jun-2026 03:13:40,19.8,19.6206260990044,9.33949565217391,22.3835217391304,102.624239302991,3.34080230409652
7.2,2,590,30-Jun-2026 03:13:35,20,19.8188046212381,9.05688695652174,22.4765652173913,97.6329467353953,3.17846644481464
7.2,2,590,30-Jun-2026 03:13:30,20.2,20.0169829511102,8.81524827586207,22.5536896551724,92.6416541677999,3.01613058553276
7.2,2,590,30-Jun-2026 03:13:25,20.4,20.2151610886225,8.73748965517241,22.5671379310345,87.6503616002045,2.85379472625088
7.2,2,590,30-Jun-2026 03:13:20,20.6,20.4133390337573,8.65973103448276,22.5805862068966,82.6590690326092,2.691458866969
7.2,2,590,30-Jun-2026 03:13:15,20.8,20.6115167865487,8.60004716981132,22.59,77.5409981728618,2.5249058828418
7.2,2,590,30-Jun-2026 03:13:11,21,20.8096943469727,8.58253773584905,22.59,72.2961490209626,2.3541357738693
7.2,2,590,30-Jun-2026 03:13:06,21.2,21.0078717150565,8.56502830188679,22.59,67.0512998690635,2.1833656648968
7.2,2,590,30-Jun-2026 03:13:02,21.4,21.2060488907571,8.51501777777778,22.5960666666667,61.8064507171643,2.0125955559243
7.2,2,590,30-Jun-2026 03:12:57,21.6,21.4042258741211,8.44750666666667,22.6054,56.5616015652651,1.8418254469518
7.2,2,590,30-Jun-2026 03:12:53,21.8,21.6024026651244,8.38969230769231,22.6113076923077,51.316752413366,1.6710553379793
7.2,2,590,30-Jun-2026 03:12:49,22,21.8005792637751,8.34642307692308,22.6120769230769,47.5490823956302,1.5483821812144
7.2,2,590,30-Jun-2026 03:12:45,22.2,21.9987556700749,8.30315384615385,22.6128461538462,45.2585915120578,1.47380597665709
7.2,2,590,30-Jun-2026 03:12:42,22.4,22.1969318840255,8.260132,22.61588,42.9681006284853,1.39922977209978
7.2,2,590,30-Jun-2026 03:12:38,22.6,22.3951079056284,8.217172,22.61948,40.6776097449129,1.32465356754247
7.2,2,590,30-Jun-2026 03:12:34,22.8,22.5932837348725,8.17163846153846,22.6231538461538,38.3871188613405,1.25007736298517
7.2,2,590,30-Jun-2026 03:12:31,23,22.7914593717851,8.1201,22.627,36.096627977768,1.17550115842786
7.2,2,590,30-Jun-2026 03:12:28,23.2,22.9896348163356,8.06856153846154,22.6308461538462,33.8061370941956,1.10092495387055
7.2,2,590,30-Jun-2026 03:12:24,23.4,23.1878100685513,7.99667735849057,22.6322641509434,31.6733503641165,1.03147849868477
7.2,2,590,30-Jun-2026 03:12:21,23.6,23.3859851284273,7.91607358490566,22.632641509434,29.6982677875307,0.967161792870522
7.2,2,590,30-Jun-2026 03:12:17,23.8,23.584159995946,7.8376170212766,22.6336170212766,27.723185210945,0.902845087056273
7.2,2,590,30-Jun-2026 03:12:14,24,23.7823346711345,7.79995744680851,22.6459574468085,25.7481026343592,0.838528381242021
7.2,2,590,30-Jun-2026 03:12:11,24.2,23.9805091539817,7.76229787234043,22.6582978723404,23.7730200577734,0.774211675427771
7.2,2,590,30-Jun-2026 03:12:09,24.4,24.1786834444953,7.73849333333333,22.6517333333333,21.7979374811877,0.709894969613521
7.2,2,590,30-Jun-2026 03:12:06,24.6,24.3768575426577,7.72062666666667,22.6370666666667,19.8228549046018,0.645578263799269
7.2,2,590,30-Jun-2026 03:12:03,24.8,24.575031448496,7.67056181818182,22.6342363636364,17.8477723280161,0.58126155798502
7.2,2,590,30-Jun-2026 03:12:01,25,24.7732051619989,7.58114363636364,22.6458727272727,15.8726897514303,0.516944852170768
7.2,2,590,30-Jun-2026 03:11:58,25.2,24.9713786831615,7.49172545454546,22.6575090909091,15.1649367502762,0.493901356445982
7.2,2,590,30-Jun-2026 03:11:56,25.4,25.1695520119915,7.37372807017544,22.6860526315789,14.4571837491222,0.470857860721196
7.2,2,590,30-Jun-2026 03:11:53,25.6,25.3677251485033,7.24348245614035,22.7218421052632,13.7494307479681,0.447814364996409
7.2,2,590,30-Jun-2026 03:11:51,25.8,25.5658980926727,7.11323684210526,22.7576315789474,13.041677746814,0.424770869271623
7.2,2,590,30-Jun-2026 03:11:48,26,25.7640708445075,7.04200612244898,22.7789591836735,12.3339247456599,0.401727373546836
7.2,2,590,30-Jun-2026 03:11:46,26.2,25.9622434040155,6.98118979591837,22.7977346938776,11.6261717445059,0.37868387782205
7.2,2,590,30-Jun-2026 03:11:44,26.4,26.1604157712109,6.94074897959184,22.8111224489796,10.9184187433518,0.355640382097264
7.2,2,590,30-Jun-2026 03:11:41,26.6,26.358587946063,6.93087142857143,22.8164285714286,10.2106657421977,0.332596886372477
7.2,2,590,30-Jun-2026 03:11:39,26.8,26.5567599286054,6.92099387755102,22.8217346938775,9.50291274104364,0.309553390647691
7.2,2,590,30-Jun-2026 03:11:36,27,26.7549317188137,6.90663,22.82808,9.01448379430605,0.29364926590124
7.2,2,590,30-Jun-2026 03:11:34,27.2,26.953103316702,6.89203,22.83448,8.74537890198496,0.284884512133124
7.2,2,590,30-Jun-2026 03:11:31,27.4,27.1512747222653,6.872642,22.8434,8.47627400966388,0.276119758365008
7.2,2,590,30-Jun-2026 03:11:29,27.6,27.3494459355306,6.847402,22.8554,8.20716911734278,0.267355004596891
7.2,2,590,30-Jun-2026 03:11:27,27.8,27.5476169564607,6.822162,22.8674,7.9380642250217,0.258590250828776
7.2,2,590,30-Jun-2026 03:11:24,28,27.7457877850697,6.809025,22.8723181818182,7.6689593327006,0.249825497060659
7.2,2,590,30-Jun-2026 03:11:22,28.2,27.9439584213717,6.796525,22.8768636363636,7.39985444037951,0.241060743292543
7.2,2,590,30-Jun-2026 03:11:20,28.4,28.1421288653424,6.78269545454545,22.8824318181818,7.13074954805842,0.232295989524427
7.2,2,590,30-Jun-2026 03:11:18,28.6,28.3402991170151,6.76842272727273,22.8883409090909,6.86164465573733,0.223531235756311
7.2,2,590,30-Jun-2026 03:11:15,28.8,28.5384691763717,6.75676481481482,22.8928333333333,6.59253976341625,0.214766481988195
7.2,2,590,30-Jun-2026 03:11:13,29,28.7366390434135,6.7472462962963,22.8961666666667,6.32343487109515,0.206001728220079
7.2,2,590,30-Jun-2026 03:11:11,29.2,28.9348087181546,6.73772777777778,22.8995,6.05432997877406,0.197236974451963
7.2,2,590,30-Jun-2026 03:11:09,29.4,29.1329782005705,6.72672962962963,22.903462962963,5.81146079688949,0.189325445990329
7.2,2,590,30-Jun-2026 03:11:06,29.6,29.3311474906881,6.71547037037037,22.907537037037,5.56859161500491,0.181413917528694
7.2,2,590,30-Jun-2026 03:11:04,29.8,29.5293165884957,6.70368333333333,22.9117222222222,5.32572243312033,0.17350238906706
7.2,2,590,30-Jun-2026 03:11:02,30,29.7274854940009,6.68890555555556,22.916537037037,5.08285325123575,0.165590860605426
7.2,2,590,30-Jun-2026 03:11:00,30.2,29.9256542072049,6.67412777777778,22.9213518518519,4.83998406935118,0.157679332143792
7.2,2,590,30-Jun-2026 03:10:58,30.4,30.1238227280896,6.65883673469388,22.9265714285714,4.5971148874666,0.149767803682158
7.2,2,590,30-Jun-2026 03:10:56,30.6,30.3219910566946,6.64291836734694,22.9322857142857,4.35424570558202,0.141856275220523
7.2,2,590,30-Jun-2026 03:10:54,30.8,30.5201591929825,6.627,22.938,4.11137652369745,0.133944746758889
7.2,2,590,30-Jun-2026 03:10:51,31,30.7183271369801,6.61725,22.9413333333333,3.86850734181287,0.126033218297255
7.2,2,590,30-Jun-2026 03:10:49,31.2,30.9164948886756,6.6075,22.9446666666667,3.62563815992829,0.11812168983562
7.2,2,590,30-Jun-2026 03:10:47,31.4,31.1146624480702,6.59966086956522,22.9478260869565,3.38276897804372,0.110210161373986
7.2,2,590,30-Jun-2026 03:10:45,31.6,31.3128298151714,6.59309565217391,22.9508695652174,3.19223039916731,0.104002546738167
7.2,2,590,30-Jun-2026 03:10:43,31.8,31.5109969899801,6.58677826086957,22.9535217391304,3.0016918202909,0.0977949321023488
7.2,2,590,30-Jun-2026 03:10:41,32,31.7091639724911,6.58103913043478,22.9552608695652,2.81115324141449,0.0915873174665301
7.2,2,590,30-Jun-2026 03:10:39,32.2,31.9073307627118,6.5753,22.957,2.62061466253808,0.0853797028307114
7.2,2,590,30-Jun-2026 03:10:36,32.4,32.1054973606432,6.56719090909091,22.9606363636364,2.43007608366167,0.0791720881948928
7.2,2,590,30-Jun-2026 03:10:34,32.6,32.3036637662799,6.55908181818182,22.9642727272727,2.23953750478526,0.0729644735590741
7.2,2,590,30-Jun-2026 03:10:32,32.8,32.5018299796357,6.5516875,22.9677291666667,2.04899892590886,0.0667568589232556
7.2,2,590,30-Jun-2026 03:10:30,33,32.6999960006987,6.5464375,22.9706458333333,1.85846034703244,0.0605492442874368
7.2,2,590,30-Jun-2026 03:10:28,33.2,32.8981618294765,6.5411875,22.9735625,1.66792176815603,0.0543416296516181
7.2,2,590,30-Jun-2026 03:10:26,33.4,33.0963274659635,6.53990416666667,22.974,1.47738318927963,0.0481340150157995
7.2,2,590,30-Jun-2026 03:10:24,33.6,33.2944929101735,6.53932083333333,22.974,1.28684461040321,0.0419264003799808
7.2,2,590,30-Jun-2026 03:10:22,33.8,33.4926581620946,6.53787959183673,22.9743673469388,1.09630603152681,0.0357187857441623
7.2,2,590,30-Jun-2026 03:10:20,34,33.6908232217405,6.53538979591837,22.9751836734694,0.980295852310515,0.0319389932751294
7.2,2,590,30-Jun-2026 03:10:18,34.2,33.8889880890993,6.5329,22.976,0.864285673094221,0.0281592008060966
7.2,2,590,30-Jun-2026 03:10:16,34.4,34.0871527641849,6.52940980392157,22.9771764705882,0.748275493877932,0.0243794083370639
7.2,2,590,30-Jun-2026 03:10:14,34.6,34.2853172469787,6.52591960784314,22.9783529411765,0.632265314661638,0.0205996158680311
7.2,2,590,30-Jun-2026 03:10:12,34.8,34.4834815375073,6.51793275862069,22.9817931034483,0.516255135445348,0.0168198233989983
7.2,2,590,30-Jun-2026 03:10:10,35,34.6816456357653,6.50445,22.988,0.400244956229054,0.0130400309299655
7.2,2,590,30-Jun-2026 03:10:07,35.2,34.8798095417341,6.49096724137931,22.9942068965517,0.284234777012761,0.00926023846093267
7.2,2,590,30-Jun-2026 03:10:05,35.4,35.0779732554403,6.48020208333333,22.9990625,0.168224597796471,0.00548044599189996
7.2,2,590,30-Jun-2026 03:10:03,35.6,35.2761367768719,6.47166041666667,23.0028125,0.0522144185801769,0.00170065352286713
7.2,2,590,30-Jun-2026 03:10:01,35.8,35.4743001060232,6.46239574468085,23.0070212765957,-0.0637957606361127,-0.00207913894616558
7.2,2,590,30-Jun-2026 03:09:59,36,35.6724632429144,6.44903404255319,23.013829787234,-0.179805939852407,-0.00585893141519841
7.2,2,590,30-Jun-2026 03:09:57,36.2,35.8706261875333,6.43567234042553,23.0206382978723,-0.2958161190687,-0.00963872388423125
7.2,2,590,30-Jun-2026 03:09:54,36.4,36.0687889398807,6.42351636363636,23.0266545454545,-0.41182629828499,-0.013418516353264
7.2,2,590,30-Jun-2026 03:09:52,36.6,36.2669514999639,6.41166181818182,23.0324727272727,-0.387485806848693,-0.0126255367811693
7.2,2,590,30-Jun-2026 03:07:45,36.8,36.46511386779,6.39939444444444,23.0384722222222,-0.363145315412397,-0.0118325572090747
7.2,2,590,30-Jun-2026 02:26:05,37,36.6632760433468,6.37928333333333,23.0479166666667,-0.3388048239761,-0.0110395776369801
7.2,2,700,30-Jun-2026 04:51:18,-0.1,-0.0990988582359616,20.5277,6.873,NaN,NaN
7.2,2,700,30-Jun-2026 04:49:48,0.01,0.00990988317464461,20.6022,0.257,NaN,NaN
7.2,2,700,30-Jun-2026 04:49:58,0.01,0.00990988317464461,20.5459,6.988,NaN,NaN
7.2,2,700,30-Jun-2026 04:50:38,0.01,0.00990988317464461,20.366,6.955,NaN,NaN
7.2,2,700,30-Jun-2026 04:50:58,0.01,0.00990988317464461,20.4489,6.912,NaN,NaN
7.2,2,700,30-Jun-2026 04:50:48,0.02,0.0198197658724035,20.4031,6.938,NaN,NaN
7.2,2,700,30-Jun-2026 04:50:08,0.03,0.0297296480932354,20.4696,6.971,NaN,NaN
7.2,2,700,30-Jun-2026 04:51:08,0.03,0.0297296480932354,20.4978,6.888,NaN,NaN
7.2,2,700,30-Jun-2026 04:50:28,0.04,0.0396395298242458,20.3941,6.965,NaN,NaN
7.2,2,700,30-Jun-2026 04:50:18,0.05,0.0495494110653965,20.4106,7.004,NaN,NaN
7.2,2,700,30-Jun-2026 04:51:28,0.05,0.0495494110653965,20.5536,6.857,NaN,NaN
7.2,2,700,30-Jun-2026 04:51:38,0.05,0.0495494110653965,20.5918,6.848,NaN,NaN
8.2,3,190,30-Jun-2026 05:09:21,0,0,21.2175,0,260.017559539967,8.29977349051528
8.2,3,190,30-Jun-2026 05:13:46,0.2,0.198197572111246,21.4926727272727,12.7763636363636,233.397337449542,7.52686934045495
8.2,3,190,30-Jun-2026 05:16:14,0.4,0.396394951726965,21.3837727272727,14.1569090909091,257.433509162937,8.30865636843433
8.2,3,190,30-Jun-2026 05:18:11,0.6,0.594592138875855,21.4329,14.0864,257.771975135641,8.31911381713271
8.2,3,190,30-Jun-2026 05:18:26,0.8,0.792789133541626,21.4226,14.087,257.949361138386,8.32484600484616
8.2,3,190,30-Jun-2026 05:18:34,1,0.990985935733677,21.427262962963,14.087,257.993881732989,8.32621327882293
8.2,3,190,30-Jun-2026 05:18:40,1.2,1.18918254545497,21.4380777777778,14.087,258.087459997164,8.32924736501546
8.2,3,190,30-Jun-2026 05:18:45,1.4,1.38737896269561,21.4462384615385,14.0879807692308,258.191630457188,8.3326337676745
8.2,3,190,30-Jun-2026 05:18:50,1.6,1.5855751874521,21.4539307692308,14.0891346153846,258.335581422638,8.33729790927135
8.2,3,190,30-Jun-2026 05:18:56,1.8,1.78377121974665,21.4599181818182,14.0903636363636,258.368112581581,8.3383483050079
8.2,3,190,30-Jun-2026 05:19:01,2,1.98196705956931,21.4607909090909,14.0918181818182,258.76489813833,8.35119149600019
8.2,3,190,30-Jun-2026 05:19:07,2.2,2.18016270692298,21.4616636363636,14.0932727272727,258.856051112465,8.35414989442853
8.2,3,190,30-Jun-2026 05:19:26,2.4,2.37835816180413,21.4625,14.1111111111111,259.364174262467,8.37059973198207
8.2,3,190,30-Jun-2026 05:19:59,2.6,2.57655342420921,21.4633,14.1453333333333,261.63816888297,8.44419194010869
8.2,3,190,30-Jun-2026 05:20:33,2.8,2.77474849416678,21.4637235294118,14.2124705882353,263.089203516592,8.49242038136756
8.2,3,190,30-Jun-2026 05:21:12,3,2.97294337163472,21.4630176470588,14.3783529411765,263.677959135597,8.51274885836733
8.2,3,190,30-Jun-2026 05:21:51,3.2,3.17113805665441,21.4623117647059,14.5442352941176,263.888376614056,8.52043439944351
8.2,3,190,30-Jun-2026 05:22:12,3.4,3.36933254921582,21.4554843137255,14.7230196078431,264.391664623123,8.53794648601697
8.2,3,190,30-Jun-2026 05:22:25,3.6,3.56752684929608,21.4460333333333,14.9073333333333,264.760468557071,8.55106598381104
8.2,3,190,30-Jun-2026 05:22:45,3.8,3.76572095693653,21.41745,15.0995,266.706365649004,8.6147870526871
8.2,3,190,30-Jun-2026 05:23:49,4,3.96391487210141,21.28045,15.3361666666667,268.380994431918,8.66942923737105
8.2,3,190,30-Jun-2026 05:24:53,4.2,4.16210859481277,21.14345,15.5728333333333,270.607274060786,8.74260644328306
8.2,3,190,30-Jun-2026 05:28:37,4.4,4.36030212507337,20.945825,15.7660625,271.961588859338,8.78894665950265
8.2,3,190,30-Jun-2026 05:33:14,4.6,4.55849546286669,20.7279916666667,15.9448125,272.093750498996,8.79601810725676
8.2,3,190,30-Jun-2026 05:38:00,4.8,4.7566886082019,20.53712,16.07892,274.575397648838,8.87709644276221
8.2,3,190,30-Jun-2026 05:43:03,5,4.95488156109456,20.39632,16.13012,275.591229839706,8.91034657791992
8.2,3,190,30-Jun-2026 05:48:06,5.2,5.15307432153456,20.25552,16.18132,277.551560144716,8.97431989237151
8.2,3,190,30-Jun-2026 05:51:42,5.4,5.35126688951815,20.1074551020408,16.291693877551,280.783382992976,9.08027377418475
8.2,3,190,30-Jun-2026 05:55:02,5.6,5.54945926505445,19.9581081632653,16.4125102040816,282.194876518059,9.12691093927496
8.2,3,190,30-Jun-2026 05:58:27,5.8,5.74765144813329,19.7939690909091,16.5625272727273,282.329117800512,9.1325896632239
8.2,3,190,30-Jun-2026 06:01:59,6,5.94584343878305,19.6076418181818,16.7563454545455,280.923979721399,9.08913345465353
8.2,3,190,30-Jun-2026 06:05:30,6.2,6.14403523697422,19.4213145454545,16.9501636363636,281.709400727898,9.11493073758708
8.2,3,190,30-Jun-2026 06:07:25,6.4,6.3422268427159,19.20765,17.10625,281.708554134822,9.1158430177804
8.2,3,190,30-Jun-2026 06:08:27,6.6,6.54041825601071,18.9792653846154,17.2420192307692,279.604978756142,9.0510357059558
8.2,3,190,30-Jun-2026 06:09:30,6.8,6.73860947686767,18.752429787234,17.3757446808511,280.472635817919,9.07957135208106
8.2,3,190,30-Jun-2026 06:10:40,7,6.9368005052894,18.5550255319149,17.4706382978723,281.299663269407,9.10730773929087
8.2,3,190,30-Jun-2026 06:11:50,7.2,7.13499134126563,18.3576212765957,17.5655319148936,281.744010107774,9.12257583420791
8.2,3,190,30-Jun-2026 06:12:49,7.4,7.33318198479894,18.2046,17.6257142857143,282.23620116289,9.14023927564741
8.2,3,190,30-Jun-2026 06:13:43,7.6,7.53137243590475,18.0706,17.6710204081633,282.757395349281,9.15732079528787
8.2,3,190,30-Jun-2026 06:14:35,7.8,7.72956269455991,17.8631,17.7285106382979,282.909701750333,9.16234983427137
8.2,3,190,30-Jun-2026 06:15:20,8,7.92775276078624,17.4351,17.8225531914894,286.750449423419,9.28905210809982
8.2,3,190,30-Jun-2026 06:16:05,8.2,8.12594263457341,17.0071,17.9165957446809,288.830536003587,9.35748961686694
8.2,3,190,30-Jun-2026 06:16:33,8.4,8.32413231593036,16.57115,17.954125,293.865008824282,9.5221804029038
8.2,3,190,30-Jun-2026 06:16:59,8.6,8.52232180485317,16.1343166666667,17.985375,297.441340461778,9.63921777055078
8.2,3,190,30-Jun-2026 06:17:21,8.8,8.72051110134433,15.8126090909091,18.0419090909091,299.651742639168,9.71180418884466
8.2,3,190,30-Jun-2026 06:17:37,9,8.91870020540633,15.6060272727273,18.1237272727273,300.666074718463,9.74526455645523
8.2,3,190,30-Jun-2026 06:17:53,9.2,9.11688911704803,15.3994454545455,18.2055454545455,302.369910363444,9.80307568628817
8.2,3,190,30-Jun-2026 06:18:06,9.4,9.31507783625265,15.2308526315789,18.3170526315789,301.845388626694,9.78681071102764
8.2,3,190,30-Jun-2026 06:18:17,9.6,9.51326636302261,15.0749228070175,18.4384561403509,301.784895759982,9.78583505043027
8.2,3,190,30-Jun-2026 06:18:28,9.8,9.71145469738602,14.9189929824561,18.5598596491228,301.558258262411,9.77927484931041
8.2,3,190,30-Jun-2026 06:18:34,10,9.9096428393132,14.795776744186,18.6306046511628,302.407582418049,9.8075488711998
8.2,3,190,30-Jun-2026 06:18:39,10.2,10.1078307888258,14.6761953488372,18.6957209302326,NaN,NaN
8.2,3,190,30-Jun-2026 06:18:44,10.4,10.3060185459006,14.5996469387755,18.7346530612245,NaN,NaN
8.2,3,190,30-Jun-2026 06:18:48,10.6,10.5042061105719,14.5374428571429,18.7648571428571,NaN,NaN
8.2,3,190,30-Jun-2026 06:18:51,10.8,10.7023934828102,14.4852107142857,18.7892142857143,NaN,NaN
8.2,3,190,30-Jun-2026 06:18:55,11,10.9005806626434,14.4562464285714,18.7999285714286,NaN,NaN
8.2,3,190,30-Jun-2026 06:18:58,11.2,11.0987676500481,14.4272821428571,18.8106428571429,NaN,NaN
8.2,3,190,30-Jun-2026 06:19:01,11.4,11.2969544450525,14.3774481481482,18.8295185185185,NaN,NaN
8.2,3,190,30-Jun-2026 06:19:05,11.6,11.4951410476266,14.3067444444444,18.8565555555556,NaN,NaN
8.2,3,190,30-Jun-2026 06:19:08,11.8,11.6933274577921,14.2360407407407,18.8835925925926,NaN,NaN
8.2,3,190,30-Jun-2026 06:19:11,12,11.8915136755513,14.1803842105263,18.9062631578947,NaN,NaN
8.2,3,190,30-Jun-2026 06:19:14,12.2,12.0896997008871,14.1284894736842,18.9278421052632,NaN,NaN
8.2,3,190,30-Jun-2026 06:19:18,12.4,12.2878855338212,14.0889269230769,18.9369230769231,NaN,NaN
8.2,3,190,30-Jun-2026 06:19:23,12.6,12.4860711743429,14.0507346153846,18.9446153846154,NaN,NaN
8.2,3,190,30-Jun-2026 06:19:28,12.8,12.6842566224672,13.9902981132075,18.9649433962264,NaN,NaN
8.2,3,190,30-Jun-2026 06:19:34,13,12.8824418781644,13.877958490566,19.0147547169811,NaN,NaN
8.2,3,190,30-Jun-2026 06:19:41,13.2,13.0806269414687,13.7656188679245,19.0645660377359,NaN,NaN
8.2,3,190,30-Jun-2026 06:20:24,13.4,13.2788118123696,13.6248490196078,19.1523529411765,NaN,NaN
8.2,3,190,30-Jun-2026 06:21:26,13.6,13.476996490882,13.4687705882353,19.2605882352941,NaN,NaN
8.2,3,190,30-Jun-2026 06:22:26,13.8,13.675180976976,13.315372,19.36584,NaN,NaN
8.2,3,190,30-Jun-2026 06:23:16,14,13.873365270673,13.186092,19.44424,NaN,NaN
8.2,3,190,30-Jun-2026 06:24:05,14.2,14.0715493719624,13.056812,19.52264,NaN,NaN
8.2,3,190,30-Jun-2026 06:24:29,14.4,14.2697332808656,12.919875,19.62575,NaN,NaN
8.2,3,190,30-Jun-2026 06:24:37,14.6,14.4679169973654,12.7778333333333,19.7453333333333,NaN,NaN
8.2,3,190,30-Jun-2026 06:24:43,14.8,14.6661005214704,12.5693320754717,19.9087735849057,NaN,NaN
8.2,3,190,30-Jun-2026 06:24:48,15,14.8642838531762,12.0949924528302,20.247641509434,NaN,NaN
8.2,3,190,30-Jun-2026 06:24:53,15.2,15.0624669925042,11.6206528301887,20.5865094339623,NaN,NaN
8.2,3,190,30-Jun-2026 06:24:58,15.4,15.2606499394308,11.3736107142857,20.7808392857143,NaN,NaN
8.2,3,190,30-Jun-2026 06:25:02,15.6,15.4588326939646,11.3125392857143,20.8569107142857,NaN,NaN
8.2,3,190,30-Jun-2026 06:25:06,15.8,15.6570152561075,11.2514678571429,20.9329821428571,NaN,NaN
8.2,3,190,30-Jun-2026 06:25:09,16,15.8551976258679,11.2036565217391,20.9881956521739,NaN,NaN
8.2,3,190,30-Jun-2026 06:25:13,16.2,16.0533798032288,11.1602652173913,21.0364565217391,NaN,NaN
8.2,3,190,30-Jun-2026 06:25:16,16.4,16.2515617882178,11.1259130434783,21.0819782608696,NaN,NaN
8.2,3,190,30-Jun-2026 06:25:20,16.6,16.449743580824,11.1026086956522,21.124152173913,NaN,NaN
8.2,3,190,30-Jun-2026 06:25:23,16.8,16.6479251810302,11.0810675,21.165175,NaN,NaN
8.2,3,190,30-Jun-2026 06:25:26,17,16.8461065888576,11.0695175,21.199675,NaN,NaN
8.2,3,190,30-Jun-2026 06:25:29,17.2,17.0442878043082,11.0502982142857,21.2411607142857,NaN,NaN
8.2,3,190,30-Jun-2026 06:25:34,17.4,17.2424688273839,10.9876196428571,21.3222321428571,NaN,NaN
8.2,3,190,30-Jun-2026 06:25:38,17.6,17.4406496580803,10.9249410714286,21.4033035714286,NaN,NaN
8.2,3,190,30-Jun-2026 06:26:28,17.8,17.6388302963929,10.7984230769231,21.5023076923077,NaN,NaN
8.2,3,190,30-Jun-2026 06:28:40,18,17.8370107423236,10.5533461538462,21.6346153846154,NaN,NaN
8.2,3,190,30-Jun-2026 06:30:52,18.2,18.0351909958807,10.3082692307692,21.7669230769231,NaN,NaN
8.2,3,190,30-Jun-2026 06:33:49,18.4,18.233371057079,10.20965,21.818,NaN,NaN
8.2,3,190,30-Jun-2026 06:37:02,18.6,18.4315509258946,10.15985,21.842,NaN,NaN
8.2,3,190,30-Jun-2026 06:39:46,18.8,18.6297306023295,10.1000098039216,21.8655882352941,NaN,NaN
8.2,3,190,30-Jun-2026 06:41:06,19,18.8279100863983,10.0100490196078,21.8879411764706,NaN,NaN
8.2,3,190,30-Jun-2026 06:42:26,19.2,19.0260893781028,9.92008823529412,21.9102941176471,NaN,NaN
8.2,3,190,30-Jun-2026 06:44:24,19.4,19.2242684774385,9.7881,21.9299019607843,NaN,NaN
8.2,3,190,30-Jun-2026 06:46:40,19.6,19.4224473844073,9.6381,21.9483333333333,NaN,NaN
8.2,3,190,30-Jun-2026 06:49:02,19.8,19.6206260990044,9.50253333333333,21.9677333333333,NaN,NaN
8.2,3,190,30-Jun-2026 06:52:06,20,19.8188046212381,9.44875555555556,21.9926222222222,NaN,NaN
8.2,3,190,30-Jun-2026 06:55:10,20.2,20.0169829511102,9.39497777777778,22.0175111111111,NaN,NaN
8.2,3,190,30-Jun-2026 06:56:42,20.4,20.2151610886225,9.2619875,22.04475,NaN,NaN
8.2,3,190,30-Jun-2026 06:58:04,20.6,20.4133390337573,9.12019583333333,22.07225,NaN,NaN
8.2,3,190,30-Jun-2026 06:59:25,20.8,20.6115167865487,9.02046981132075,22.1058113207547,NaN,NaN
8.2,3,190,30-Jun-2026 07:00:43,21,20.8096943469727,8.96280943396226,22.1454339622641,NaN,NaN
8.2,3,190,30-Jun-2026 07:02:01,21.2,21.0078717150565,8.90514905660377,22.1850566037736,NaN,NaN
8.2,3,190,30-Jun-2026 07:03:52,21.4,21.2060488907571,8.83491836734694,22.2489387755102,NaN,NaN
8.2,3,190,30-Jun-2026 07:05:50,21.6,21.4042258741211,8.7624693877551,22.3171020408163,NaN,NaN
8.2,3,190,30-Jun-2026 07:07:25,21.8,21.6024026651244,8.684344,22.3796,NaN,NaN
8.2,3,190,30-Jun-2026 07:08:28,22,21.8005792637751,8.597704,22.4336,NaN,NaN
8.2,3,190,30-Jun-2026 07:09:30,22.2,21.9987556700749,8.511064,22.4876,NaN,NaN
8.2,3,190,30-Jun-2026 07:09:42,22.4,22.1969318840255,8.4883,22.502,NaN,NaN
8.2,3,190,30-Jun-2026 07:09:49,22.6,22.3951079056284,8.47263333333333,22.512,NaN,NaN
8.2,3,190,30-Jun-2026 07:09:56,22.8,22.5932837348725,8.453372,22.5196,NaN,NaN
8.2,3,190,30-Jun-2026 07:10:04,23,22.7914593717851,8.419732,22.5176,NaN,NaN
8.2,3,190,30-Jun-2026 07:10:11,23.2,22.9896348163356,8.386092,22.5156,NaN,NaN
8.2,3,190,30-Jun-2026 07:10:20,23.4,23.1878100685513,8.35356956521739,22.5095217391304,NaN,NaN
8.2,3,190,30-Jun-2026 07:10:28,23.6,23.3859851284273,8.32152608695652,22.5016956521739,NaN,NaN
8.2,3,190,30-Jun-2026 07:10:52,23.8,23.584159995946,8.27998,22.50196,NaN,NaN
8.2,3,190,30-Jun-2026 07:11:39,24,23.7823346711345,8.22418,22.51436,NaN,NaN
8.2,3,190,30-Jun-2026 07:12:26,24.2,23.9805091539817,8.16838,22.52676,NaN,NaN
8.2,3,190,30-Jun-2026 07:13:08,24.4,24.1786834444953,8.14496666666667,22.5436666666667,NaN,NaN
8.2,3,190,30-Jun-2026 07:13:49,24.6,24.3768575426577,8.12515185185185,22.5610740740741,NaN,NaN
8.2,3,190,30-Jun-2026 07:14:24,24.8,24.575031448496,8.10309622641509,22.5778679245283,NaN,NaN
8.2,3,190,30-Jun-2026 07:14:29,25,24.7732051619989,8.07207735849057,22.5922075471698,NaN,NaN
8.2,3,190,30-Jun-2026 07:14:34,25.2,24.9713786831615,8.04105849056604,22.6065471698113,NaN,NaN
8.2,3,190,30-Jun-2026 07:14:40,25.4,25.1695520119915,7.985375,22.631,NaN,NaN
8.2,3,190,30-Jun-2026 07:14:46,25.6,25.3677251485033,7.90951136363636,22.6637272727273,NaN,NaN
8.2,3,190,30-Jun-2026 07:14:53,25.8,25.5658980926727,7.83435384615385,22.6946923076923,NaN,NaN
8.2,3,190,30-Jun-2026 07:15:00,26,25.7640708445075,7.76050769230769,22.7223846153846,NaN,NaN
8.2,3,190,30-Jun-2026 07:15:08,26.2,25.9622434040155,7.68666153846154,22.7500769230769,NaN,NaN
8.2,3,190,30-Jun-2026 07:15:32,26.4,26.1604157712109,7.62427547169811,22.7555849056604,NaN,NaN
8.2,3,190,30-Jun-2026 07:16:03,26.6,26.358587946063,7.56570943396226,22.7536981132075,NaN,NaN
8.2,3,190,30-Jun-2026 07:16:35,26.8,26.5567599286054,7.49335555555556,22.7541851851852,NaN,NaN
8.2,3,190,30-Jun-2026 07:17:15,27,26.7549317188137,7.29691111111111,22.776037037037,NaN,NaN
8.2,3,190,30-Jun-2026 07:17:55,27.2,26.953103316702,7.10046666666666,22.7978888888889,NaN,NaN
8.2,3,190,30-Jun-2026 07:18:28,27.4,27.1512747222653,6.95924761904762,22.8191904761905,NaN,NaN
8.2,3,190,30-Jun-2026 07:18:53,27.6,27.3494459355306,6.90086666666667,22.8396666666667,NaN,NaN
8.2,3,190,30-Jun-2026 07:19:17,27.8,27.5476169564607,6.85057872340426,22.8575744680851,NaN,NaN
8.2,3,190,30-Jun-2026 07:19:40,28,27.7457877850697,6.81917446808511,22.8694893617021,NaN,NaN
8.2,3,190,30-Jun-2026 07:20:03,28.2,27.9439584213717,6.78777021276596,22.8814042553192,NaN,NaN
8.2,3,190,30-Jun-2026 07:20:28,28.4,28.1421288653424,6.76471538461539,22.8904038461538,NaN,NaN
8.2,3,190,30-Jun-2026 07:20:53,28.6,28.3402991170151,6.7421,22.89925,NaN,NaN
8.2,3,190,30-Jun-2026 07:21:17,28.8,28.5384691763717,6.7248641509434,22.9061886792453,NaN,NaN
8.2,3,190,30-Jun-2026 07:21:42,29,28.7366390434135,6.71761886792453,22.9095849056604,NaN,NaN
8.2,3,190,30-Jun-2026 07:22:07,29.2,28.9348087181546,6.71037358490566,22.9129811320755,NaN,NaN
8.2,3,190,30-Jun-2026 07:22:36,29.4,29.1329782005705,6.6962862745098,22.9183921568627,NaN,NaN
8.2,3,190,30-Jun-2026 07:23:07,29.6,29.3311474906881,6.67926666666667,22.9246666666667,NaN,NaN
8.2,3,190,30-Jun-2026 07:23:36,29.8,29.5293165884957,6.66196428571429,22.9309285714286,NaN,NaN
8.2,3,190,30-Jun-2026 07:23:55,30,29.7274854940009,6.64305952380952,22.937119047619,NaN,NaN
8.2,3,190,30-Jun-2026 07:24:13,30.2,29.9256542072049,6.62490204081633,22.9431020408163,NaN,NaN
8.2,3,190,30-Jun-2026 07:24:17,30.4,30.1238227280896,6.62094285714286,22.9451428571429,NaN,NaN
8.2,3,190,30-Jun-2026 07:24:22,30.6,30.3219910566946,6.61698367346939,22.9471836734694,NaN,NaN
8.2,3,190,30-Jun-2026 07:24:26,30.8,30.5201591929825,6.61377777777778,22.9484444444444,NaN,NaN
8.2,3,190,30-Jun-2026 07:24:30,31,30.7183271369801,6.61107407407407,22.9491851851852,NaN,NaN
8.2,3,190,30-Jun-2026 07:24:34,31.2,30.9164948886756,6.60837037037037,22.9499259259259,NaN,NaN
8.2,3,190,30-Jun-2026 07:24:38,31.4,31.1146624480702,6.60546428571429,22.9509642857143,NaN,NaN
8.2,3,190,30-Jun-2026 07:24:41,31.6,31.3128298151714,6.60253571428571,22.9520357142857,NaN,NaN
8.2,3,190,30-Jun-2026 07:24:45,31.8,31.5109969899801,6.59959361702128,22.9530425531915,NaN,NaN
8.2,3,190,30-Jun-2026 07:24:49,32,31.7091639724911,6.59652978723404,22.9534680851064,NaN,NaN
8.2,3,190,30-Jun-2026 07:24:53,32.2,31.9073307627118,6.59346595744681,22.9538936170213,NaN,NaN
8.2,3,190,30-Jun-2026 07:24:57,32.4,32.1054973606432,6.58685625,22.957125,NaN,NaN
8.2,3,190,30-Jun-2026 07:25:01,32.6,32.3036637662799,6.57906458333333,22.9612916666667,NaN,NaN
8.2,3,190,30-Jun-2026 07:25:05,32.8,32.5018299796357,6.571984,22.96456,NaN,NaN
8.2,3,190,30-Jun-2026 07:25:09,33,32.6999960006987,6.566224,22.96616,NaN,NaN
8.2,3,190,30-Jun-2026 07:25:13,33.2,32.8981618294765,6.560464,22.96776,NaN,NaN
8.2,3,190,30-Jun-2026 07:25:17,33.4,33.0963274659635,6.55610555555556,22.9695740740741,NaN,NaN
8.2,3,190,30-Jun-2026 07:25:22,33.6,33.2944929101735,6.55199444444444,22.9714259259259,NaN,NaN
8.2,3,190,30-Jun-2026 07:25:26,33.8,33.4926581620946,6.54774651162791,22.9733488372093,NaN,NaN
8.2,3,190,30-Jun-2026 07:25:30,34,33.6908232217405,6.54272325581395,22.9756744186047,NaN,NaN
8.2,3,190,30-Jun-2026 07:25:35,34.2,33.8889880890993,6.5377,22.978,NaN,NaN
8.2,3,190,30-Jun-2026 07:25:39,34.4,34.0871527641849,6.53271886792453,22.9798867924528,NaN,NaN
8.2,3,190,30-Jun-2026 07:25:44,34.6,34.2853172469787,6.52773773584906,22.9817735849057,NaN,NaN
8.2,3,290,03-Jul-2026 00:45:11,34.08,33.7700891917581,6.6084,22.955,3.11209233559407,0.101384746369089
8.2,3,290,03-Jul-2026 02:45:13,34.09,33.7799974358394,6.6863,22.928,5.06459601598716,0.164992327197766
8.2,3,290,02-Jul-2026 23:45:10,34.11,33.7998139225773,6.5608,22.973,2.13584049539753,0.0695809559547503
8.2,3,290,03-Jul-2026 01:45:12,34.11,33.7998139225773,6.673,22.932,4.08834417579061,0.133188536783428
8.2,3,290,03-Jul-2026 08:45:19,34.11,33.7998139225773,6.7587,22.894,10.9221070571664,0.355815069683798
8.2,3,290,03-Jul-2026 10:45:21,34.11,33.7998139225773,6.7356,22.901,11.2564014762975,0.366706200258989
8.2,3,290,03-Jul-2026 11:45:22,34.11,33.7998139225773,6.715,22.91,10.6162395717494,0.345852033013742
8.2,3,290,03-Jul-2026 07:45:18,34.12,33.8097221652338,6.6981,22.919,9.94585521696987,0.32401127926946
8.2,3,290,03-Jul-2026 09:45:20,34.12,33.8097221652338,6.809,22.871,11.8965633808456,0.387560367504236
8.2,3,290,03-Jul-2026 05:45:16,34.13,33.8196304073939,6.7163,22.912,7.99335153657678,0.260403698440782
8.2,3,290,03-Jul-2026 06:45:17,34.13,33.8196304073939,6.6642,22.931,8.96960337677333,0.292207488855121
8.2,3,290,03-Jul-2026 04:45:15,34.14,33.8295386490832,6.7945,22.879,7.01709969638024,0.228599908026444
8.2,3,290,03-Jul-2026 03:45:14,34.15,33.8394468902953,6.7528,22.896,6.0408478561837,0.196796117612105
8.2,3,290,03-Jul-2026 12:45:23,34.15,33.8394468902953,6.6945,22.918,9.97607766720127,0.324997865768495
8.2,3,290,03-Jul-2026 13:45:24,34.16,33.8493551310108,6.685,22.923,9.33591576265315,0.304143698523248
8.2,3,290,02-Jul-2026 22:45:09,34.17,33.8592633712555,6.5304,22.986,1.15958865520098,0.0377771655404117
8.2,3,290,03-Jul-2026 15:45:25,34.18,33.8691716110227,6.698,22.917,8.0557697269267,0.262441155248319
8.2,3,290,03-Jul-2026 14:45:24,34.19,33.8790798502934,6.6887,22.92,8.69593163147481,0.283295322493565
8.2,3,290,02-Jul-2026 20:45:07,34.21,33.8988963274214,6.4556,23.016,0.216662102972475,0.00705913149896926
8.2,3,290,02-Jul-2026 21:45:08,34.21,33.8988963274214,6.5253,22.989,0.18333681500444,0.00597337512607305
8.2,3,290,03-Jul-2026 17:45:27,34.22,33.9088045652595,6.6857,22.922,6.77544591783047,0.220732820757825
8.2,3,290,03-Jul-2026 16:45:26,34.23,33.9187128026201,6.6779,22.925,7.41560782237858,0.241586988003072
8.2,3,290,03-Jul-2026 18:45:28,34.23,33.9187128026201,6.6777,22.939,6.13528401328236,0.199878653512578
8.2,3,290,02-Jul-2026 19:45:06,34.26,33.9484375118103,6.4493,23.019,0.25167235972187,0.00819978002227533
8.2,3,290,02-Jul-2026 18:45:05,34.28,33.9682539822065,6.5062,23.002,0.286682616471265,0.0093404285455814
8.2,3,290,03-Jul-2026 19:45:29,34.28,33.9682539822065,6.6585,22.94,5.49512210873424,0.179024486267332
8.2,3,290,02-Jul-2026 17:45:04,34.29,33.9781622166879,6.4355,23.027,0.32169287322066,0.0104810770688875
8.2,3,290,02-Jul-2026 16:45:03,34.3,33.9880704506722,6.4576,23.015,0.356703129970055,0.0116217255921935
8.2,3,290,03-Jul-2026 20:45:30,34.3,33.9880704506722,6.6844,22.937,4.85496020418613,0.158170319022085
8.2,3,290,02-Jul-2026 14:45:00,34.35,34.0376116134371,6.665,22.926,0.426733365839506,0.0139033393976291
8.2,3,290,03-Jul-2026 21:45:31,34.35,34.0376116134371,6.7398,22.941,4.21709576757372,0.137390993895407
8.2,3,290,02-Jul-2026 15:45:01,34.37,34.0574280751721,6.5614,22.97,0.391723109090111,0.0127626908743231
8.2,3,290,03-Jul-2026 22:45:32,34.39,34.0772445349943,6.7274,22.924,5.64522937214268,0.183913443892319
8.2,3,290,02-Jul-2026 13:44:59,34.41,34.0970609928842,6.653,22.93,0.461743622588901,0.0150439879209352
8.2,3,290,03-Jul-2026 23:45:33,34.46,34.1466021292175,6.8567,22.936,7.07336297671163,0.23043589388923
8.2,3,290,04-Jul-2026 00:45:34,34.48,34.1664185803768,7.4685,22.999,8.50149658128059,0.276958343886142
8.2,3,290,02-Jul-2026 12:44:58,34.49,34.1763268052416,6.5902,22.955,0.496753879338296,0.0161846364442413
8.2,3,290,02-Jul-2026 11:44:57,34.5,34.186235029615,6.5566,22.968,0.531764136087691,0.0173252849675473
8.2,3,290,04-Jul-2026 01:45:35,34.54,34.2258679223397,7.8935,23.008,9.92963018584955,0.323480793883053
8.2,3,290,02-Jul-2026 10:44:56,34.56,34.2456843658064,6.5234,22.983,0.566774392837086,0.0184659334908534
8.2,3,290,02-Jul-2026 09:44:55,34.62,34.3051336846901,6.5655,22.964,0.601784649586481,0.0196065820141594
8.2,3,290,04-Jul-2026 02:45:37,34.62,34.3051336846901,8.0492,23.027,11.3581603840327,0.370016163194043
8.2,3,290,04-Jul-2026 19:45:54,34.63,34.3150419028173,7.2616,22.972,27.5371738294122,0.897104803502455
8.2,3,290,04-Jul-2026 21:45:56,34.63,34.3150419028173,7.2841,22.961,NaN,NaN
8.2,3,290,04-Jul-2026 03:45:38,34.64,34.3249501204781,8.0784,23.019,12.7862939886016,0.416538613190954
8.2,3,290,04-Jul-2026 22:45:57,34.64,34.3249501204781,7.3164,22.954,NaN,NaN
8.2,3,290,05-Jul-2026 00:45:59,34.64,34.3249501204781,7.2238,22.977,NaN,NaN
8.2,3,290,05-Jul-2026 01:46:00,34.64,34.3249501204781,7.3004,22.968,NaN,NaN
8.2,3,290,04-Jul-2026 23:45:58,34.65,34.3348583376403,7.2938,22.97,NaN,NaN
8.2,3,290,04-Jul-2026 17:45:52,34.66,34.3447665543295,7.2592,22.983,26.3005782731918,0.856812645648374
8.2,3,290,04-Jul-2026 20:45:55,34.66,34.3447665543295,7.1817,22.972,28.1554716075224,0.917250882429495
8.2,3,290,04-Jul-2026 16:45:51,34.67,34.3546747705394,7.1703,22.972,25.6822804950816,0.836666566721334
8.2,3,290,04-Jul-2026 18:45:53,34.67,34.3546747705394,7.2898,22.972,26.918876051302,0.876958724575415
8.2,3,290,02-Jul-2026 08:44:54,34.69,34.3744912015079,6.4999,22.995,1.13591586711183,0.0370082046871407
8.2,3,290,04-Jul-2026 04:45:39,34.7,34.3843994162793,8.0552,23,14.2144275931706,0.463061063187866
8.2,3,290,02-Jul-2026 00:44:47,34.72,34.4042158443769,6.4713,23.008,5.41214648586057,0.176324816617738
8.2,3,290,02-Jul-2026 01:44:48,34.72,34.4042158443769,6.4784,23.004,4.87759910299827,0.158909635600552
8.2,3,290,02-Jul-2026 02:44:49,34.72,34.4042158443769,6.5317,22.98,4.34305172013597,0.141494454583366
8.2,3,290,04-Jul-2026 15:45:50,34.72,34.4042158443769,7.0089,22.954,25.0639827169714,0.816520487794294
8.2,3,290,30-Jun-2026 22:44:20,34.73,34.4141240576967,6.3796,23.05,-0.333722024339004,-0.010873837933865
8.2,3,290,01-Jul-2026 23:44:46,34.73,34.4141240576967,6.5535,22.969,5.94669386872287,0.193739997634924
8.2,3,290,01-Jul-2026 11:44:34,34.74,34.4240322705495,6.469,23.01,1.08755696169799,0.0354317632269148
8.2,3,290,01-Jul-2026 12:44:35,34.74,34.4240322705495,6.4625,23.014,1.68056800318971,0.054751743697838
8.2,3,290,01-Jul-2026 15:44:38,34.74,34.4240322705495,6.4978,22.997,3.45960112766488,0.112711685110608
8.2,3,290,02-Jul-2026 07:44:53,34.74,34.4240322705495,6.6187,22.946,1.67046324997413,0.0544233857043269
8.2,3,290,30-Jun-2026 10:44:09,34.75,34.4339404829034,6.5221,22.98,4.14434378051495,0.135029368987757
8.2,3,290,30-Jun-2026 23:44:21,34.75,34.4339404829034,6.3978,23.041,-0.312422169729934,-0.0101798004005228
8.2,3,290,01-Jul-2026 22:44:45,34.75,34.4339404829034,6.549,22.973,6.48124125158516,0.21115517865211
8.2,3,290,04-Jul-2026 05:45:40,34.75,34.4339404829034,7.9653,22.994,15.6425611977395,0.509583513184777
8.2,3,290,30-Jun-2026 21:44:19,34.76,34.4438486947839,6.3775,23.051,-0.355021878948075,-0.0115678754672073
8.2,3,290,01-Jul-2026 01:44:23,34.76,34.4438486947839,6.4099,23.035,-0.269822460511792,-0.00879172533383823
8.2,3,290,01-Jul-2026 09:44:32,34.76,34.4438486947839,6.4839,23.004,-0.0984651212854617,-0.00320819771493162
8.2,3,290,01-Jul-2026 13:44:36,34.76,34.4438486947839,6.4795,23.006,2.27357904468143,0.0740717241687612
8.2,3,290,02-Jul-2026 03:44:50,34.76,34.4438486947839,6.5652,22.967,3.80850433727368,0.12407927356618
8.2,3,290,30-Jun-2026 11:44:10,34.77,34.4537569061846,6.4143,23.033,3.73526761621848,0.121700948269325
8.2,3,290,30-Jun-2026 12:44:11,34.77,34.4537569061846,6.4094,23.036,3.32619145192201,0.108372527550893
8.2,3,290,01-Jul-2026 03:44:25,34.77,34.4537569061846,6.4093,23.036,-0.227222751293651,-0.00740365026715371
8.2,3,290,01-Jul-2026 10:44:33,34.77,34.4537569061846,6.4708,23.009,0.494545920206262,0.0161117827559916
8.2,3,290,04-Jul-2026 14:45:49,34.77,34.4537569061846,7.0002,22.955,24.4456849388613,0.796374408867253
8.2,3,290,30-Jun-2026 20:44:18,34.78,34.4636651171118,6.3662,23.056,0.0536957382623836,0.00174886311438598
8.2,3,290,01-Jul-2026 02:44:24,34.78,34.4636651171118,6.4093,23.036,-0.248522605902721,-0.00809768780049597
8.2,3,290,01-Jul-2026 05:44:27,34.78,34.4636651171118,6.4225,23.03,-0.184623042075509,-0.00601557520046919
8.2,3,290,01-Jul-2026 08:44:31,34.78,34.4636651171118,6.4737,23.007,-0.120717563265067,-0.0039332698657761
8.2,3,290,02-Jul-2026 04:44:50,34.78,34.4636651171118,6.5437,22.976,3.27410539856102,0.106668928755885
8.2,3,290,02-Jul-2026 05:44:51,34.78,34.4636651171118,6.5174,22.987,2.73955801569873,0.0892537477386991
8.2,3,290,01-Jul-2026 04:44:26,34.79,34.4735733275592,6.4186,23.032,-0.20592289668458,-0.00670961273381145
8.2,3,290,01-Jul-2026 07:44:30,34.79,34.4735733275592,6.4622,23.012,-0.142017417874138,-0.00462730739911836
8.2,3,290,01-Jul-2026 14:44:37,34.79,34.4735733275592,6.4935,22.999,2.86659008617316,0.0933917046396845
8.2,3,290,30-Jun-2026 13:44:12,34.8,34.4834815375073,6.4015,23.039,2.91711528762555,0.0950441068324615
8.2,3,290,30-Jun-2026 17:44:16,34.8,34.4834815375073,6.3939,23.046,1.28081063043968,0.0417304239587346
8.2,3,290,30-Jun-2026 18:44:16,34.8,34.4834815375073,6.4074,23.038,0.871848066855318,0.0284057045512494
8.2,3,290,30-Jun-2026 19:44:17,34.8,34.4834815375073,6.4027,23.036,0.462771902558851,0.0150772838328177
8.2,3,290,01-Jul-2026 06:44:29,34.8,34.4834815375073,6.4317,23.026,-0.163317272483209,-0.00532134493246063
8.2,3,290,01-Jul-2026 21:44:44,34.8,34.4834815375073,6.6878,22.927,7.01578863444746,0.228570359669296
8.2,3,290,02-Jul-2026 06:44:52,34.8,34.4834815375073,6.5489,22.973,2.20501063283643,0.071838566721513
8.2,3,290,30-Jun-2026 09:44:03,34.81,34.4933897469947,6.5018,22.989,NaN,NaN
8.2,3,290,01-Jul-2026 00:44:22,34.81,34.4933897469947,6.4038,23.038,-0.291122315120863,-0.0094857628671805
8.2,3,290,01-Jul-2026 16:44:39,34.81,34.4933897469947,6.5307,22.984,4.05261216915661,0.132031665581531
8.2,3,290,01-Jul-2026 17:44:40,34.81,34.4933897469947,6.568,22.97,4.64562321064833,0.151351646052454
8.2,3,290,01-Jul-2026 19:44:42,34.81,34.4933897469947,6.5325,22.98,5.83164529363178,0.189991606994301
8.2,3,290,01-Jul-2026 20:44:43,34.81,34.4933897469947,6.6525,22.94,6.4246563351235,0.209311587465224
8.2,3,290,04-Jul-2026 13:45:49,34.81,34.4933897469947,7.3834,22.989,23.827558862439,0.776233924519198
8.2,3,290,30-Jun-2026 14:44:13,34.82,34.5032979559893,6.4046,23.037,2.50803912332908,0.0817156861140298
8.2,3,290,30-Jun-2026 16:44:15,34.82,34.5032979559893,6.4049,23.038,1.68988679473615,0.0550588446771664
8.2,3,290,04-Jul-2026 12:45:48,34.82,34.5032979559893,6.9696,22.836,23.2092610843288,0.756087845592158
8.2,3,290,04-Jul-2026 06:45:41,34.83,34.5132061645102,7.0488,22.862,17.0706948023085,0.556105963181689
8.2,3,290,30-Jun-2026 15:44:14,34.84,34.523114372551,6.3907,23.043,2.09896295903261,0.0683872653955981
8.2,3,290,01-Jul-2026 18:44:41,34.84,34.523114372551,6.4942,22.999,5.23863425214005,0.170671626523377
8.2,3,290,04-Jul-2026 07:45:42,34.85,34.5330225800988,7.4806,22.829,18.4988284068775,0.6026284131786
8.2,3,290,04-Jul-2026 08:45:43,34.85,34.5330225800988,7.5503,22.915,19.9269620114464,0.649150863175512
8.2,3,290,04-Jul-2026 09:45:44,34.86,34.5429307871728,7.0722,22.861,21.3541960483103,0.695644014232051
8.2,3,290,04-Jul-2026 10:45:46,34.87,34.552838993773,7.0737,22.836,21.9726655281084,0.715795687738077
8.2,3,290,04-Jul-2026 11:45:47,34.87,34.552838993773,7.2355,22.817,22.5909633062186,0.735941766665118
8.2,3,590,NaT,0,0,NaN,NaN,NaN,NaN
8.2,3,590,05-Jul-2026 04:24:29,0.2,0.198197572111246,17.5542,17.602,249.313822318543,8.07440101023194
8.2,3,590,05-Jul-2026 04:24:21,0.4,0.396394951726965,17.5536,17.602,249.431958005677,8.0783217514959
8.2,3,590,05-Jul-2026 04:24:16,0.6,0.594592138875855,17.5528928571429,17.6017857142857,249.426808092734,8.07816610513279
8.2,3,590,05-Jul-2026 04:24:13,0.8,0.792789133541626,17.5607909090909,17.5996363636364,249.460644904374,8.07925006201247
8.2,3,590,05-Jul-2026 04:24:09,1,0.990985935733677,17.56275,17.599625,249.397287532193,8.07720379305664
8.2,3,590,05-Jul-2026 04:24:04,1.2,1.18918254545497,17.5631875,17.599,249.377369938552,8.07656440173131
8.2,3,590,05-Jul-2026 04:23:58,1.4,1.38737896269561,17.5631654545455,17.599,249.278022824374,8.07334555402989
8.2,3,590,05-Jul-2026 04:23:51,1.6,1.5855751874521,17.5631290909091,17.599,249.243764156661,8.07223471677975
8.2,3,590,05-Jul-2026 04:23:46,1.8,1.78377121974665,17.5623846153846,17.5995384615385,249.3585993182,8.07598229978197
8.2,3,590,05-Jul-2026 04:23:42,2,1.98196705956931,17.5588076923077,17.6022307692308,249.334721900784,8.07522890071325
8.2,3,590,05-Jul-2026 04:23:38,2.2,2.18016270692298,17.5552307692308,17.6049230769231,249.314622024838,8.07462330861816
8.2,3,590,05-Jul-2026 04:23:33,2.4,2.37835816180413,17.5538666666667,17.6057777777778,249.184973268451,8.07043455383839
8.2,3,590,05-Jul-2026 04:23:28,2.6,2.57655342420921,17.5539777777778,17.6054074074074,249.165556587391,8.06980965622887
8.2,3,590,05-Jul-2026 04:23:22,2.8,2.77474849416678,17.5540888888889,17.605037037037,249.31924840482,8.07479290070153
8.2,3,590,05-Jul-2026 04:23:15,3,2.97294337163472,17.5514391304348,17.6057826086957,249.14591709244,8.06919061467
8.2,3,590,05-Jul-2026 04:23:07,3.2,3.17113805665441,17.5484826086957,17.606652173913,249.056975439622,8.06632996585086
8.2,3,590,05-Jul-2026 04:23:01,3.4,3.36933254921582,17.543975,17.61025,249.037370949953,8.06573884111518
8.2,3,590,05-Jul-2026 04:22:54,3.6,3.56752684929608,17.5384333333333,17.6156666666667,248.882355332864,8.06078169183793
8.2,3,590,05-Jul-2026 04:22:47,3.8,3.76572095693653,17.5344581818182,17.6196363636364,248.966853208018,8.06353817439074
8.2,3,590,05-Jul-2026 04:22:42,4,3.96391487210141,17.5367490909091,17.6178181818182,248.739852148938,8.05613794073321
8.2,3,590,05-Jul-2026 04:22:37,4.2,4.16210859481277,17.53904,17.616,248.74672059869,8.05636740433547
8.2,3,590,05-Jul-2026 04:22:28,4.4,4.36030212507337,17.53408,17.6194,248.693998019093,8.05470648397748
8.2,3,590,05-Jul-2026 04:22:13,4.6,4.55849546286669,17.5202577777778,17.6291777777778,248.581793524371,8.0511778512525
8.2,3,590,05-Jul-2026 04:20:09,4.8,4.7566886082019,17.507032,17.63884,248.761600690504,8.05706693023192
8.2,3,590,05-Jul-2026 04:10:49,5,4.95488156109456,17.496192,17.64804,248.356236701929,8.04392950496152
8.2,3,590,05-Jul-2026 04:01:28,5.2,5.15307432153456,17.485352,17.65724,248.468839242054,8.04765230196348
8.2,3,590,05-Jul-2026 03:51:54,5.4,5.35126688951815,17.4661826086957,17.6718695652174,247.628329971923,8.02083146387784
8.2,3,590,05-Jul-2026 03:42:14,5.6,5.54945926505445,17.4434434782609,17.6888260869565,246.157766568912,7.97326333087513
8.2,3,590,05-Jul-2026 03:36:04,5.8,5.74765144813329,17.3573230769231,17.7439230769231,245.961065048594,7.96711899430737
8.2,3,590,05-Jul-2026 03:35:09,6,5.94584343878305,17.1761307692308,17.8562307692308,243.846114129258,7.89964876670386
8.2,3,590,05-Jul-2026 03:34:14,6.2,6.14403523697422,16.9949384615385,17.9685384615385,243.118511363815,7.8765762826994
8.2,3,590,05-Jul-2026 03:33:10,6.4,6.3422268427159,16.750112244898,18.0945102040816,237.768541837889,7.70526671613084
8.2,3,590,05-Jul-2026 03:32:05,6.6,6.54041825601071,16.4893775510204,18.2238979591837,235.35099327733,7.62769051061345
8.2,3,590,05-Jul-2026 03:31:05,6.8,6.73860947686767,16.2385142857143,18.3417142857143,231.311136502449,7.49842584227851
8.2,3,590,05-Jul-2026 03:30:14,7,6.9368005052894,16.0059836734694,18.4380408163265,231.123931151052,7.49255915604782
8.2,3,590,05-Jul-2026 03:29:23,7.2,7.13499134126563,15.7734530612245,18.5343673469388,216.642065722473,7.02588711572188
8.2,3,590,05-Jul-2026 03:28:55,7.4,7.33318198479894,15.4697461538462,18.7347307692308,215.802106768167,6.99965161880822
8.2,3,590,05-Jul-2026 03:28:29,7.6,7.53137243590475,15.1581307692308,18.9466538461538,217.334420100308,7.05048889207198
8.2,3,590,05-Jul-2026 03:28:06,7.8,7.72956269455991,14.9210076923077,19.1149615384615,217.478289818444,7.05535332875195
8.2,3,590,05-Jul-2026 03:27:49,8,7.92775276078624,14.8577,19.1815,221.553533928825,7.18811588754493
8.2,3,590,05-Jul-2026 03:27:32,8.2,8.12594263457341,14.7943923076923,19.2480384615385,227.12776728631,7.36949662241702
8.2,3,590,05-Jul-2026 03:27:15,8.4,8.32413231593036,14.7615921568627,19.2973725490196,227.713639120339,7.3888734139393
8.2,3,590,05-Jul-2026 03:26:58,8.6,8.52232180485317,14.7418666666667,19.3393333333333,227.340799768625,7.37687888209095
8.2,3,590,05-Jul-2026 03:26:42,8.8,8.72051110134433,14.711670212766,19.3826595744681,226.103269594006,7.33704045911736
8.2,3,590,05-Jul-2026 03:26:31,9,8.91870020540633,14.6221382978723,19.4337234042553,225.0225247336,7.30245680797647
8.2,3,590,05-Jul-2026 03:26:20,9.2,9.11688911704803,14.5326063829787,19.4847872340426,224.809050770558,7.29591098024004
8.2,3,590,05-Jul-2026 03:25:51,9.4,9.31507783625265,14.5135078431373,19.5031568627451,225.00634777159,7.30234773803486
8.2,3,590,05-Jul-2026 03:25:19,9.6,9.51326636302261,14.5120176470588,19.5133529411765,227.923995124943,7.39716557667237
8.2,3,590,05-Jul-2026 03:24:46,9.8,9.71145469738602,14.5152773584906,19.5288301886792,230.784178874699,7.49004670123859
8.2,3,590,05-Jul-2026 03:24:13,10,9.9096428393132,14.5327867924528,19.5601509433962,230.42932238289,7.47874030397703
8.2,3,590,05-Jul-2026 03:23:41,10.2,10.1078307888258,14.5502962264151,19.5914716981132,229.520160003017,7.44958981823205
8.2,3,590,05-Jul-2026 03:22:58,10.4,10.3060185459006,14.4921425531915,19.6517446808511,228.371657477762,7.41274393989726
8.2,3,590,05-Jul-2026 03:22:10,10.6,10.5042061105719,14.3835468085106,19.7313191489362,227.404340879981,7.38189174910086
8.2,3,590,05-Jul-2026 03:21:23,10.8,10.7023934828102,14.282185106383,19.8083404255319,226.857550355056,7.36472863843266
8.2,3,590,05-Jul-2026 03:20:43,11,10.9005806626434,14.2025255319149,19.8777021276596,227.229194789347,7.37720760312269
8.2,3,590,05-Jul-2026 03:20:03,11.2,11.0987676500481,14.1228659574468,19.9470638297872,228.519274182852,7.41932864317095
8.2,3,590,05-Jul-2026 03:19:35,11.4,11.2969544450525,14.0080333333333,20.0263333333333,227.697268154587,7.39346439257764
8.2,3,590,05-Jul-2026 03:19:09,11.6,11.4951410476266,13.8892925925926,20.1067037037037,226.101381920657,7.34273226681341
8.2,3,590,05-Jul-2026 03:18:46,11.8,11.6933274577921,13.7584259259259,20.1927777777778,224.56860487478,7.29374275426565
8.2,3,590,05-Jul-2026 03:18:35,12,11.8915136755513,13.5790555555556,20.3016666666667,224.302236191129,7.28559923886016
8.2,3,590,05-Jul-2026 03:18:24,12.2,12.0896997008871,13.3996851851852,20.4105555555556,224.035867507478,7.27745572345467
8.2,3,590,05-Jul-2026 03:18:14,12.4,12.2878855338212,13.2972,20.4712222222222,223.769498823828,7.26931220804918
8.2,3,590,05-Jul-2026 03:18:05,12.6,12.4860711743429,13.2716,20.4836666666667,222.4644817928,7.22722665252262
8.2,3,590,05-Jul-2026 03:17:55,12.8,12.6842566224672,13.22244,20.5125,221.159464761772,7.18514109699606
8.2,3,590,05-Jul-2026 03:17:47,13,12.8824418781644,13.1026,20.5905,220.069459078031,7.15019889970021
8.2,3,590,05-Jul-2026 03:17:38,13.2,13.0806269414687,12.98276,20.6685,219.194464741577,7.12240006063507
8.2,3,590,05-Jul-2026 03:17:30,13.4,13.2788118123696,12.86802,20.7624,218.319470405123,7.09460122156993
8.2,3,590,05-Jul-2026 03:17:22,13.6,13.476996490882,12.75498,20.8616,217.592879120376,7.07141626181647
8.2,3,590,05-Jul-2026 03:17:14,13.8,13.675180976976,12.6688923076923,20.9378269230769,217.014690887336,7.05284518137469
8.2,3,590,05-Jul-2026 03:17:06,14,13.873365270673,12.6636615384615,20.9451346153846,216.436502654296,7.0342741009329
8.2,3,590,05-Jul-2026 03:16:58,14.2,14.0715493719624,12.6584307692308,20.9524423076923,216.011288563253,7.02059337407476
8.2,3,590,05-Jul-2026 03:16:51,14.4,14.2697332808656,12.6488764705882,20.960862745098,215.739048614208,7.01180300080024
8.2,3,590,05-Jul-2026 03:16:43,14.6,14.4679169973654,12.6369941176471,20.9698823529412,215.466808665162,7.00301262752573
8.2,3,590,05-Jul-2026 03:16:36,14.8,14.6661005214704,12.6258846153846,20.9783461538462,215.194568716116,6.99422225425121
8.2,3,590,05-Jul-2026 03:16:29,15,14.8642838531762,12.6217307692308,20.9818076923077,215.007773950191,6.98817877258933
8.2,3,590,05-Jul-2026 03:16:22,15.2,15.0624669925042,12.6175769230769,20.9852692307692,214.820979184265,6.98213529092744
8.2,3,590,05-Jul-2026 03:16:13,15.4,15.2606499394308,12.6138333333333,20.98825,214.63418441834,6.97609180926556
8.2,3,590,05-Jul-2026 03:16:02,15.6,15.4588326939646,12.6105,20.99075,214.380765097476,6.96787885024445
8.2,3,590,05-Jul-2026 03:15:51,15.8,15.6570152561075,12.6073255319149,20.9932553191489,214.060721221674,6.95749641386411
8.2,3,590,05-Jul-2026 03:15:35,16,15.8551976258679,12.6055808510638,20.9958085106383,213.508805842437,6.93959264237769
8.2,3,590,05-Jul-2026 03:15:19,16.2,16.0533798032288,12.6038361702128,20.9983617021277,212.968979238884,6.92212118042673
8.2,3,590,05-Jul-2026 03:15:04,16.4,16.2515617882178,12.5871553191489,21.0124042553191,212.673112914449,6.91260336311734
8.2,3,590,05-Jul-2026 03:14:49,16.6,16.449743580824,12.5654957446809,21.0302765957447,212.434052300921,6.90496457907123
8.2,3,590,05-Jul-2026 03:14:33,16.8,16.6479251810302,12.535988,21.053,212.251797398299,6.89920482828839
8.2,3,590,05-Jul-2026 03:14:13,17,16.8461065888576,12.494708,21.083,212.197924184304,6.89760733720473
8.2,3,590,05-Jul-2026 03:13:53,17.2,17.0442878043082,12.453428,21.113,212.144050970309,6.89600984612106
8.2,3,590,05-Jul-2026 03:13:07,17.4,17.2424688273839,12.4354192307692,21.1263846153846,212.097592607905,6.89462133499625
8.2,3,590,05-Jul-2026 03:12:17,17.6,17.4406496580803,12.4199961538462,21.1379230769231,211.893084051328,6.88806296859082
8.2,3,590,05-Jul-2026 03:11:19,17.8,17.6388302963929,12.4070081632653,21.1474693877551,211.743763645028,6.88325348983705
8.2,3,590,05-Jul-2026 03:10:00,18,17.8370107423236,12.3997020408163,21.1523673469388,211.716876480642,6.882424205105
8.2,3,590,05-Jul-2026 03:08:40,18.2,18.0351909958807,12.3923959183673,21.1572653061225,212.054382772969,6.89344560058629
8.2,3,590,05-Jul-2026 03:07:07,18.4,18.233371057079,12.3824333333333,21.164,211.75816308758,6.88389204091176
8.2,3,590,05-Jul-2026 03:05:30,18.6,18.4315509258946,12.3720019607843,21.1710588235294,211.259292616959,6.86773016305337
8.2,3,590,05-Jul-2026 03:03:50,18.8,18.6297306023295,12.2744222222222,21.2171111111111,208.42397891413,6.77620813559722
8.2,3,590,05-Jul-2026 03:02:01,19,18.8279100863983,11.9734962962963,21.3541481481481,192.118877458234,6.24695846467828
8.2,3,590,05-Jul-2026 03:00:13,19.2,19.0260893781028,11.6725703703704,21.4911851851852,176.362454294503,5.7355852875488
8.2,3,590,05-Jul-2026 02:59:04,19.4,19.2242684774385,11.311625,21.627,153.277617095787,4.98585502856436
8.2,3,590,05-Jul-2026 02:58:21,19.6,19.4224473844073,10.9106666666667,21.762,134.458268067283,4.37479129365118
8.2,3,590,05-Jul-2026 02:57:42,19.8,19.6206260990044,10.5221173913044,21.9146956521739,122.545680899429,3.9880927581837
8.2,3,590,05-Jul-2026 02:57:20,20,19.8188046212381,10.1832043478261,22.1381739130435,117.539855592227,3.82575942216194
8.2,3,590,05-Jul-2026 02:56:58,20.2,20.0169829511102,9.84429130434783,22.361652173913,113.601341622927,3.69796756181468
8.2,3,590,05-Jul-2026 02:56:50,20.4,20.2151610886225,9.78941132075472,22.4481886792453,110.730138991531,3.60471717714192
8.2,3,590,05-Jul-2026 02:56:43,20.6,20.4133390337573,9.76609056603774,22.5195094339623,107.858936360135,3.51146679246916
8.2,3,590,05-Jul-2026 02:56:37,20.8,20.6115167865487,9.71112884615385,22.5851153846154,104.987733728739,3.4182164077964
8.2,3,590,05-Jul-2026 02:56:32,21,20.8096943469727,9.56124423076923,22.6335769230769,103.215823819815,3.36069197777599
8.2,3,590,05-Jul-2026 02:56:26,21.2,21.0078717150565,9.41135961538462,22.6820384615385,102.543206633363,3.33889350240792
8.2,3,590,05-Jul-2026 02:56:21,21.4,21.2060488907571,9.29172325581395,22.710488372093,101.870589446912,3.31709502703985
8.2,3,590,05-Jul-2026 02:56:15,21.6,21.4042258741211,9.18837441860465,22.7281627906977,101.19797226046,3.29529655167178
8.2,3,590,05-Jul-2026 02:56:09,21.8,21.6024026651244,9.10811176470588,22.7366078431373,100.525355074008,3.27349807630371
8.2,3,590,05-Jul-2026 02:56:03,22,21.8005792637751,9.05093529411765,22.7358235294118,99.5830736142375,3.24282416380425
8.2,3,590,05-Jul-2026 02:55:56,22.2,21.9987556700749,8.99375882352941,22.7350392156863,98.6407921544669,3.21215025130479
8.2,3,590,05-Jul-2026 02:55:48,22.4,22.1969318840255,8.97745925925926,22.7364074074074,97.6985106946962,3.18147633880534
8.2,3,590,05-Jul-2026 02:55:40,22.6,22.3951079056284,8.96331111111111,22.7378888888889,96.7347273964651,3.15010486088664
8.2,3,590,05-Jul-2026 02:55:33,22.8,22.5932837348725,8.94974,22.7399,95.7494422597735,3.11803581754871
8.2,3,590,05-Jul-2026 02:55:26,23,22.7914593717851,8.9379,22.7435,94.7641571230819,3.08596677421077
8.2,3,590,05-Jul-2026 02:55:19,23.2,22.9896348163356,8.92606,22.7471,93.7901227742091,3.05425908345252
8.2,3,590,05-Jul-2026 02:55:13,23.4,23.1878100685513,8.9135375,22.748,92.8273392131551,3.02291274527395
8.2,3,590,05-Jul-2026 02:55:06,23.6,23.3859851284273,8.9007875,22.748,91.8645556521011,2.99156640709537
8.2,3,590,05-Jul-2026 02:54:59,23.8,23.584159995946,8.889882,22.74786,90.9017720910471,2.9602200689168
8.2,3,590,05-Jul-2026 02:54:52,24,23.7823346711345,8.882402,22.74746,89.8638121116045,2.92642826358172
8.2,3,590,05-Jul-2026 02:54:46,24.2,23.9805091539817,8.874922,22.74706,88.7506757137734,2.89019099109015
8.2,3,590,05-Jul-2026 02:54:39,24.4,24.1786834444953,8.86320769230769,22.7519038461538,87.6375393159422,2.85395371859857
8.2,3,590,05-Jul-2026 02:54:32,24.6,24.3768575426577,8.85074615384615,22.7576730769231,86.524402918111,2.81771644610699
8.2,3,590,05-Jul-2026 02:54:25,24.8,24.575031448496,8.8377679245283,22.7636981132075,85.2992444335334,2.77783494393272
8.2,3,590,05-Jul-2026 02:54:18,25,24.7732051619989,8.82323962264151,22.7704905660377,83.9620638622093,2.73430921207576
8.2,3,590,05-Jul-2026 02:54:10,25.2,24.9713786831615,8.80871132075472,22.7772830188679,82.6248832908853,2.69078348021879
8.2,3,590,05-Jul-2026 02:54:03,25.4,25.1695520119915,8.8064320754717,22.7815849056604,81.2877027195612,2.64725774836183
8.2,3,590,05-Jul-2026 02:53:55,25.6,25.3677251485033,8.81231886792453,22.7842264150943,78.6385665323224,2.56100166415559
8.2,3,590,05-Jul-2026 02:53:48,25.8,25.5658980926727,8.81820566037736,22.7868679245283,75.9894303450835,2.47474557994936
8.2,3,590,05-Jul-2026 02:53:41,26,25.7640708445075,8.80651836734694,22.7959183673469,73.3402941578446,2.38848949574312
8.2,3,590,05-Jul-2026 02:53:34,26.2,25.9622434040155,8.79390612244898,22.805306122449,71.8014706546066,2.33841159473865
8.2,3,590,05-Jul-2026 02:53:27,26.4,26.1604157712109,8.76886086956522,22.8160869565217,70.2626471513685,2.28833369373418
8.2,3,590,05-Jul-2026 02:53:21,26.6,26.358587946063,8.73138260869565,22.8282608695652,68.7238236481304,2.23825579272971
8.2,3,590,05-Jul-2026 02:53:15,26.8,26.5567599286054,8.693192,22.84328,67.1850001448923,2.18817789172525
8.2,3,590,05-Jul-2026 02:53:10,27,26.7549317188137,8.652152,22.86968,65.679746909417,2.13918486930873
8.2,3,590,05-Jul-2026 02:53:04,27.2,26.953103316702,8.611112,22.89608,64.1744936739417,2.09019184689221
8.2,3,590,05-Jul-2026 02:52:59,27.4,27.1512747222653,8.58342692307692,22.911,62.6692404384664,2.04119882447569
8.2,3,590,05-Jul-2026 02:52:53,27.6,27.3494459355306,8.56146538461538,22.921,61.1639872029911,1.99220580205917
8.2,3,590,05-Jul-2026 02:52:48,27.8,27.5476169564607,8.540792,22.93032,59.8150261831559,1.94828933216466
8.2,3,590,05-Jul-2026 02:52:42,28,27.7457877850697,8.531712,22.93352,58.6223573789606,1.90944941479216
8.2,3,590,05-Jul-2026 02:52:37,28.2,27.9439584213717,8.522632,22.93672,57.4296885747654,1.87060949741967
8.2,3,590,05-Jul-2026 02:52:31,28.4,28.1421288653424,8.511344,22.9392,56.2370197705701,1.83176958004717
8.2,3,590,05-Jul-2026 02:52:26,28.6,28.3402991170151,8.498584,22.9412,55.0443509663749,1.79292966267468
8.2,3,590,05-Jul-2026 02:52:20,28.8,28.5384691763717,8.48610434782609,22.9431304347826,53.7840797721575,1.7518879265363
8.2,3,590,05-Jul-2026 02:52:13,29,28.7366390434135,8.47614782608696,22.9444347826087,52.4562061879178,1.70864437163204
8.2,3,590,05-Jul-2026 02:52:07,29.2,28.9348087181546,8.46619130434783,22.9457391304348,51.1283326036782,1.66540081672779
8.2,3,590,05-Jul-2026 02:51:59,29.4,29.1329782005705,8.41022264150943,22.9444905660377,49.8004590194386,1.62215726182353
8.2,3,590,05-Jul-2026 02:51:51,29.6,29.3311474906881,8.34275094339623,22.9426037735849,48.189892822631,1.56970572683753
8.2,3,590,05-Jul-2026 02:51:42,29.8,29.5293165884957,8.27775882352941,22.9404705882353,46.5793266258234,1.51725419185153
8.2,3,590,05-Jul-2026 02:51:34,30,29.7274854940009,8.22681764705882,22.9369411764706,44.9687604290158,1.46480265686552
8.2,3,590,05-Jul-2026 02:51:27,30.2,29.9256542072049,8.17587647058824,22.9334117647059,42.8185378034254,1.39476953751722
8.2,3,590,05-Jul-2026 02:51:19,30.4,30.1238227280896,8.132325,22.93425,40.6683151778351,1.32473641816893
8.2,3,590,05-Jul-2026 02:51:12,30.6,30.3219910566946,8.0937,22.938,38.5180925522448,1.25470329882063
8.2,3,590,05-Jul-2026 02:51:05,30.8,30.5201591929825,8.06407692307692,22.9403846153846,37.8013194342181,1.2313596763068
8.2,3,590,05-Jul-2026 02:50:59,31,30.7183271369801,8.07046153846154,22.9373076923077,37.0845463161915,1.20801605379297
8.2,3,590,05-Jul-2026 02:50:53,31.2,30.9164948886756,8.07684615384615,22.9342307692308,36.3677731981649,1.18467243127915
8.2,3,590,05-Jul-2026 02:50:47,31.4,31.1146624480702,8.06121176470588,22.9337058823529,35.6510000801382,1.16132880876532
8.2,3,590,05-Jul-2026 02:50:42,31.6,31.3128298151714,8.03089803921569,22.9348823529412,34.9761624120604,1.13935059926452
8.2,3,590,05-Jul-2026 02:50:36,31.8,31.5109969899801,7.99996458333333,22.9357708333333,34.3432601939313,1.11873780277673
8.2,3,590,05-Jul-2026 02:50:31,32,31.7091639724911,7.95725625,22.9311875,33.7103579758022,1.09812500628894
8.2,3,590,05-Jul-2026 02:50:26,32.2,31.9073307627118,7.91454791666667,22.9266041666667,33.0774557576732,1.07751220980115
8.2,3,590,05-Jul-2026 02:50:21,32.4,32.1054973606432,7.82001739130435,22.9210434782609,32.4445535395441,1.05689941331336
8.2,3,590,05-Jul-2026 02:50:16,32.6,32.3036637662799,7.69758260869565,22.9149565217391,32.4570833438845,1.05731277679495
8.2,3,590,05-Jul-2026 02:50:11,32.8,32.5018299796357,7.59041428571429,22.9111428571429,32.469613148225,1.05772614027654
8.2,3,590,05-Jul-2026 02:50:05,33,32.6999960006987,7.51159795918367,22.9115510204082,32.4821429525655,1.05813950375812
8.2,3,590,05-Jul-2026 02:49:59,33.2,32.8981618294765,7.43278163265306,22.9119591836735,32.4946727569059,1.05855286723971
8.2,3,590,05-Jul-2026 02:49:53,33.4,33.0963274659635,7.43050769230769,22.9178846153846,32.5072025612464,1.05896623072129
8.2,3,590,05-Jul-2026 02:49:47,33.6,33.2944929101735,7.43673846153846,22.9244230769231,32.4601602304736,1.0574398072025
8.2,3,590,05-Jul-2026 02:49:41,33.8,33.4926581620946,7.43828823529412,22.9304117647059,32.4131178997009,1.0559133836837
8.2,3,590,05-Jul-2026 02:49:34,34,33.6908232217405,7.42891568627451,22.9351176470588,32.3660755689281,1.05438696016491
8.2,3,590,05-Jul-2026 02:49:28,34.2,33.8889880890993,7.4195431372549,22.9398235294118,32.3190332381554,1.05286053664611
8.2,3,590,05-Jul-2026 02:37:26,34.4,34.0871527641849,7.3902,22.9485,29.5621623539467,0.963063570415904
8.2,3,700,05-Jul-2026 04:34:56,-0.09,-0.0891889702433257,16.9141,3.138,277.857977427424,8.91344764741
8.2,3,700,05-Jul-2026 04:35:26,-0.07,-0.069369195713217,17.0279,17.665,254.242569961428,8.23693399863296
8.2,3,700,05-Jul-2026 04:36:06,-0.07,-0.069369195713217,17.0299,17.68,257.569113502371,8.34528656989159
8.2,3,700,05-Jul-2026 04:34:46,-0.05,-0.0495494231021765,16.8489,4.134,277.815088456485,8.89962290197278
8.2,3,700,05-Jul-2026 04:35:16,-0.02,-0.0198197677926338,16.9954,17.675,254.484854096989,8.22973644407963
8.2,3,700,05-Jul-2026 04:36:16,-0.02,-0.0198197677926338,17.1005,17.65,256.638682563891,8.31494689948018
8.2,3,700,05-Jul-2026 04:36:26,-0.01,-0.00990988365791544,16.6633,17.817,NaN,NaN
8.2,3,700,05-Jul-2026 04:35:46,0.03,0.0297296480932354,16.6214,17.839,259.4493681988,8.40736764325084
8.2,3,700,05-Jul-2026 04:35:36,0.05,0.0495494110653965,16.6694,17.827,258.968950759388,8.39136564526595
8.2,3,700,05-Jul-2026 04:35:56,0.07,0.0693691721293495,16.6204,17.834,259.283957619414,8.40177205447616
8.2,3,700,05-Jul-2026 04:34:36,0.09,0.0891889312719134,16.8516,0.071,NaN,NaN
8.2,3,700,05-Jul-2026 04:35:06,0.16,0.158558073082156,17.0357,8.405,269.702334821978,8.68226233156113
