Profile,Profile_no,Stage,Datetime,PRES,Depth,TEMP,PSAL,DO_umolKg,DO_mgL
7.1,1,190,23-Jun-2026 10:08:22,0,0,17.8401,0,284.192996145077,9.07948562195675
7.1,1,190,23-Jun-2026 10:17:50,0.2,0.198197575549084,18.4165454545455,0,280.695923904474,8.9683521197176
7.1,1,190,23-Jun-2026 10:22:37,0.4,0.396394958602638,18.9698352941176,0,284.077142474277,9.12867299985428
7.1,1,190,23-Jun-2026 10:26:04,0.6,0.594592149189359,18.7318545454545,15.5332727272727,272.703686097426,8.81620912968638
7.1,1,190,23-Jun-2026 10:27:24,0.8,0.792789147292957,18.71972,16.6994,271.130422549488,8.77330822392199
7.1,1,190,23-Jun-2026 10:28:30,1,0.990985952922833,18.76655,16.9485,270.797710227619,8.76418133268454
7.1,1,190,23-Jun-2026 10:29:30,1.2,1.18918256608195,18.76795,17.0425,271.051182740441,8.77279337227241
7.1,1,190,23-Jun-2026 10:31:55,1.4,1.3873789867604,18.74826,17.0939,271.272854055034,8.78002580574638
7.1,1,190,23-Jun-2026 10:34:49,1.6,1.58557521495471,18.72154,17.1311,271.896098775951,8.80028279200163
7.1,1,190,23-Jun-2026 10:37:57,1.8,1.78377125068706,18.6704285714286,17.1725714285714,271.646703679535,8.79325381084091
7.1,1,190,23-Jun-2026 10:41:46,2,1.98196709394753,18.5461428571429,17.2268571428571,272.540790536384,8.82271356211136
7.1,1,190,23-Jun-2026 10:45:35,2.2,2.18016274473901,18.4218571428571,17.2811428571429,274.385937893108,8.88335587872337
7.1,1,190,23-Jun-2026 10:46:44,2.4,2.37835820305796,18.164296,17.35216,278.089942166435,9.00501508219758
7.1,1,190,23-Jun-2026 10:47:14,2.6,2.57655346890084,17.873416,17.42736,282.353624185095,9.14449842114025
7.1,1,190,23-Jun-2026 10:47:40,2.8,2.7747485422962,17.6430769230769,17.4763076923077,284.037474316567,9.19926378616661
7.1,1,190,23-Jun-2026 10:47:58,3,2.97294342320192,17.554,17.464,284.252336048513,9.2061680938075
7.1,1,190,23-Jun-2026 10:48:15,3.2,3.1711381116594,17.4649230769231,17.4516923076923,286.453306552098,9.27775070606733
7.1,1,190,23-Jun-2026 10:48:42,3.4,3.36933260765859,17.431375,17.4342916666667,287.980967709464,9.32762105323189
7.1,1,190,23-Jun-2026 10:49:14,3.6,3.56752691117663,17.421625,17.4147083333333,290.279274096663,9.40257443110292
7.1,1,190,23-Jun-2026 10:49:46,3.8,3.76572102225485,17.36928,17.4334,291.033773407007,9.42779687667383
7.1,1,190,23-Jun-2026 10:50:21,4,3.9639149408575,17.2175466666667,17.5414,291.962706009819,9.45888631769943
7.1,1,190,23-Jun-2026 10:50:55,4.2,4.16210866700663,17.0683961538462,17.6471730769231,292.316339491723,9.47141993765614
7.1,1,190,23-Jun-2026 10:51:07,4.4,4.360302200705,16.9683192307692,17.7106346153846,292.450743149551,9.4761604861694
7.1,1,190,23-Jun-2026 10:51:20,4.6,4.55849554193609,16.8682423076923,17.7740961538462,292.579620069976,9.48064843515644
7.1,1,190,23-Jun-2026 10:51:53,4.8,4.75668869070905,16.7412529411765,17.8437647058824,293.022314503657,9.49520513980852
7.1,1,190,23-Jun-2026 10:52:52,5,4.95488164703947,16.5813705882353,17.9210196078431,293.497056701894,9.51081936737924
7.1,1,190,23-Jun-2026 10:53:51,5.2,5.15307441091721,16.4214882352941,17.9982745098039,293.789133859398,9.52059013354386
7.1,1,190,23-Jun-2026 10:54:45,5.4,5.35126698233855,16.1716551724138,18.1484482758621,291.13609708639,9.43872227946388
7.1,1,190,23-Jun-2026 10:55:38,5.6,5.54945936131259,15.9118275862069,18.306724137931,291.238626228599,9.44220223649964
7.1,1,190,23-Jun-2026 10:56:32,5.8,5.74765154782918,15.652,18.465,291.184486652948,9.44065919160118
7.1,1,190,23-Jun-2026 10:56:56,6,5.94584354191667,15.6244255319149,18.5190425531915,291.418611828355,9.44855666246796
7.1,1,190,23-Jun-2026 10:57:20,6.2,6.14403534354558,15.5968510638298,18.573085106383,291.618585190754,9.45534390110663
7.1,1,190,23-Jun-2026 10:57:48,6.4,6.34222695272499,15.5148911111111,18.6286888888889,292.067302399193,9.47040501382002
7.1,1,190,23-Jun-2026 10:58:19,6.6,6.54041836945752,15.4036466666667,18.6851333333333,291.432596863472,9.45045266063297
7.1,1,190,23-Jun-2026 10:58:49,6.8,6.7386095937522,15.233668627451,18.7626078431373,291.198884482106,9.4436362317074
7.1,1,190,23-Jun-2026 10:59:16,7,6.93680062561165,14.9755901960784,18.8716274509804,291.310269063241,9.44821715470436
7.1,1,190,23-Jun-2026 10:59:44,7.2,7.1349914650256,14.7175117647059,18.9806470588235,291.822204467802,9.46593450285538
7.1,1,190,23-Jun-2026 11:00:10,7.4,7.33318211199662,14.612942,19.02182,292.467001911665,9.48779753284578
7.1,1,190,23-Jun-2026 11:00:36,7.6,7.53137256654014,14.535462,19.05102,290.867016223106,9.43647164431379
7.1,1,190,23-Jun-2026 11:00:57,7.8,7.72956282863301,14.4796042553191,19.0710425531915,290.187885189703,9.41451859578985
7.1,1,190,23-Jun-2026 11:01:09,8,7.92775289829704,14.4639021276596,19.0740212765957,289.801839913416,9.40202146719102
7.1,1,190,23-Jun-2026 11:01:22,8.2,8.12594277552191,14.4482,19.077,289.640242599979,9.39683831828716
7.1,1,190,23-Jun-2026 11:01:30,8.4,8.32413246031655,14.3841649122807,19.0794561403509,289.337549784589,9.38709078736002
7.1,1,190,23-Jun-2026 11:01:38,8.6,8.52232195267705,14.3201298245614,19.0819122807018,289.304765774163,9.38608274791454
7.1,1,190,23-Jun-2026 11:01:53,8.8,8.7205112526059,14.2476632653061,19.0913469387755,289.306776376797,9.38636313868448
7.1,1,190,23-Jun-2026 11:02:51,9,8.91870036010559,14.1274183673469,19.1403265306122,289.22914990304,9.38437594488981
7.1,1,190,23-Jun-2026 11:03:49,9.2,9.11688927518497,14.0071734693878,19.189306122449,287.382009992313,9.32478282229023
7.1,1,190,23-Jun-2026 11:05:20,9.4,9.31507799782726,13.8906132075472,19.2396603773585,283.961691976058,9.21492984277914
7.1,1,190,23-Jun-2026 11:07:05,9.6,9.51326652803489,13.7756320754717,19.2906037735849,283.642339865261,9.20460558832014
7.1,1,190,23-Jun-2026 11:08:51,9.8,9.71145486583598,13.6592961538462,19.3430961538462,284.192259114765,9.2226694222386
7.1,1,190,23-Jun-2026 11:10:47,10,9.90964301120082,13.5172192307692,19.4250192307692,282.58244544816,9.17178876062039
7.1,1,190,23-Jun-2026 11:12:44,10.2,10.1078309641511,13.3751423076923,19.5069423076923,NaN,NaN
7.1,1,190,23-Jun-2026 11:14:19,10.4,10.3060187246635,13.2603,19.5824,NaN,NaN
7.1,1,190,23-Jun-2026 11:15:29,10.6,10.5042062927725,13.1787444444444,19.6499555555556,NaN,NaN
7.1,1,190,23-Jun-2026 11:16:39,10.8,10.7023936684484,13.0638090909091,19.7566363636364,NaN,NaN
7.1,1,190,23-Jun-2026 11:17:49,11,10.9005808517193,12.8153545454545,20.0198181818182,NaN,NaN
7.1,1,190,23-Jun-2026 11:18:59,11.2,11.0987678425617,12.5669,20.283,NaN,NaN
7.1,1,190,23-Jun-2026 11:19:55,11.4,11.2969546410037,12.4765603773585,20.2377169811321,NaN,NaN
7.1,1,190,23-Jun-2026 11:20:52,11.6,11.4951412470155,12.386220754717,20.1924339622642,NaN,NaN
7.1,1,190,23-Jun-2026 11:21:45,11.8,11.6933276606186,12.2906113207547,20.1159811320755,NaN,NaN
7.1,1,190,23-Jun-2026 11:22:33,12,11.8915138818154,12.1852150943396,19.981641509434,NaN,NaN
7.1,1,190,23-Jun-2026 11:23:21,12.2,12.0896999105889,12.0798188679245,19.8473018867925,NaN,NaN
7.1,1,190,23-Jun-2026 11:24:19,12.4,12.2878857469605,11.8295666666667,20.1222916666667,NaN,NaN
7.1,1,190,23-Jun-2026 11:25:21,12.6,12.4860713909198,11.5172333333333,20.5727083333333,NaN,NaN
7.1,1,190,23-Jun-2026 11:26:08,12.8,12.6842568424818,11.2088490566038,20.9198113207547,NaN,NaN
7.1,1,190,23-Jun-2026 11:26:19,13,12.8824421016166,10.909679245283,21.0258490566038,NaN,NaN
7.1,1,190,23-Jun-2026 11:26:31,13.2,13.0806271683585,10.6105094339623,21.1318867924528,NaN,NaN
7.1,1,190,23-Jun-2026 11:26:39,13.4,13.278812042697,10.3999583333333,21.2310208333333,NaN,NaN
7.1,1,190,23-Jun-2026 11:26:47,13.6,13.476996724647,10.237125,21.3264375,NaN,NaN
7.1,1,190,23-Jun-2026 11:26:55,13.8,13.6751812141786,10.1175306122449,21.4224897959184,NaN,NaN
7.1,1,190,23-Jun-2026 11:27:05,14,13.8733655113132,10.1276530612245,21.5204489795918,NaN,NaN
7.1,1,190,23-Jun-2026 11:27:15,14.2,14.0715496160402,10.1377755102041,21.6184081632653,NaN,NaN
7.1,1,190,23-Jun-2026 11:27:42,14.4,14.269733528381,9.97555384615385,21.6432307692308,NaN,NaN
7.1,1,190,23-Jun-2026 11:28:13,14.6,14.4679172483184,9.77024615384615,21.6497692307692,NaN,NaN
7.1,1,190,23-Jun-2026 11:28:45,14.8,14.6661007758609,9.603064,21.6558,NaN,NaN
7.1,1,190,23-Jun-2026 11:29:25,15,14.8642841110043,9.588384,21.6598,NaN,NaN
7.1,1,190,23-Jun-2026 11:30:04,15.2,15.0624672537699,9.573704,21.6638,NaN,NaN
7.1,1,190,23-Jun-2026 11:30:44,15.4,15.2606502041341,9.505936,21.67676,NaN,NaN
7.1,1,190,23-Jun-2026 11:31:24,15.6,15.4588329621054,9.415416,21.69356,NaN,NaN
7.1,1,190,23-Jun-2026 11:32:08,15.8,15.6570155276859,9.347,21.7220204081633,NaN,NaN
7.1,1,190,23-Jun-2026 11:33:06,16,15.855197900884,9.367,21.7971224489796,NaN,NaN
7.1,1,190,23-Jun-2026 11:34:03,16.2,16.0533800816824,9.387,21.8722244897959,NaN,NaN
7.1,1,190,23-Jun-2026 11:34:31,16.4,16.2515620701089,9.41673469387755,21.9108979591837,NaN,NaN
7.1,1,190,23-Jun-2026 11:34:49,16.6,16.4497438661527,9.44971428571429,21.9374285714286,NaN,NaN
7.1,1,190,23-Jun-2026 11:35:10,16.8,16.6479254697964,9.47274,21.95792,NaN,NaN
7.1,1,190,23-Jun-2026 11:35:40,17,16.8461068810614,9.47254,21.96432,NaN,NaN
7.1,1,190,23-Jun-2026 11:36:10,17.2,17.0442880999495,9.47234,21.97072,NaN,NaN
7.1,1,190,23-Jun-2026 11:36:20,17.4,17.2424691264628,9.43532545454545,21.9702545454545,NaN,NaN
7.1,1,190,23-Jun-2026 11:36:25,17.6,17.4406499605967,9.38910727272727,21.9680727272727,NaN,NaN
7.1,1,190,23-Jun-2026 11:36:30,17.8,17.6388306023468,9.34477727272727,21.9667272727273,NaN,NaN
7.1,1,190,23-Jun-2026 11:36:35,18,17.8370110517151,9.33632272727273,21.9812727272727,NaN,NaN
7.1,1,190,23-Jun-2026 11:36:40,18.2,18.0351913087097,9.32786818181818,21.9958181818182,NaN,NaN
7.1,1,190,23-Jun-2026 11:36:46,18.4,18.2333713733455,9.273696,22.0116,NaN,NaN
7.1,1,190,23-Jun-2026 11:36:52,18.6,18.4315512455986,9.211456,22.0276,NaN,NaN
7.1,1,190,23-Jun-2026 11:37:00,18.8,18.629730925471,9.117828,22.04318,NaN,NaN
7.1,1,190,23-Jun-2026 11:37:12,19,18.8279104129773,8.965908,22.05798,NaN,NaN
7.1,1,190,23-Jun-2026 11:37:23,19.2,19.0260897081193,8.813988,22.07278,NaN,NaN
7.1,1,190,23-Jun-2026 11:37:40,19.4,19.2242688108926,8.64342592592593,22.1322962962963,NaN,NaN
7.1,1,190,23-Jun-2026 11:37:57,19.6,19.4224477212988,8.46957407407407,22.1997037037037,NaN,NaN
7.1,1,190,23-Jun-2026 11:38:20,19.8,19.6206264393334,8.31036170212766,22.2628723404255,NaN,NaN
7.1,1,190,23-Jun-2026 11:39:10,20,19.8188049650046,8.23410638297872,22.3020212765957,NaN,NaN
7.1,1,190,23-Jun-2026 11:40:00,20.2,20.0169832983142,8.15785106382979,22.341170212766,NaN,NaN
7.1,1,190,23-Jun-2026 11:40:38,20.4,20.215161439264,8.10766666666667,22.365,NaN,NaN
7.1,1,190,23-Jun-2026 11:41:12,20.6,20.4133393878363,8.064,22.385,NaN,NaN
7.1,1,190,23-Jun-2026 11:41:34,20.8,20.6115171440652,8.01034814814815,22.4064814814815,NaN,NaN
7.1,1,190,23-Jun-2026 11:41:39,21,20.8096947079266,7.94171851851852,22.4301851851852,NaN,NaN
7.1,1,190,23-Jun-2026 11:41:44,21.2,21.0078720794479,7.87308888888889,22.4538888888889,NaN,NaN
7.1,1,190,23-Jun-2026 11:41:49,21.4,21.206049258586,7.826432,22.46716,NaN,NaN
7.1,1,190,23-Jun-2026 11:41:54,21.6,21.4042262453874,7.789192,22.47596,NaN,NaN
7.1,1,190,23-Jun-2026 11:42:00,21.8,21.6024030398282,7.75237959183674,22.4847959183673,NaN,NaN
7.1,1,190,23-Jun-2026 11:42:06,22,21.8005796419164,7.71727755102041,22.4937755102041,NaN,NaN
7.1,1,190,23-Jun-2026 11:42:12,22.2,21.9987560516536,7.68217551020408,22.5027551020408,NaN,NaN
7.1,1,190,23-Jun-2026 11:42:19,22.4,22.1969322690417,7.6497,22.5155,NaN,NaN
7.1,1,190,23-Jun-2026 11:42:25,22.6,22.395108294082,7.6181,22.5295,NaN,NaN
7.1,1,190,23-Jun-2026 11:42:32,22.8,22.5932841267636,7.58635744680851,22.5441489361702,NaN,NaN
7.1,1,190,23-Jun-2026 11:42:40,23,22.7914597671136,7.55418723404255,22.5607446808511,NaN,NaN
7.1,1,190,23-Jun-2026 11:42:48,23.2,22.9896352151015,7.5220170212766,22.5773404255319,NaN,NaN
7.1,1,190,23-Jun-2026 11:42:59,23.4,23.1878104707546,7.458575,22.603,NaN,NaN
7.1,1,190,23-Jun-2026 11:43:11,23.6,23.3859855340681,7.39165833333333,22.6296666666667,NaN,NaN
7.1,1,190,23-Jun-2026 11:43:25,23.8,23.5841604050242,7.34804905660377,22.6463962264151,NaN,NaN
7.1,1,190,23-Jun-2026 11:43:41,24,23.7823350836502,7.32774716981132,22.6531886792453,NaN,NaN
7.1,1,190,23-Jun-2026 11:43:58,24.2,23.9805095699347,7.30744528301887,22.6599811320755,NaN,NaN
7.1,1,190,23-Jun-2026 11:44:18,24.4,24.1786838638858,7.27657884615385,22.6675384615385,NaN,NaN
7.1,1,190,23-Jun-2026 11:44:38,24.6,24.3768579654856,7.24384807692308,22.6752307692308,NaN,NaN
7.1,1,190,23-Jun-2026 11:44:58,24.8,24.5750318747613,7.21239615384615,22.6839807692308,NaN,NaN
7.1,1,190,23-Jun-2026 11:45:21,25,24.7732055917016,7.18478076923077,22.6959038461538,NaN,NaN
7.1,1,190,23-Jun-2026 11:45:44,25.2,24.9713791163016,7.15716538461538,22.7078269230769,NaN,NaN
7.1,1,190,23-Jun-2026 11:46:09,25.4,25.169552448569,7.14078775510204,22.7151836734694,NaN,NaN
7.1,1,190,23-Jun-2026 11:46:34,25.6,25.3677255885182,7.1304612244898,22.7200816326531,NaN,NaN
7.1,1,190,23-Jun-2026 11:46:59,25.8,25.565898536125,7.12113333333333,22.7243333333333,NaN,NaN
7.1,1,190,23-Jun-2026 11:47:23,26,25.7640712913971,7.1158,22.726,NaN,NaN
7.1,1,190,23-Jun-2026 11:47:46,26.2,25.9622438543425,7.11046666666667,22.7276666666667,NaN,NaN
7.1,1,190,23-Jun-2026 11:48:11,26.4,26.1604162249753,7.09550196078431,22.7336470588235,NaN,NaN
7.1,1,190,23-Jun-2026 11:48:36,26.6,26.3585884032649,7.07812941176471,22.7407058823529,NaN,NaN
7.1,1,190,23-Jun-2026 11:49:05,26.8,26.5567603892446,7.06277021276596,22.7472765957447,NaN,NaN
7.1,1,190,23-Jun-2026 11:49:42,27,26.7549321828902,7.05345106382979,22.7523829787234,NaN,NaN
7.1,1,190,23-Jun-2026 11:50:19,27.2,26.9531037842159,7.04413191489362,22.7574893617021,NaN,NaN
7.1,1,190,23-Jun-2026 11:50:41,27.4,27.1512751932166,7.02928461538462,22.7635384615385,NaN,NaN
7.1,1,190,23-Jun-2026 11:51:01,27.6,27.3494464099193,7.01382307692308,22.7696923076923,NaN,NaN
7.1,1,190,23-Jun-2026 11:51:16,27.8,27.5476174342867,6.99943333333333,22.7755555555556,NaN,NaN
7.1,1,190,23-Jun-2026 11:51:21,28,27.745788266333,6.98754444444444,22.7807407407407,NaN,NaN
7.1,1,190,23-Jun-2026 11:51:26,28.2,27.9439589060724,6.97565555555556,22.7859259259259,NaN,NaN
7.1,1,190,23-Jun-2026 11:51:31,28.4,28.1421293534805,6.96084666666667,22.7914666666667,NaN,NaN
7.1,1,190,23-Jun-2026 11:51:36,28.6,28.3402996085904,6.94409111111111,22.7972444444444,NaN,NaN
7.1,1,190,23-Jun-2026 11:51:41,28.8,28.5384696713844,6.91807708333334,22.8065416666667,NaN,NaN
7.1,1,190,23-Jun-2026 11:51:47,29,28.7366395418636,6.87486875,22.822375,NaN,NaN
7.1,1,190,23-Jun-2026 11:51:52,29.2,28.934809220042,6.83166041666667,22.8382083333333,NaN,NaN
7.1,1,190,23-Jun-2026 11:52:00,29.4,29.1329787058952,6.74183333333333,22.878,NaN,NaN
7.1,1,190,23-Jun-2026 11:52:08,29.6,29.3311479994501,6.64955263157895,22.9190526315789,NaN,NaN
7.1,1,190,23-Jun-2026 11:52:15,29.8,29.5293171006951,6.565268,22.95656,NaN,NaN
7.1,1,190,23-Jun-2026 11:52:25,30,29.7274860096376,6.552948,22.96216,NaN,NaN
7.1,1,190,23-Jun-2026 11:52:35,30.2,29.9256547262789,6.540628,22.96776,NaN,NaN
7.1,1,190,23-Jun-2026 11:52:49,30.4,30.1238232506009,6.52090869565217,22.9767826086957,NaN,NaN
7.1,1,190,23-Jun-2026 11:53:06,30.6,30.3219915826432,6.49625652173913,22.9880869565217,NaN,NaN
7.1,1,190,23-Jun-2026 11:53:48,30.8,30.5201597223684,6.46836470588235,23.0004705882353,NaN,NaN
7.1,1,190,23-Jun-2026 11:55:28,31,30.7183276698033,6.4329137254902,23.0153725490196,NaN,NaN
7.1,1,190,23-Jun-2026 11:57:08,31.2,30.9164954249361,6.39746274509804,23.0302745098039,NaN,NaN
7.1,1,190,23-Jun-2026 11:57:51,31.4,31.114662987768,6.38095,23.0361,NaN,NaN
7.1,1,190,23-Jun-2026 11:58:15,31.6,31.3128303583065,6.37075,23.0389,NaN,NaN
7.1,1,190,23-Jun-2026 11:58:43,31.8,31.5109975365525,6.36117843137255,23.0415882352941,NaN,NaN
7.1,1,190,23-Jun-2026 11:59:26,32,31.7091645225008,6.35349215686274,23.0439411764706,NaN,NaN
7.1,1,190,23-Jun-2026 12:00:09,32.2,31.9073313161587,6.34580588235294,23.0462941176471,NaN,NaN
7.1,1,190,23-Jun-2026 12:00:38,32.4,32.1054979175274,6.33952857142857,23.0507142857143,NaN,NaN
7.1,1,190,23-Jun-2026 12:01:01,32.6,32.3036643266014,6.33385510204082,23.0560204081633,NaN,NaN
7.1,1,190,23-Jun-2026 12:01:20,32.8,32.5018305433944,6.32864081632653,23.0605102040816,NaN,NaN
7.1,1,190,23-Jun-2026 12:01:24,33,32.6999965678948,6.32480408163265,23.0625510204082,NaN,NaN
7.1,1,190,23-Jun-2026 12:01:28,33.2,32.8981624001098,6.32096734693878,23.0645918367347,NaN,NaN
7.1,1,190,23-Jun-2026 12:01:32,33.4,33.0963280400341,6.3176,23.0667142857143,NaN,NaN
7.1,1,190,23-Jun-2026 12:01:36,33.6,33.2944934876813,6.31435,23.0688571428571,NaN,NaN
7.1,1,190,23-Jun-2026 12:01:40,33.8,33.4926587430396,6.3111,23.071,NaN,NaN
7.1,1,190,23-Jun-2026 12:01:43,34,33.6908238061228,6.30468490566038,23.0747735849057,NaN,NaN
7.1,1,190,23-Jun-2026 12:01:46,34.2,33.8889886769189,6.29826981132075,23.0785471698113,NaN,NaN
7.1,1,190,23-Jun-2026 12:01:50,34.4,34.0871533554416,6.29211914893617,23.0823404255319,NaN,NaN
7.1,1,190,23-Jun-2026 12:01:53,34.6,34.2853178416727,6.28645957446809,23.086170212766,NaN,NaN
7.1,1,190,23-Jun-2026 12:01:57,34.8,34.4834821356386,6.2808,23.09,NaN,NaN
7.1,1,190,23-Jun-2026 12:02:00,35,34.6816462373338,6.27902222222222,23.0913333333333,NaN,NaN
7.1,1,190,23-Jun-2026 12:02:04,35.2,34.8798101467398,6.27724444444444,23.0926666666667,NaN,NaN
7.1,1,190,23-Jun-2026 12:02:07,35.4,35.0779738638832,6.26893636363636,23.098,NaN,NaN
7.1,1,290,24-Jun-2026 06:11:25,35.22,34.8996265271095,6.2232,23.124,NaN,NaN
7.1,1,290,24-Jun-2026 08:11:27,35.23,34.9095347165717,6.2361,23.119,NaN,NaN
7.1,1,290,24-Jun-2026 07:11:26,35.24,34.9194429055522,6.2337,23.12,NaN,NaN
7.1,1,290,23-Jun-2026 18:11:13,35.26,34.9392592820741,6.2145,23.128,8.74936601472581,0.285107062349335
7.1,1,290,23-Jun-2026 19:11:14,35.26,34.9392592820741,6.2157,23.128,8.51785446807075,0.277563043520199
7.1,1,290,23-Jun-2026 20:11:15,35.28,34.9590756566748,6.2162,23.127,8.2863429214157,0.270019024691063
7.1,1,290,24-Jun-2026 05:11:24,35.28,34.9590756566748,6.2241,23.125,NaN,NaN
7.1,1,290,24-Jun-2026 04:11:23,35.29,34.9689838432522,6.2179,23.127,NaN,NaN
7.1,1,290,23-Jun-2026 17:11:12,35.3,34.9788920293411,6.2202,23.125,8.98087756138086,0.292651081178471
7.1,1,290,24-Jun-2026 09:11:28,35.3,34.9788920293411,6.2385,23.115,NaN,NaN
7.1,1,290,23-Jun-2026 21:11:16,35.31,34.9888002149608,6.2182,23.126,8.05483137476064,0.262475005861927
7.1,1,290,24-Jun-2026 10:11:29,35.32,34.998708400092,6.2392,23.114,NaN,NaN
7.1,1,290,24-Jun-2026 11:11:30,35.35,35.0284329526246,6.2384,23.114,NaN,NaN
7.1,1,290,23-Jun-2026 16:11:10,35.36,35.0383411358397,6.2143,23.128,9.21245339894029,0.300197194986454
7.1,1,290,23-Jun-2026 22:11:17,35.37,35.0482493185662,6.219,23.126,7.82331982810558,0.254930987032791
7.1,1,290,24-Jun-2026 02:11:21,35.38,35.0581575008231,6.2181,23.126,NaN,NaN
7.1,1,290,24-Jun-2026 03:11:22,35.38,35.0581575008231,6.2173,23.127,NaN,NaN
7.1,1,290,23-Jun-2026 15:11:08,35.39,35.0680656825912,6.2137,23.128,9.44402923649973,0.307743308794437
7.1,1,290,24-Jun-2026 01:11:20,35.4,35.0779738638832,6.2196,23.125,7.12878518814042,0.232298930545384
7.1,1,290,24-Jun-2026 00:11:19,35.41,35.0878820446928,6.2196,23.126,7.36029673479547,0.23984294937452
7.1,1,290,23-Jun-2026 23:11:18,35.42,35.0977902250135,6.2187,23.126,7.59180828145053,0.247386968203655
7.1,1,290,23-Jun-2026 14:11:03,35.47,35.1473311194544,6.2183,23.124,NaN,NaN
7.1,1,590,NaT,0,0,NaN,NaN,NaN,NaN
7.1,1,590,NaT,0.2,0.198197575549084,NaN,NaN,282.427867356089,9.1329567053395
7.1,1,590,24-Jun-2026 14:23:43,0.4,0.396394958602638,19.3851,16.278,284.606328313599,9.20465126446497
7.1,1,590,24-Jun-2026 14:23:39,0.6,0.594592149189359,19.2345666666667,16.376,285.401989458916,9.23158468114663
7.1,1,590,24-Jun-2026 14:23:36,0.8,0.792789147292957,19.0437692307692,16.4683846153846,285.611824495621,9.23965401617694
7.1,1,590,24-Jun-2026 14:23:33,1,0.990985952922833,18.9660916666667,16.5305,285.633779872887,9.24064168207522
7.1,1,590,24-Jun-2026 14:23:28,1.2,1.18918256608195,18.9012090909091,16.5995,285.639048941762,9.24136294621117
7.1,1,590,24-Jun-2026 14:23:24,1.4,1.3873789867604,18.8617769230769,16.6443269230769,285.414502044777,9.2346848574966
7.1,1,590,24-Jun-2026 14:23:20,1.6,1.58557521495471,18.8271615384615,16.6847115384615,285.428173864717,9.23530109883854
7.1,1,590,24-Jun-2026 14:23:16,1.8,1.78377125068706,18.7880125,16.731875,285.344660476824,9.23318666408055
7.1,1,590,24-Jun-2026 14:23:11,2,1.98196709394753,18.7352625,16.799375,285.583428787629,9.2414170763861
7.1,1,590,24-Jun-2026 14:23:06,2.2,2.18016274473901,18.6825125,16.866875,285.513470593825,9.23981038609347
7.1,1,590,24-Jun-2026 14:23:00,2.4,2.37835820305796,18.6337019230769,16.9374807692308,285.636316358099,9.24417540707949
7.1,1,590,24-Jun-2026 14:22:54,2.6,2.57655346890084,18.5855865384615,17.0086346153846,285.480242507067,9.23967360944117
7.1,1,590,24-Jun-2026 14:22:47,2.8,2.7747485422962,18.5447173913043,17.0699347826087,285.484550936313,9.2402793728957
7.1,1,590,24-Jun-2026 14:22:38,3,2.97294342320192,18.5255869565217,17.1016739130435,285.278842314211,9.23390508640187
7.1,1,590,24-Jun-2026 14:22:28,3.2,3.1711381116594,18.5064565217391,17.1334130434783,285.312911187962,9.23531969680587
7.1,1,590,24-Jun-2026 14:22:11,3.4,3.36933260765859,18.486462,17.14336,285.489572029866,9.2410948594976
7.1,1,590,24-Jun-2026 14:21:54,3.6,3.56752691117663,18.466422,17.15216,285.756285379746,9.24988229149839
7.1,1,590,24-Jun-2026 14:21:27,3.8,3.76572102225485,18.4444096153846,17.1616730769231,285.923430921637,9.25543091424763
7.1,1,590,24-Jun-2026 14:20:48,4,3.9639149408575,18.4199865384615,17.1720576923077,286.177479932299,9.26371644676751
7.1,1,590,24-Jun-2026 14:20:09,4.2,4.16210866700663,18.3955634615385,17.1824423076923,286.391764705379,9.27081109236198
7.1,1,590,24-Jun-2026 14:19:18,4.4,4.360302200705,18.3364,17.2133333333333,286.470144976073,9.27369151073948
7.1,1,590,24-Jun-2026 14:18:23,4.6,4.55849554193609,18.2711058823529,17.2478431372549,287.291302393183,9.30098531651138
7.1,1,590,24-Jun-2026 14:17:28,4.8,4.75668869070905,18.2039469387755,17.2814285714286,287.195602960486,9.29809746105497
7.1,1,590,24-Jun-2026 14:16:31,5,4.95488164703947,18.1324367346939,17.3128571428571,287.577199821854,9.31066707157668
7.1,1,590,24-Jun-2026 14:15:33,5.2,5.15307441091721,18.0609265306122,17.3442857142857,287.062315853471,9.29418864830188
7.1,1,590,24-Jun-2026 14:14:14,5.4,5.35126698233855,18.041224,17.35206,288.046983131438,9.32637214059271
7.1,1,590,24-Jun-2026 14:12:51,5.6,5.54945936131259,18.030664,17.35566,287.488822709881,9.30831803558947
7.1,1,590,24-Jun-2026 14:11:22,5.8,5.74765154782918,18.029764,17.3615,287.117735559352,9.29632332312796
7.1,1,590,24-Jun-2026 14:09:41,6,5.94584354191667,18.046804,17.3715,286.820834757312,9.28674621183916
7.1,1,590,24-Jun-2026 14:08:00,6.2,6.14403534354558,18.063844,17.3815,285.624618308604,9.24815328086253
7.1,1,590,24-Jun-2026 14:06:29,6.4,6.34222695272499,18.110498,17.40476,287.323939005653,9.30323128537692
7.1,1,590,24-Jun-2026 14:05:00,6.6,6.54041836945752,18.162378,17.43036,291.222823512529,9.42966899873082
7.1,1,590,24-Jun-2026 14:03:51,6.8,6.7386095937522,18.0563470588235,17.4723921568627,295.18357610985,9.55898139982351
7.1,1,590,24-Jun-2026 14:03:19,7,6.93680062561165,17.6570529411765,17.5449411764706,300.824267822243,9.74318684636433
7.1,1,590,24-Jun-2026 14:02:46,7.2,7.1349914650256,17.2577588235294,17.6174901960784,304.613804262392,9.8674056256216
7.1,1,590,24-Jun-2026 14:01:56,7.4,7.33318211199662,17.0213666666667,17.6432592592593,305.568014766972,9.89851951733791
7.1,1,590,24-Jun-2026 14:01:02,7.6,7.53137256654014,16.8257,17.6573333333333,305.809706360432,9.90665197342573
7.1,1,590,24-Jun-2026 14:00:07,7.8,7.72956282863301,16.634916,17.67344,307.568496628548,9.96445596934082
7.1,1,590,24-Jun-2026 13:58:58,8,7.92775289829704,16.488076,17.70784,305.993327039341,9.91374433283475
7.1,1,590,24-Jun-2026 13:57:49,8.2,8.12594277552191,16.341236,17.74224,305.330093613173,9.8923582250262
7.1,1,590,24-Jun-2026 13:56:49,8.4,8.32413246031655,15.996247826087,17.962347826087,297.976284089731,9.65717437222225
7.1,1,590,24-Jun-2026 13:55:56,8.6,8.52232195267705,15.5191608695652,18.3062608695652,292.654196982228,9.48967037512523
7.1,1,590,24-Jun-2026 13:54:58,8.8,8.7205112526059,15.1257265306122,18.5970816326531,293.260265428787,9.51095487094048
7.1,1,590,24-Jun-2026 13:53:48,9,8.91870036010559,14.9274816326531,18.7640204081633,292.298642679143,9.48129840608195
7.1,1,590,24-Jun-2026 13:52:38,9.2,9.11688927518497,14.7292367346939,18.9309591836735,291.758940205756,9.46439990805475
7.1,1,590,24-Jun-2026 13:48:51,9.4,9.31507799782726,14.6218351851852,18.9821296296296,290.491353205111,9.42344270869683
7.1,1,590,24-Jun-2026 13:44:37,9.6,9.51326652803489,14.5304648148148,19.0128703703704,287.410889484424,9.32374583883742
7.1,1,590,24-Jun-2026 13:40:22,9.8,9.71145486583598,14.37634375,19.0855,285.068927516669,9.24845618245364
7.1,1,590,24-Jun-2026 13:36:08,10,9.90964301120082,13.8666354166667,19.3955,275.329606508462,8.93941749865784
7.1,1,590,24-Jun-2026 13:31:54,10.2,10.1078309641511,13.3569270833333,19.7055,274.706562480857,8.91972351643053
7.1,1,590,24-Jun-2026 13:29:55,10.4,10.3060187246635,13.0040714285714,19.9140204081633,271.148648289086,8.80586551548893
7.1,1,590,24-Jun-2026 13:28:41,10.6,10.5042062927725,12.7035,20.0887142857143,270.016591877492,8.76999355686164
7.1,1,590,24-Jun-2026 13:27:33,10.8,10.7023936684484,12.4366563636364,20.2512545454545,265.878166021247,8.63773645548075
7.1,1,590,24-Jun-2026 13:26:43,11,10.9005808517193,12.2485109090909,20.3854363636364,264.380163772863,8.58977422645992
7.1,1,590,24-Jun-2026 13:25:53,11.2,11.0987678425617,12.0603654545455,20.5196181818182,258.99666312486,8.41645094231164
7.1,1,590,24-Jun-2026 13:25:11,11.4,11.2969546410037,11.8202333333333,20.5921458333333,259.571749541511,8.43574010753184
7.1,1,590,24-Jun-2026 13:24:35,11.6,11.4951412470155,11.5375666666667,20.6142291666667,259.673478806535,8.43940029210712
7.1,1,590,24-Jun-2026 13:23:55,11.8,11.6933276606186,11.260976,20.63486,259.775208071559,8.4430604766824
7.1,1,590,24-Jun-2026 13:22:54,12,11.8915138818154,11.018816,20.64726,255.324414198338,8.29875920587076
7.1,1,590,24-Jun-2026 13:21:53,12.2,12.0896999105889,10.776656,20.65966,252.546173206297,8.20884758146912
7.1,1,590,24-Jun-2026 13:21:00,12.4,12.2878857469605,10.6974568627451,20.7185490196078,247.434900676711,8.04318398378856
7.1,1,590,24-Jun-2026 13:20:13,12.6,12.4860713909198,10.7060058823529,20.8024705882353,239.700507793933,7.79220799129618
7.1,1,590,24-Jun-2026 13:19:25,12.8,12.6842568424818,10.6990173913043,20.8906086956522,229.793816619107,7.47075968918019
7.1,1,590,24-Jun-2026 13:18:39,13,12.8824421016166,10.5521913043478,21.0166956521739,226.377199651862,7.36027789837542
7.1,1,590,24-Jun-2026 13:17:54,13.2,13.0806271683585,10.4053652173913,21.1427826086957,219.982654847933,7.15342259157493
7.1,1,590,24-Jun-2026 13:17:19,13.4,13.278812042697,10.1443265306122,21.2408163265306,213.420666169715,6.94137010454996
7.1,1,590,24-Jun-2026 13:16:48,13.6,13.476996724647,9.85473469387755,21.3318367346939,210.708731576979,6.85349491845981
7.1,1,590,24-Jun-2026 13:16:19,13.8,13.6751812141786,9.66658076923077,21.4087692307692,206.935174564675,6.73105590129784
7.1,1,590,24-Jun-2026 13:15:53,14,13.8733655113132,9.66681153846154,21.4595384615385,203.16161755237,6.60861688413587
7.1,1,590,24-Jun-2026 13:15:28,14.2,14.0715496160402,9.66704230769231,21.5103076923077,197.959234599054,6.43970428050448
7.1,1,590,24-Jun-2026 13:14:51,14.4,14.269733528381,9.6515375,21.5451875,194.66161702563,6.33247298708436
7.1,1,590,24-Jun-2026 13:14:11,14.6,14.4679172483184,9.6307875,21.5747708333333,187.669390643436,6.10517969325058
7.1,1,590,24-Jun-2026 13:13:34,14.8,14.6661007758609,9.58924166666667,21.6131041666667,176.982555452474,5.75782439900314
7.1,1,590,24-Jun-2026 13:13:03,15,14.8642841110043,9.509075,21.6676875,170.734701926749,5.55498106336735
7.1,1,590,24-Jun-2026 13:12:33,15.2,15.0624672537699,9.42890833333333,21.7222708333333,168.112304953216,5.46986321224439
7.1,1,590,24-Jun-2026 13:12:15,15.4,15.2606502041341,9.29299074074074,21.7482222222222,165.27842805497,5.37783452601763
7.1,1,590,24-Jun-2026 13:11:58,15.6,15.4588329621054,9.15413888888889,21.7726666666667,162.233071232012,5.27889500468707
7.1,1,590,24-Jun-2026 13:11:40,15.8,15.6570155276859,9.02009782608696,21.8080652173913,159.588572502235,5.19314252768587
7.1,1,590,24-Jun-2026 13:11:20,16,15.855197900884,8.90048913043478,21.8763260869565,154.591464584933,5.03092289645616
7.1,1,590,24-Jun-2026 13:11:00,16.2,16.0533800816824,8.78088043478261,21.9445869565217,151.245270045847,4.92216498216147
7.1,1,590,24-Jun-2026 13:10:49,16.4,16.2515620701089,8.78988076923077,21.9688269230769,147.899075506761,4.81340706786679
7.1,1,590,24-Jun-2026 13:10:40,16.6,16.4497438661527,8.80565,21.99075,145.038489990138,4.72039405506678
7.1,1,590,24-Jun-2026 13:10:30,16.8,16.6479254697964,8.8113375,22.01725,142.177904473514,4.62738104226677
7.1,1,590,24-Jun-2026 13:10:21,17,16.8461068810614,8.79830178571429,22.05225,139.31731895689,4.53436802946675
7.1,1,590,24-Jun-2026 13:10:12,17.2,17.0442880999495,8.78526607142857,22.08725,135.801513256655,4.4200427324744
7.1,1,590,24-Jun-2026 13:09:59,17.4,17.2424691264628,8.76277777777778,22.1115555555556,131.630487372807,4.2844051512897
7.1,1,590,24-Jun-2026 13:09:43,17.6,17.4406499605967,8.73255555555555,22.1271111111111,126.898928238734,4.13051655197954
7.1,1,590,24-Jun-2026 13:09:27,17.8,17.6388306023468,8.68543043478261,22.1417826086957,123.762976963478,4.02853776011147
7.1,1,590,24-Jun-2026 13:09:13,18,17.8370110517151,8.5988652173913,22.1543913043478,122.783166797262,3.99671979381097
7.1,1,590,24-Jun-2026 13:08:59,18.2,18.0351913087097,8.5123,22.167,121.657162283269,3.96017027348561
7.1,1,590,24-Jun-2026 13:08:49,18.4,18.2333713733455,8.46253076923077,22.2035384615385,120.3849634215,3.91888919913542
7.1,1,590,24-Jun-2026 13:08:38,18.6,18.4315512455986,8.41276153846154,22.2400769230769,118.933113765879,3.87171770425868
7.1,1,590,24-Jun-2026 13:08:26,18.8,18.629730925471,8.37665384615384,22.2643076923077,117.301613316406,3.81865578885539
7.1,1,590,24-Jun-2026 13:08:14,19,18.8279104129773,8.36103846153846,22.2700769230769,115.670112866933,3.7655938734521
7.1,1,590,24-Jun-2026 13:08:01,19.2,19.0260897081193,8.34542307692308,22.2758461538462,112.227459218264,3.65357098989917
7.1,1,590,24-Jun-2026 13:07:44,19.4,19.2242688108926,8.30350816326531,22.2897346938776,108.490030825658,3.53196557791347
7.1,1,590,24-Jun-2026 13:07:25,19.6,19.4224477212988,8.25501836734694,22.3056530612245,104.909160966532,3.41545818123387
7.1,1,590,24-Jun-2026 13:07:09,19.8,19.6206264393334,8.21407692307692,22.3188269230769,101.779624384823,3.31363132829313
7.1,1,590,24-Jun-2026 13:06:57,20,19.8188049650046,8.18715384615385,22.3269038461538,99.8614861790196,3.251218907622
7.1,1,590,24-Jun-2026 13:06:45,20.2,20.0169832983142,8.16023076923077,22.3349807692308,97.9433479732161,3.18880648695087
7.1,1,590,24-Jun-2026 13:06:33,20.4,20.215161439264,8.11492857142857,22.3495510204082,96.5766637291324,3.14435437837675
7.1,1,590,24-Jun-2026 13:06:22,20.6,20.4133393878363,8.0635,22.3662857142857,95.7614334467686,3.11786258189964
7.1,1,590,24-Jun-2026 13:06:08,20.8,20.6115171440652,8.0128,22.3835,94.9462031644048,3.09137078542253
7.1,1,590,24-Jun-2026 13:05:50,21,20.8096947079266,7.9638,22.4018333333333,93.6776051428258,3.05014185171739
7.1,1,590,24-Jun-2026 13:05:31,21.2,21.0078720794479,7.9148,22.4201666666667,92.4302463368341,3.00957288468306
7.1,1,590,24-Jun-2026 13:05:17,21.4,21.206049258586,7.89059411764706,22.4301176470588,91.1784090012804,2.96884899806672
7.1,1,590,24-Jun-2026 13:05:03,21.6,21.4042262453874,7.8691431372549,22.439137254902,89.9220931361646,2.92797019186838
7.1,1,590,24-Jun-2026 13:04:49,21.8,21.6024030398282,7.85199814814815,22.4470740740741,88.699239713475,2.88817528434632
7.1,1,590,24-Jun-2026 13:04:32,22,21.8005796419164,7.84285,22.453,87.5098487332117,2.84946427550054
7.1,1,590,24-Jun-2026 13:04:15,22.2,21.9987560516536,7.83370185185185,22.4589259259259,86.1833926263105,2.80629643107401
7.1,1,590,24-Jun-2026 13:03:53,22.4,22.1969322690417,7.81519791666667,22.4637083333333,84.7198713927715,2.75867175106674
7.1,1,590,24-Jun-2026 13:03:28,22.6,22.395108294082,7.79165625,22.467875,83.2452286947281,2.7106712769684
7.1,1,590,24-Jun-2026 13:03:04,22.8,22.5932841267636,7.76009782608696,22.476652173913,82.7894161811339,2.69588382459545
7.1,1,590,24-Jun-2026 13:02:48,23,22.7914597671136,7.70448913043478,22.4992608695652,82.4336005242832,2.68435095776946
7.1,1,590,24-Jun-2026 13:02:32,23.2,22.9896352151015,7.64888043478261,22.5218695652174,82.177781724176,2.67607267649045
7.1,1,590,24-Jun-2026 13:01:59,23.4,23.1878104707546,7.61967924528302,22.532320754717,79.6654409389615,2.59430003943396
7.1,1,590,24-Jun-2026 13:01:25,23.6,23.3859855340681,7.5918679245283,22.5421320754717,77.0443266211824,2.50898365840851
7.1,1,590,24-Jun-2026 13:00:55,23.8,23.5841604050242,7.55362692307692,22.5562692307692,74.3144387708386,2.42012353341408
7.1,1,590,24-Jun-2026 13:00:35,24,23.7823350836502,7.49105,22.5805,72.242153418157,2.35267974861602
7.1,1,590,24-Jun-2026 13:00:15,24.2,23.9805095699347,7.42847307692308,22.6047307692308,70.1698680654754,2.28523596381795
7.1,1,590,24-Jun-2026 12:59:54,24.4,24.1786838638858,7.38525833333333,22.6204583333333,66.0478880468831,2.15104119496333
7.1,1,590,24-Jun-2026 12:59:33,24.6,24.3768579654856,7.35034166666667,22.6325416666667,60.1542656116841,1.95915996094603
7.1,1,590,24-Jun-2026 12:59:15,24.8,24.5750318747613,7.29934150943396,22.6509622641509,57.1519064697201,1.86142514012014
7.1,1,590,24-Jun-2026 12:59:04,25,24.7732055917016,7.21081320754717,22.6841698113208,55.1791568440475,1.79722859893296
7.1,1,590,24-Jun-2026 12:58:52,25.2,24.9713791163016,7.12228490566038,22.7173773584906,54.2360167346659,1.76657033738451
7.1,1,590,24-Jun-2026 12:58:42,25.4,25.169552448569,7.03824375,22.7509375,53.2928766252844,1.73591207583606
7.1,1,590,24-Jun-2026 12:58:32,25.6,25.3677255885182,6.95661875,22.7846875,52.9710670059911,1.7254705110681
7.1,1,590,24-Jun-2026 12:58:17,25.8,25.565898536125,6.8909612244898,22.8114285714286,52.6492573866977,1.71502894630014
7.1,1,590,24-Jun-2026 12:57:46,26,25.7640712913971,6.87320612244898,22.8171428571429,51.6009521462701,1.68089798310357
7.1,1,590,24-Jun-2026 12:57:16,26.2,25.9622438543425,6.85545102040816,22.8228571428571,50.3276378617723,1.63942717041665
7.1,1,590,24-Jun-2026 12:56:47,26.4,26.1604162249753,6.84429183673469,22.8249795918367,48.4756258755627,1.57910219351506
7.1,1,590,24-Jun-2026 12:56:20,26.6,26.3585884032649,6.83478163265306,22.8262040816327,45.2588348642206,1.47432429063439
7.1,1,590,24-Jun-2026 12:55:54,26.8,26.5567603892446,6.81384509803921,22.8326274509804,40.6772648277461,1.32509346177465
7.1,1,590,24-Jun-2026 12:55:33,27,26.7549321828902,6.77168823529412,22.8487058823529,37.5617377860673,1.22363103206385
7.1,1,590,24-Jun-2026 12:55:13,27.2,26.9531037842159,6.72953137254902,22.8647843137255,36.4404210960922,1.18712106388973
7.1,1,590,24-Jun-2026 12:55:00,27.4,27.1512751932166,6.68934347826087,22.8801739130435,35.3191044061171,1.1506110957156
7.1,1,590,24-Jun-2026 12:54:50,27.6,27.3494464099193,6.64964782608696,22.8953913043478,34.4109488151561,1.12103498535772
7.1,1,590,24-Jun-2026 12:54:39,27.8,27.5476174342867,6.62447924528302,22.905641509434,33.5027932241949,1.09145887499984
7.1,1,590,24-Jun-2026 12:54:27,28,27.745788266333,6.61383773584906,22.9109245283019,32.3638754559632,1.05436230346501
7.1,1,590,24-Jun-2026 12:54:15,28.2,27.9439589060724,6.60319622641509,22.9162075471698,30.9941955104607,1.00974527075322
7.1,1,590,24-Jun-2026 12:53:58,28.4,28.1421293534805,6.5965641509434,22.9198867924528,27.9820597181085,0.911619436042162
7.1,1,590,24-Jun-2026 12:53:40,28.6,28.3402996085904,6.59063962264151,22.9232830188679,23.8557621449387,0.777195517282513
7.1,1,590,24-Jun-2026 12:53:23,28.8,28.5384696713844,6.58246153846154,22.9273846153846,20.2577586378008,0.659982316473536
7.1,1,590,24-Jun-2026 12:53:12,29,28.7366395418636,6.56526923076923,22.9343076923077,19.001791279921,0.619067466398141
7.1,1,590,24-Jun-2026 12:53:00,29.2,28.934809220042,6.54807692307692,22.9412307692308,17.7458239220413,0.578152616322746
7.1,1,590,24-Jun-2026 12:52:51,29.4,29.1329787058952,6.52978775510204,22.9498775510204,16.4898565641615,0.537237766247351
7.1,1,590,24-Jun-2026 12:52:42,29.6,29.3311479994501,6.51076734693878,22.9596734693878,15.7081245956142,0.511773248674553
7.1,1,590,24-Jun-2026 12:52:34,29.8,29.5293171006951,6.49278125,22.9695625,14.9263926270669,0.486308731101756
7.1,1,590,24-Jun-2026 12:52:27,30,29.7274860096376,6.48065625,22.9799791666667,14.1446606585195,0.460844213528958
7.1,1,590,24-Jun-2026 12:52:19,30.2,29.9256547262789,6.46853125,22.9903958333333,13.4120255961862,0.436979387969904
7.1,1,590,24-Jun-2026 12:52:11,30.4,30.1238232506009,6.44897115384615,23.0007884615385,12.7284874400668,0.414714254424591
7.1,1,590,24-Jun-2026 12:52:02,30.6,30.3219915826432,6.42693269230769,23.0111730769231,12.0449492839475,0.392449120879279
7.1,1,590,24-Jun-2026 12:51:53,30.8,30.5201597223684,6.40589230769231,23.0212692307692,10.8215147071524,0.352590112401635
7.1,1,590,24-Jun-2026 12:51:44,31,30.7183276698033,6.39050769230769,23.0297307692308,9.59808013035732,0.312731103923991
7.1,1,590,24-Jun-2026 12:51:35,31.2,30.9164954249361,6.37512307692308,23.0381923076923,8.86607504891986,0.288883350712173
7.1,1,590,24-Jun-2026 12:51:28,31.4,31.114662987768,6.36249047619048,23.0472380952381,8.62549946283999,0.28104685276618
7.1,1,590,24-Jun-2026 12:51:20,31.6,31.3128303583065,6.35210952380952,23.0567619047619,8.38492387676011,0.273210354820187
7.1,1,590,24-Jun-2026 12:51:14,31.8,31.5109975365525,6.336284,23.06578,8.14434829068024,0.265373856874194
7.1,1,590,24-Jun-2026 12:51:08,32,31.7091645225008,6.313804,23.07418,7.94255185156679,0.25880057680628
7.1,1,590,24-Jun-2026 12:51:02,32.2,31.9073313161587,6.291324,23.08258,7.77953455941975,0.253490514616446
7.1,1,590,24-Jun-2026 12:50:56,32.4,32.1054979175274,6.28056181818182,23.0881818181818,7.6165172672727,0.248180452426612
7.1,1,590,24-Jun-2026 12:50:50,32.6,32.3036643266014,6.27041636363636,23.0936363636364,7.45349997512567,0.242870390236778
7.1,1,590,24-Jun-2026 12:50:44,32.8,32.5018305433944,6.26120196078431,23.0983137254902,7.35505011324724,0.239663559787802
7.1,1,590,24-Jun-2026 12:50:38,33,32.6999965678948,6.25571176470588,23.0998823529412,7.32116768163744,0.238559961079684
7.1,1,590,24-Jun-2026 12:50:33,33.2,32.8981624001098,6.25022156862745,23.1014509803922,7.28728525002763,0.237456362371566
7.1,1,590,24-Jun-2026 12:50:27,33.4,33.0963280400341,6.24710196078431,23.1027647058824,7.25340281841782,0.236352763663448
7.1,1,590,24-Jun-2026 12:50:21,33.6,33.2944934876813,6.24525882352941,23.1039411764706,7.21952038680801,0.235249164955329
7.1,1,590,24-Jun-2026 12:50:15,33.8,33.4926587430396,6.24355510204082,23.1051224489796,7.1916754876279,0.234342275952314
7.1,1,590,24-Jun-2026 12:50:06,34,33.6908238061228,6.24310612244898,23.1063469387755,7.1638305884478,0.233435386949299
7.1,1,590,24-Jun-2026 12:49:58,34.2,33.8889886769189,6.24265714285714,23.1075714285714,7.13598568926769,0.232528497946284
7.1,1,590,24-Jun-2026 12:49:47,34.4,34.0871533554416,6.242656,23.10826,7.11834336171854,0.231953893236028
7.1,1,590,24-Jun-2026 12:49:36,34.6,34.2853178416727,6.242896,23.10866,7.10070103416938,0.231379288525772
7.1,1,590,24-Jun-2026 12:47:46,34.8,34.4834821356386,6.24311836734694,23.1090612244898,7.08454049444815,0.230852940747416
7.1,1,590,24-Jun-2026 12:36:38,35,34.6816462373338,6.24324081632653,23.1094693877551,7.06986174255485,0.230374849900961
7.1,1,590,24-Jun-2026 12:25:29,35.2,34.8798101467398,6.24336326530612,23.1098775510204,7.09974451019412,0.231349153675413
7.1,1,700,24-Jun-2026 14:35:06,-0.2,-0.198197768028353,21.5213,7.755,230.226792822104,7.38724958025023
7.1,1,700,24-Jun-2026 14:35:16,-0.2,-0.198197768028353,21.5284,7.766,230.073927393387,7.38232267883031
7.1,1,700,24-Jun-2026 14:35:26,-0.03,-0.0297296529326427,21.5317,7.789,229.676390800032,7.36950964906256
7.1,1,700,24-Jun-2026 14:35:36,-0.03,-0.0297296529326427,21.5428,7.798,229.376549718808,7.35985697043498
7.1,1,700,24-Jun-2026 14:35:56,-0.03,-0.0297296529326427,21.5596,7.811,NaN,NaN
7.1,1,700,24-Jun-2026 14:34:06,-0.02,-0.0198197681364178,21.4416,0.119,NaN,NaN
7.1,1,700,24-Jun-2026 14:34:16,-0.02,-0.0198197681364178,21.4473,7.839,232.747651366793,7.45857656139598
7.1,1,700,24-Jun-2026 14:34:26,-0.02,-0.0198197681364178,21.4712,7.901,230.161968378205,7.38602452306526
7.1,1,700,24-Jun-2026 14:34:36,-0.02,-0.0198197681364178,21.4878,7.76,230.306768591512,7.39023792187391
7.1,1,700,24-Jun-2026 14:34:46,-0.01,-0.00990988382980743,21.5005,7.733,230.014787250835,7.38050510188848
7.1,1,700,24-Jun-2026 14:34:56,-0.01,-0.00990988382980743,21.5147,7.742,230.070624889173,7.38224363263002
7.1,1,700,24-Jun-2026 14:35:46,0,0,21.5498,7.805,229.286695188548,7.35692454431404
7.2,2,190,24-Jun-2026 15:05:51,0,0,22.1088105263158,1.08789473684211,232.216706889102,7.40160755310798
7.2,2,190,24-Jun-2026 15:10:25,0.2,0.198197575549084,21.4072090909091,7.47245454545455,268.519611552457,8.62374236773523
7.2,2,190,24-Jun-2026 15:14:00,0.4,0.396394958602638,19.9791181818182,7.62063636363636,298.057614501422,9.57674966864446
7.2,2,190,24-Jun-2026 15:16:43,0.6,0.594592149189359,19.45034,7.6686,300.995418003036,9.67210235533164
7.2,2,190,24-Jun-2026 15:17:32,0.8,0.792789147292957,19.2579,7.69163636363636,302.454206424281,9.71949025119055
7.2,2,190,24-Jun-2026 15:19:04,1,0.990985952922833,19.1731068965517,8.88531034482759,292.136338730333,9.42989848610092
7.2,2,190,24-Jun-2026 15:19:45,1.2,1.18918256608195,19.1959344827586,13.6825517241379,290.003403612079,9.36884544389688
7.2,2,190,24-Jun-2026 15:20:17,1.4,1.3873789867604,19.2164407407407,15.1646666666667,289.700316078504,9.363970683426
7.2,2,190,24-Jun-2026 15:20:47,1.6,1.58557521495471,19.2363666666667,15.818,288.26514386464,9.32275241664096
7.2,2,190,24-Jun-2026 15:21:16,1.8,1.78377125068706,19.2473681818182,16.4097272727273,288.443029986821,9.33041492233224
7.2,2,190,24-Jun-2026 15:21:42,2,1.98196709394753,19.17805,16.447,288.36516012067,9.32883790543823
7.2,2,190,24-Jun-2026 15:22:07,2.2,2.18016274473901,19.1087318181818,16.4842727272727,288.435199121838,9.33151937538885
7.2,2,190,24-Jun-2026 15:22:26,2.4,2.37835820305796,19.0632235294118,16.5176470588235,288.374583027903,9.32983251348403
7.2,2,190,24-Jun-2026 15:22:45,2.6,2.57655346890084,19.0203607843137,16.5505882352941,288.181888531786,9.32383121811825
7.2,2,190,24-Jun-2026 15:23:00,2.8,2.7747485422962,18.984775,16.5765,288.018052148932,9.3186804468657
7.2,2,190,24-Jun-2026 15:23:10,3,2.97294342320192,18.9627035714286,16.5893571428571,287.951553478006,9.31661352843294
7.2,2,190,24-Jun-2026 15:23:19,3.2,3.1711381116594,18.9406321428571,16.6022142857143,288.027698935809,9.31919718350231
7.2,2,190,24-Jun-2026 15:23:28,3.4,3.36933260765859,18.9212714285714,16.613387755102,288.304892927849,9.32833254123274
7.2,2,190,24-Jun-2026 15:23:35,3.6,3.56752691117663,18.9041285714286,16.6231836734694,289.103746016702,9.35434434245662
7.2,2,190,24-Jun-2026 15:23:42,3.8,3.76572102225485,18.8874347826087,16.6330434782609,289.419820223787,9.36463926713026
7.2,2,190,24-Jun-2026 15:23:49,4,3.9639149408575,18.8747826086957,16.6434782608696,289.589848992728,9.37023290998011
7.2,2,190,24-Jun-2026 15:23:56,4.2,4.16210866700663,18.8621304347826,16.6539130434783,290.092151669693,9.38660996594898
7.2,2,190,24-Jun-2026 15:24:03,4.4,4.360302200705,18.8461098039216,16.6647843137255,290.758138226944,9.40835256034583
7.2,2,190,24-Jun-2026 15:24:10,4.6,4.55849554193609,18.8292470588235,16.6757647058824,291.167879320278,9.42175084188761
7.2,2,190,24-Jun-2026 15:24:16,4.8,4.75668869070905,18.8079367346939,16.6869591836735,291.472193212663,9.43177826832226
7.2,2,190,24-Jun-2026 15:24:24,5,4.95488164703947,18.7732836734694,16.6987959183673,291.633539158339,9.43717186441723
7.2,2,190,24-Jun-2026 15:24:31,5.2,5.15307441091721,18.7386306122449,16.7106326530612,291.886484380463,9.44560791405966
7.2,2,190,24-Jun-2026 15:24:42,5.4,5.35126698233855,18.4932407407407,16.8072222222222,291.759952488381,9.44212417599964
7.2,2,190,24-Jun-2026 15:24:53,5.6,5.54945936131259,18.1951666666667,16.925,293.459440801394,9.49765908673428
7.2,2,190,24-Jun-2026 15:25:12,5.8,5.74765154782918,17.9113304347826,17.0401739130435,295.249334169174,9.55713479044621
7.2,2,190,24-Jun-2026 15:26:37,6,5.94584354191667,17.7556347826087,17.1319130434783,301.149749896322,9.74959564670338
7.2,2,190,24-Jun-2026 15:28:02,6.2,6.14403534354558,17.5999391304348,17.223652173913,303.331966364846,9.82157259558289
7.2,2,190,24-Jun-2026 15:29:47,6.4,6.34222695272499,17.6504,17.2973846153846,301.30545753631,9.75629129994322
7.2,2,190,24-Jun-2026 15:31:37,6.6,6.54041836945752,17.7524,17.3666153846154,297.540713157569,9.63450746569655
7.2,2,190,24-Jun-2026 15:33:18,6.8,6.7386095937522,17.7961387755102,17.4394693877551,296.171355581495,9.59014153334648
7.2,2,190,24-Jun-2026 15:34:28,7,6.93680062561165,17.6068326530612,17.5268163265306,289.43900633666,9.37330135685678
7.2,2,190,24-Jun-2026 15:35:37,7.2,7.1349914650256,17.4175265306122,17.6141632653061,293.294496572105,9.49960250002701
7.2,2,190,24-Jun-2026 15:36:25,7.4,7.33318211199662,17.23410625,17.642875,293.805476194099,9.51621087972195
7.2,2,190,24-Jun-2026 15:37:05,7.6,7.53137256654014,17.0526479166667,17.6520416666667,294.886228994236,9.55139686887658
7.2,2,190,24-Jun-2026 15:37:53,7.8,7.72956282863301,16.7551690909091,17.7310545454545,300.545146749349,9.73638991269907
7.2,2,190,24-Jun-2026 15:38:55,8,7.92775289829704,16.2422236363636,17.9397818181818,303.707289776543,9.84032777840739
7.2,2,190,24-Jun-2026 15:39:57,8.2,8.12594277552191,15.7292781818182,18.1485090909091,305.577182188909,9.90174916943309
7.2,2,190,24-Jun-2026 15:40:52,8.4,8.32413246031655,15.4573909090909,18.3675454545455,305.128600516674,9.89150605388066
7.2,2,190,24-Jun-2026 15:41:42,8.6,8.52232195267705,15.3462090909091,18.5934545454545,308.002448907317,9.98847284062813
7.2,2,190,24-Jun-2026 15:42:22,8.8,8.7205112526059,15.2119307692308,18.7576153846154,305.94873187499,9.92242257178828
7.2,2,190,24-Jun-2026 15:42:46,9,8.91870036010559,15.0430076923077,18.8291538461538,304.93996873852,9.8900551814835
7.2,2,190,24-Jun-2026 15:43:11,9.2,9.11688927518497,14.8740846153846,18.9006923076923,303.621692851393,9.84845888483398
7.2,2,190,24-Jun-2026 15:43:30,9.4,9.31507799782726,14.4668725490196,19.1063725490196,302.485443689913,9.81324361400166
7.2,2,190,24-Jun-2026 15:43:48,9.6,9.51326652803489,14.0000882352941,19.3455882352941,302.622251637824,9.81999506105594
7.2,2,190,24-Jun-2026 15:44:06,9.8,9.71145486583598,13.57575,19.5677083333333,301.664969793008,9.79229798847847
7.2,2,190,24-Jun-2026 15:44:23,10,9.90964301120082,13.27875,19.7385416666667,299.514055856061,9.72394974725508
7.2,2,190,24-Jun-2026 15:44:40,10.2,10.1078309641511,12.98175,19.909375,NaN,NaN
7.2,2,190,24-Jun-2026 15:45:04,10.4,10.3060187246635,12.7341765957447,20.0254255319149,NaN,NaN
7.2,2,190,24-Jun-2026 15:45:30,10.6,10.5042062927725,12.4953255319149,20.1318085106383,NaN,NaN
7.2,2,190,24-Jun-2026 15:45:52,10.8,10.7023936684484,12.286037254902,20.236568627451,NaN,NaN
7.2,2,190,24-Jun-2026 15:46:11,11,10.9005808517193,12.1063117647059,20.3397058823529,NaN,NaN
7.2,2,190,24-Jun-2026 15:46:31,11.2,11.0987678425617,11.9265862745098,20.4428431372549,NaN,NaN
7.2,2,190,24-Jun-2026 15:47:26,11.4,11.2969546410037,11.6685944444444,20.4560925925926,NaN,NaN
7.2,2,190,24-Jun-2026 15:48:23,11.6,11.4951412470155,11.4064833333333,20.4646111111111,NaN,NaN
7.2,2,190,24-Jun-2026 15:49:20,11.8,11.6933276606186,11.2023622641509,20.4975094339623,NaN,NaN
7.2,2,190,24-Jun-2026 15:50:17,12,11.8915138818154,11.1722113207547,20.6035471698113,NaN,NaN
7.2,2,190,24-Jun-2026 15:51:14,12.2,12.0896999105889,11.1420603773585,20.7095849056604,NaN,NaN
7.2,2,190,24-Jun-2026 15:52:19,12.4,12.2878857469605,11.0996869565217,20.8138260869565,NaN,NaN
7.2,2,190,24-Jun-2026 15:53:29,12.6,12.4860713909198,11.0491652173913,20.9168695652174,NaN,NaN
7.2,2,190,24-Jun-2026 15:54:49,12.8,12.6842568424818,10.9068269230769,21.0149615384615,NaN,NaN
7.2,2,190,24-Jun-2026 15:56:35,13,12.8824421016166,10.55025,21.1015,NaN,NaN
7.2,2,190,24-Jun-2026 15:58:21,13.2,13.0806271683585,10.1936730769231,21.1880384615385,NaN,NaN
7.2,2,190,24-Jun-2026 15:59:37,13.4,13.278812042697,10.030084,21.25264,NaN,NaN
7.2,2,190,24-Jun-2026 16:00:41,13.6,13.476996724647,9.949204,21.30784,NaN,NaN
7.2,2,190,24-Jun-2026 16:01:44,13.8,13.6751812141786,9.878612,21.35856,NaN,NaN
7.2,2,190,24-Jun-2026 16:02:46,14,13.8733655113132,9.849172,21.39136,NaN,NaN
7.2,2,190,24-Jun-2026 16:03:48,14.2,14.0715496160402,9.819732,21.42416,NaN,NaN
7.2,2,190,24-Jun-2026 16:04:49,14.4,14.269733528381,9.7528137254902,21.4776470588235,NaN,NaN
7.2,2,190,24-Jun-2026 16:05:49,14.6,14.4679172483184,9.66983333333333,21.54,NaN,NaN
7.2,2,190,24-Jun-2026 16:06:50,14.8,14.6661007758609,9.57586666666667,21.6004,NaN,NaN
7.2,2,190,24-Jun-2026 16:07:58,15,14.8642841110043,9.41964444444444,21.6497333333333,NaN,NaN
7.2,2,190,24-Jun-2026 16:09:07,15.2,15.0624672537699,9.26342222222222,21.6990666666667,NaN,NaN
7.2,2,190,24-Jun-2026 16:10:06,15.4,15.2606502041341,9.190524,21.7454,NaN,NaN
7.2,2,190,24-Jun-2026 16:11:05,15.6,15.4588329621054,9.126884,21.7914,NaN,NaN
7.2,2,190,24-Jun-2026 16:11:45,15.8,15.6570155276859,9.053132,21.83036,NaN,NaN
7.2,2,190,24-Jun-2026 16:11:58,16,15.855197900884,8.964212,21.85876,NaN,NaN
7.2,2,190,24-Jun-2026 16:12:10,16.2,16.0533800816824,8.875292,21.88716,NaN,NaN
7.2,2,190,24-Jun-2026 16:12:58,16.4,16.2515620701089,8.80890188679245,21.9243018867925,NaN,NaN
7.2,2,190,24-Jun-2026 16:13:50,16.6,16.4497438661527,8.74501509433962,21.9624150943396,NaN,NaN
7.2,2,190,24-Jun-2026 16:14:40,16.8,16.6479254697964,8.70302452830189,21.9997735849057,NaN,NaN
7.2,2,190,24-Jun-2026 16:15:24,17,16.8461068810614,8.72672264150943,22.0348679245283,NaN,NaN
7.2,2,190,24-Jun-2026 16:16:08,17.2,17.0442880999495,8.75042075471698,22.0699622641509,NaN,NaN
7.2,2,190,24-Jun-2026 16:16:30,17.4,17.2424691264628,8.72308181818182,22.1028181818182,NaN,NaN
7.2,2,190,24-Jun-2026 16:16:36,17.6,17.4406499605967,8.66171818181818,22.1341818181818,NaN,NaN
7.2,2,190,24-Jun-2026 16:16:44,17.8,17.6388306023468,8.59559230769231,22.1666923076923,NaN,NaN
7.2,2,190,24-Jun-2026 16:16:51,18,17.8370110517151,8.52232307692308,22.2009230769231,NaN,NaN
7.2,2,190,24-Jun-2026 16:16:59,18.2,18.0351913087097,8.44905384615385,22.2351538461538,NaN,NaN
7.2,2,190,24-Jun-2026 16:17:09,18.4,18.2333713733455,8.38912941176471,22.2589411764706,NaN,NaN
7.2,2,190,24-Jun-2026 16:17:20,18.6,18.4315512455986,8.33254117647059,22.2801176470588,NaN,NaN
7.2,2,190,24-Jun-2026 16:17:33,18.8,18.629730925471,8.27710980392157,22.3002156862745,NaN,NaN
7.2,2,190,24-Jun-2026 16:17:51,19,18.8279104129773,8.22514901960784,22.3170784313725,NaN,NaN
7.2,2,190,24-Jun-2026 16:18:08,19.2,19.0260897081193,8.17318823529412,22.3339411764706,NaN,NaN
7.2,2,190,24-Jun-2026 16:18:29,19.4,19.2242688108926,8.096784,22.36056,NaN,NaN
7.2,2,190,24-Jun-2026 16:18:52,19.6,19.4224477212988,8.009904,22.39136,NaN,NaN
7.2,2,190,24-Jun-2026 16:19:14,19.8,19.6206264393334,7.93086274509804,22.4189019607843,NaN,NaN
7.2,2,190,24-Jun-2026 16:19:39,20,19.8188049650046,7.88317647058824,22.4334117647059,NaN,NaN
7.2,2,190,24-Jun-2026 16:20:04,20.2,20.0169832983142,7.83549019607843,22.4479215686275,NaN,NaN
7.2,2,190,24-Jun-2026 16:20:34,20.4,20.215161439264,7.80067647058824,22.4596274509804,NaN,NaN
7.2,2,190,24-Jun-2026 16:21:08,20.6,20.4133393878363,7.77279411764706,22.4698235294118,NaN,NaN
7.2,2,190,24-Jun-2026 16:21:45,20.8,20.6115171440652,7.746,22.4796956521739,NaN,NaN
7.2,2,190,24-Jun-2026 16:23:05,21,20.8096947079266,7.729,22.486652173913,NaN,NaN
7.2,2,190,24-Jun-2026 16:24:25,21.2,21.0078720794479,7.712,22.4936086956522,NaN,NaN
7.2,2,190,24-Jun-2026 16:25:11,21.4,21.206049258586,7.69315384615385,22.5045384615385,NaN,NaN
7.2,2,190,24-Jun-2026 16:25:49,21.6,21.4042262453874,7.67384615384615,22.5164615384615,NaN,NaN
7.2,2,190,24-Jun-2026 16:26:21,21.8,21.6024030398282,7.6551137254902,22.5272549019608,NaN,NaN
7.2,2,190,24-Jun-2026 16:26:26,22,21.8005796419164,7.63868235294118,22.5335294117647,NaN,NaN
7.2,2,190,24-Jun-2026 16:26:32,22.2,21.9987560516536,7.62225098039216,22.5398039215686,NaN,NaN
7.2,2,190,24-Jun-2026 16:26:37,22.4,22.1969322690417,7.60389,22.54668,NaN,NaN
7.2,2,190,24-Jun-2026 16:26:43,22.6,22.395108294082,7.58449,22.55388,NaN,NaN
7.2,2,190,24-Jun-2026 16:26:48,22.8,22.5932841267636,7.56557115384615,22.5608653846154,NaN,NaN
7.2,2,190,24-Jun-2026 16:26:55,23,22.7914597671136,7.54937884615385,22.5666346153846,NaN,NaN
7.2,2,190,24-Jun-2026 16:27:02,23.2,22.9896352151015,7.53318653846154,22.5724038461538,NaN,NaN
7.2,2,190,24-Jun-2026 16:27:10,23.4,23.1878104707546,7.518475,22.577,NaN,NaN
7.2,2,190,24-Jun-2026 16:27:20,23.6,23.3859855340681,7.504975,22.5806363636364,NaN,NaN
7.2,2,190,24-Jun-2026 16:27:32,23.8,23.5841604050242,7.48609622641509,22.5866981132075,NaN,NaN
7.2,2,190,24-Jun-2026 16:27:47,24,23.7823350836502,7.45722830188679,22.5972641509434,NaN,NaN
7.2,2,190,24-Jun-2026 16:28:03,24.2,23.9805095699347,7.42836037735849,22.6078301886792,NaN,NaN
7.2,2,190,24-Jun-2026 16:29:04,24.4,24.1786838638858,7.38918571428572,22.6232857142857,NaN,NaN
7.2,2,190,24-Jun-2026 16:30:24,24.6,24.3768579654856,7.34559387755102,22.6408367346939,NaN,NaN
7.2,2,190,24-Jun-2026 16:31:25,24.8,24.5750318747613,7.30789038461538,22.6559230769231,NaN,NaN
7.2,2,190,24-Jun-2026 16:31:29,25,24.7732055917016,7.28785192307692,22.6636153846154,NaN,NaN
7.2,2,190,24-Jun-2026 16:31:33,25.2,24.9713791163016,7.26781346153846,22.6713076923077,NaN,NaN
7.2,2,190,24-Jun-2026 16:31:37,25.4,25.169552448569,7.25386666666667,22.6758958333333,NaN,NaN
7.2,2,190,24-Jun-2026 16:31:42,25.6,25.3677255885182,7.2432,22.6788125,NaN,NaN
7.2,2,190,24-Jun-2026 16:31:47,25.8,25.565898536125,7.22982244897959,22.6834489795918,NaN,NaN
7.2,2,190,24-Jun-2026 16:31:52,26,25.7640712913971,7.20831224489796,22.6932448979592,NaN,NaN
7.2,2,190,24-Jun-2026 16:31:57,26.2,25.9622438543425,7.18680204081633,22.7030408163265,NaN,NaN
7.2,2,190,24-Jun-2026 16:32:02,26.4,26.1604162249753,7.15323454545454,22.7175090909091,NaN,NaN
7.2,2,190,24-Jun-2026 16:32:08,26.6,26.3585884032649,7.11665272727273,22.7331454545455,NaN,NaN
7.2,2,190,24-Jun-2026 16:32:14,26.8,26.5567603892446,7.07916153846154,22.7491346153846,NaN,NaN
7.2,2,190,24-Jun-2026 16:32:22,27,26.7549321828902,7.02439230769231,22.7718269230769,NaN,NaN
7.2,2,190,24-Jun-2026 16:32:31,27.2,26.9531037842159,6.96962307692308,22.7945192307692,NaN,NaN
7.2,2,190,24-Jun-2026 16:32:53,27.4,27.1512751932166,6.89432391304348,22.8238260869565,NaN,NaN
7.2,2,190,24-Jun-2026 16:33:32,27.6,27.3494464099193,6.79393260869565,22.8612173913043,NaN,NaN
7.2,2,190,24-Jun-2026 16:34:12,27.8,27.5476174342867,6.69845294117647,22.8967647058824,NaN,NaN
7.2,2,190,24-Jun-2026 16:34:58,28,27.745788266333,6.63080588235294,22.921862745098,NaN,NaN
7.2,2,190,24-Jun-2026 16:35:45,28.2,27.9439589060724,6.56315882352941,22.9469607843137,NaN,NaN
7.2,2,190,24-Jun-2026 16:36:27,28.4,28.1421293534805,6.507075,22.97125,NaN,NaN
7.2,2,190,24-Jun-2026 16:37:06,28.6,28.3402996085904,6.4587,22.995,NaN,NaN
7.2,2,190,24-Jun-2026 16:37:44,28.8,28.5384696713844,6.41470222222222,23.0171111111111,NaN,NaN
7.2,2,190,24-Jun-2026 16:38:21,29,28.7366395418636,6.38821333333333,23.0326666666667,NaN,NaN
7.2,2,190,24-Jun-2026 16:38:58,29.2,28.934809220042,6.36172444444444,23.0482222222222,NaN,NaN
7.2,2,190,24-Jun-2026 16:39:23,29.4,29.1329787058952,6.34638301886792,23.0572452830189,NaN,NaN
7.2,2,190,24-Jun-2026 16:39:47,29.6,29.3311479994501,6.33162830188679,23.0659245283019,NaN,NaN
7.2,2,190,24-Jun-2026 16:40:11,29.8,29.5293171006951,6.31779411764706,23.0737647058824,NaN,NaN
7.2,2,190,24-Jun-2026 16:40:31,30,29.7274860096376,6.30610784313726,23.0796470588235,NaN,NaN
7.2,2,190,24-Jun-2026 16:40:51,30.2,29.9256547262789,6.29442156862745,23.0855294117647,NaN,NaN
7.2,2,190,24-Jun-2026 16:41:03,30.4,30.1238232506009,6.289,23.0881764705882,NaN,NaN
7.2,2,190,24-Jun-2026 16:41:11,30.6,30.3219915826432,6.28566666666667,23.0897450980392,NaN,NaN
7.2,2,190,24-Jun-2026 16:41:18,30.8,30.5201597223684,6.28305833333333,23.0910833333333,NaN,NaN
7.2,2,190,24-Jun-2026 16:41:23,31,30.7183276698033,6.28335,23.0915,NaN,NaN
7.2,2,190,24-Jun-2026 16:41:27,31.2,30.9164954249361,6.28364166666667,23.0919166666667,NaN,NaN
7.2,2,190,24-Jun-2026 16:41:31,31.4,31.114662987768,6.28128431372549,23.0929411764706,NaN,NaN
7.2,2,190,24-Jun-2026 16:41:35,31.6,31.3128303583065,6.27826470588235,23.0941176470588,NaN,NaN
7.2,2,190,24-Jun-2026 16:41:38,31.8,31.5109975365525,6.274925,23.09525,NaN,NaN
7.2,2,190,24-Jun-2026 16:41:42,32,31.7091645225008,6.270625,23.09625,NaN,NaN
7.2,2,190,24-Jun-2026 16:41:46,32.2,31.9073313161587,6.266325,23.09725,NaN,NaN
7.2,2,190,24-Jun-2026 16:41:49,32.4,32.1054979175274,6.26255652173913,23.0983260869565,NaN,NaN
7.2,2,190,24-Jun-2026 16:41:53,32.6,32.3036643266014,6.26038260869565,23.0996304347826,NaN,NaN
7.2,2,190,24-Jun-2026 16:41:57,32.8,32.5018305433944,6.25820869565217,23.1009347826087,NaN,NaN
7.2,2,190,24-Jun-2026 16:42:01,33,32.6999965678948,6.25544,23.1022666666667,NaN,NaN
7.2,2,190,24-Jun-2026 16:42:05,33.2,32.8981624001098,6.25264,23.1036,NaN,NaN
7.2,2,190,24-Jun-2026 16:42:09,33.4,33.0963280400341,6.25143703703704,23.1042592592593,NaN,NaN
7.2,2,190,24-Jun-2026 16:42:13,33.6,33.2944934876813,6.25091851851852,23.1046296296296,NaN,NaN
7.2,2,190,24-Jun-2026 16:42:17,33.8,33.4926587430396,6.2504,23.105,NaN,NaN
7.2,2,190,24-Jun-2026 16:42:21,34,33.6908238061228,6.24917272727273,23.1059090909091,NaN,NaN
7.2,2,190,24-Jun-2026 16:42:25,34.2,33.8889886769189,6.24794545454545,23.1068181818182,NaN,NaN
7.2,2,190,24-Jun-2026 16:42:29,34.4,34.0871533554416,6.24663333333333,23.108,NaN,NaN
7.2,2,190,24-Jun-2026 16:42:33,34.6,34.2853178416727,6.2453,23.10925,NaN,NaN
7.2,2,190,24-Jun-2026 16:42:37,34.8,34.4834821356386,6.24458163265306,23.11,NaN,NaN
7.2,2,190,24-Jun-2026 16:42:42,35,34.6816462373338,6.24478571428571,23.11,NaN,NaN
7.2,2,190,24-Jun-2026 16:42:46,35.2,34.8798101467398,6.24498979591837,23.11,NaN,NaN
7.2,2,190,24-Jun-2026 16:42:51,35.4,35.0779738638832,6.24392452830189,23.1110754716981,NaN,NaN
7.2,2,190,24-Jun-2026 16:42:55,35.6,35.276137388752,6.24279245283019,23.1122075471698,NaN,NaN
7.2,2,190,24-Jun-2026 16:43:00,35.8,35.4743007213406,6.24164642857143,23.1132142857143,NaN,NaN
7.2,2,190,24-Jun-2026 16:43:05,36,35.672463861669,6.24046785714286,23.1139285714286,NaN,NaN
7.2,2,190,24-Jun-2026 16:43:10,36.2,35.8706268097251,6.23928928571429,23.1146428571429,NaN,NaN
7.2,2,190,24-Jun-2026 16:43:15,36.4,36.0687895655098,6.23767916666667,23.1158333333333,NaN,NaN
7.2,2,190,24-Jun-2026 16:43:21,36.6,36.2669521290302,6.2356375,23.1175,NaN,NaN
7.2,2,290,27-Jun-2026 08:02:08,36.83,36.4948388394033,6.2772,23.095,0.3353267995035,0.0109266041462793
7.2,2,290,27-Jun-2026 09:02:09,36.83,36.4948388394033,6.2779,23.094,0.340331746138131,0.0110896918138902
7.2,2,290,28-Jun-2026 11:02:34,36.85,36.5146550630601,6.2989,23.086,-0.34115748238235,-0.011116630828953
7.2,2,290,27-Jun-2026 07:02:07,36.86,36.5245631741879,6.3042,23.083,0.33032185286887,0.0107635164786685
7.2,2,290,27-Jun-2026 10:02:10,36.86,36.5245631741879,6.3065,23.075,0.345336692772762,0.0112527794815011
7.2,2,290,25-Jun-2026 21:01:33,36.87,36.5344712848142,6.2565,23.103,4.18249235372439,0.136289216570313
7.2,2,290,27-Jun-2026 11:02:11,36.87,36.5344712848142,6.3467,23.057,0.350341639407392,0.011415867149112
7.2,2,290,24-Jun-2026 19:01:02,36.88,36.5443793949648,6.2239,23.124,NaN,NaN
7.2,2,290,25-Jun-2026 19:01:30,36.88,36.5443793949648,6.2521,23.106,4.90007579309559,0.159672128286453
7.2,2,290,25-Jun-2026 20:01:31,36.88,36.5443793949648,6.2508,23.107,4.54133388483852,0.14798229556539
7.2,2,290,28-Jun-2026 10:02:33,36.88,36.5443793949648,6.33,23.071,-0.340694774418772,-0.0111015613556847
7.2,2,290,27-Jun-2026 22:02:22,36.89,36.5542875046331,6.3242,23.075,0.207883438044927,0.00677386789989276
7.2,2,290,28-Jun-2026 12:02:35,36.89,36.5542875046331,6.2991,23.086,-0.341620190345927,-0.0111317003022212
7.2,2,290,25-Jun-2026 22:01:34,36.9,36.5641956138256,6.2542,23.105,3.82375044546732,0.12459938384925
7.2,2,290,27-Jun-2026 06:02:06,36.9,36.5641956138256,6.3208,23.071,0.421315471682713,0.0137285642956032
7.2,2,290,25-Jun-2026 23:01:35,36.92,36.5840118307573,6.2495,23.108,3.46500853721024,0.112909551128186
7.2,2,290,28-Jun-2026 00:02:24,36.92,36.5840118307573,6.2924,23.089,0.0862669920432359,0.00281098893731255
7.2,2,290,28-Jun-2026 01:02:25,36.92,36.5840118307573,6.2766,23.097,0.0254587690423903,0.000829549456022442
7.2,2,290,28-Jun-2026 09:02:32,36.92,36.5840118307573,6.2949,23.088,-0.340232066455195,-0.0110864918824165
7.2,2,290,28-Jun-2026 13:02:36,36.92,36.5840118307573,6.2995,23.086,-0.342082898309505,-0.0111467697754895
7.2,2,290,24-Jun-2026 20:01:08,36.93,36.5939199385092,6.2211,23.126,4.70156349234723,0.15320615326587
7.2,2,290,26-Jun-2026 08:01:44,36.93,36.5939199385092,6.2389,23.115,0.664847614473484,0.021664470120851
7.2,2,290,26-Jun-2026 09:01:45,36.93,36.5939199385092,6.2382,23.116,0.73390915005573,0.0239148236902032
7.2,2,290,28-Jun-2026 07:02:30,36.93,36.5939199385092,6.2936,23.089,-0.33930665052804,-0.01105635293588
7.2,2,290,28-Jun-2026 23:02:48,36.93,36.5939199385092,6.3267,23.071,-0.336928537211708,-0.0109787179821299
7.2,2,290,29-Jun-2026 11:03:00,36.93,36.5939199385092,6.3733,23.05,-0.320798667989139,-0.0104529789484597
7.2,2,290,26-Jun-2026 07:01:43,36.94,36.6038280457786,6.2526,23.107,0.595786078891238,0.0194141165514987
7.2,2,290,27-Jun-2026 12:02:12,36.94,36.6038280457786,6.3048,23.08,0.355346586042023,0.0115789548167229
7.2,2,290,27-Jun-2026 23:02:23,36.94,36.6038280457786,6.3062,23.083,0.147075215044082,0.00479242841860265
7.2,2,290,28-Jun-2026 08:02:31,36.94,36.6038280457786,6.2917,23.09,-0.339769358491618,-0.0110714224091482
7.2,2,290,29-Jun-2026 00:02:49,36.94,36.6038280457786,6.3326,23.067,-0.33494666932009,-0.0109141263838995
7.2,2,290,29-Jun-2026 01:02:50,36.94,36.6038280457786,6.3426,23.063,-0.332964801428471,-0.0108495347856691
7.2,2,290,29-Jun-2026 10:02:59,36.94,36.6038280457786,6.3296,23.07,-0.32086793064324,-0.0104552478174782
7.2,2,290,25-Jun-2026 18:01:29,36.95,36.6137361525592,6.2432,23.112,4.77694919530408,0.155660076324437
7.2,2,290,26-Jun-2026 23:01:58,36.95,36.6137361525592,6.3276,23.069,1.05960495281059,0.0345273725822007
7.2,2,290,27-Jun-2026 05:02:04,36.95,36.6137361525592,6.297,23.084,0.512521386908935,0.0167005298402051
7.2,2,290,28-Jun-2026 22:02:47,36.95,36.6137361525592,6.3213,23.072,-0.338910405103326,-0.0110433095803603
7.2,2,290,26-Jun-2026 21:01:56,36.96,36.62364425887,6.2983,23.085,1.24196614144447,0.0404696534961992
7.2,2,290,27-Jun-2026 03:02:02,36.96,36.62364425887,6.3366,23.063,0.69488257554282,0.0226428107542036
7.2,2,290,28-Jun-2026 14:02:37,36.96,36.62364425887,6.2984,23.087,-0.342545606273082,-0.0111618392487577
7.2,2,290,28-Jun-2026 15:02:39,36.96,36.62364425887,6.3035,23.084,-0.343008442730957,-0.0111769129068283
7.2,2,290,24-Jun-2026 21:01:09,36.97,36.6335523646855,6.2419,23.111,4.58472097617576,0.149398638757279
7.2,2,290,25-Jun-2026 17:01:28,36.97,36.6335523646855,6.2268,23.122,4.65328674151473,0.151630563272977
7.2,2,290,26-Jun-2026 06:01:42,36.97,36.6335523646855,6.2458,23.112,0.953815179410729,0.0310807220807425
7.2,2,290,26-Jun-2026 10:01:46,36.97,36.6335523646855,6.2402,23.114,0.802970685637975,0.0261651772595555
7.2,2,290,26-Jun-2026 19:01:54,36.97,36.6335523646855,6.2884,23.09,1.42432733007836,0.0464119344101978
7.2,2,290,26-Jun-2026 20:01:55,36.97,36.6335523646855,6.2893,23.089,1.33314673576142,0.0434407939531985
7.2,2,290,26-Jun-2026 22:01:57,36.97,36.6335523646855,6.3105,23.078,1.15078554712753,0.0374985130392
7.2,2,290,27-Jun-2026 00:01:59,36.97,36.6335523646855,6.3346,23.065,0.968424358493647,0.0315562321252014
7.2,2,290,27-Jun-2026 04:02:03,36.97,36.6335523646855,6.3254,23.067,0.603701981225877,0.0196716702972044
7.2,2,290,27-Jun-2026 21:02:21,36.97,36.6335523646855,6.2966,23.088,0.268691661045773,0.00875530738118286
7.2,2,290,29-Jun-2026 12:03:01,36.97,36.6335523646855,6.4057,23.036,-0.320729405335037,-0.0104507100794413
7.2,2,290,29-Jun-2026 13:03:01,36.97,36.6335523646855,6.4165,23.032,-0.320660161915219,-0.0104484418404892
7.2,2,290,26-Jun-2026 00:01:36,36.98,36.6434604700376,6.2465,23.111,3.10626662895317,0.101219718407123
7.2,2,290,27-Jun-2026 01:02:00,36.98,36.6434604700376,6.3349,23.064,0.877243764176705,0.0285850916682022
7.2,2,290,27-Jun-2026 02:02:01,36.98,36.6434604700376,6.3207,23.069,0.786063169859762,0.0256139512112029
7.2,2,290,27-Jun-2026 13:02:13,36.98,36.6434604700376,6.2878,23.089,0.360351532676654,0.0117420424843337
7.2,2,290,27-Jun-2026 20:02:20,36.99,36.6533685748942,6.2849,23.094,0.329499884046618,0.010736746862473
7.2,2,290,29-Jun-2026 09:02:58,36.99,36.6533685748942,6.3511,23.06,-0.320937193297342,-0.0104575166864967
7.2,2,290,25-Jun-2026 07:01:19,37,36.6632766792875,6.237,23.116,3.41669654476368,0.111336551756724
7.2,2,290,26-Jun-2026 05:01:41,37,36.6632766792875,6.2373,23.116,1.3125570876678,0.0427705548018059
7.2,2,290,26-Jun-2026 11:01:47,37,36.6632766792875,6.2361,23.118,0.872032221220221,0.0284155308289078
7.2,2,290,29-Jun-2026 02:02:51,37,36.6632766792875,6.3514,23.059,-0.330982933536853,-0.0107849431874387
7.2,2,290,26-Jun-2026 12:01:48,37.01,36.6731847831851,6.2363,23.118,0.941093756802467,0.03066588439826
7.2,2,290,28-Jun-2026 02:02:26,37.01,36.6731847831851,6.2786,23.096,-0.0353494539584553,-0.00115189002526766
7.2,2,290,28-Jun-2026 16:02:40,37.01,36.6731847831851,6.3014,23.086,-0.343471150694534,-0.0111919823800966
7.2,2,290,24-Jun-2026 22:01:10,37.02,36.6830928866193,6.2525,23.104,4.46787846000429,0.145591124248688
7.2,2,290,26-Jun-2026 18:01:53,37.02,36.6830928866193,6.269,23.099,1.3554437918634,0.0441673808897501
7.2,2,290,28-Jun-2026 21:02:46,37.02,36.6830928866193,6.323,23.071,-0.340892272994945,-0.0111079011785907
7.2,2,290,29-Jun-2026 08:02:57,37.02,36.6830928866193,6.3417,23.064,-0.321006455951444,-0.0104597855555151
7.2,2,290,25-Jun-2026 08:01:20,37.03,36.6930009895513,6.2429,23.112,3.54035899855303,0.115366064808184
7.2,2,290,25-Jun-2026 16:01:27,37.03,36.6930009895513,6.2259,23.123,4.52962428772539,0.147601050221517
7.2,2,290,28-Jun-2026 04:02:27,37.03,36.6930009895513,6.3019,23.086,-0.15694901347778,-0.00511421874083835
7.2,2,290,29-Jun-2026 03:02:52,37.03,36.6930009895513,6.362,23.055,-0.329001065645234,-0.0107203515892083
7.2,2,290,29-Jun-2026 14:03:02,37.03,36.6930009895513,6.3633,23.055,-0.320590899261117,-0.0104461729714707
7.2,2,290,24-Jun-2026 23:01:11,37.04,36.7029090920134,6.2531,23.103,4.35103594383282,0.141783609740097
7.2,2,290,25-Jun-2026 06:01:18,37.04,36.7029090920134,6.2301,23.12,3.53313833063253,0.11513100817996
7.2,2,290,26-Jun-2026 01:01:37,37.04,36.7029090920134,6.2354,23.118,2.7475247206961,0.0895298856860595
7.2,2,290,26-Jun-2026 02:01:38,37.04,36.7029090920134,6.226,23.123,2.38878281243902,0.0778400529649961
7.2,2,290,26-Jun-2026 04:01:40,37.04,36.7029090920134,6.2305,23.121,1.67129899592488,0.0544603875228693
7.2,2,290,26-Jun-2026 13:01:49,37.04,36.7029090920134,6.2365,23.117,1.01015529238471,0.0329162379676123
7.2,2,290,28-Jun-2026 17:02:41,37.04,36.7029090920134,6.2968,23.088,-0.343933858658111,-0.0112070518533648
7.2,2,290,28-Jun-2026 20:02:45,37.04,36.7029090920134,6.318,23.074,-0.342874140886563,-0.0111724927768211
7.2,2,290,29-Jun-2026 04:02:53,37.04,36.7029090920134,6.3631,23.054,-0.327019197753616,-0.010655759990978
7.2,2,290,29-Jun-2026 15:03:03,37.04,36.7029090920134,6.3917,23.042,-0.320521636607016,-0.0104439041024522
7.2,2,290,25-Jun-2026 09:01:20,37.05,36.7128171939862,6.2513,23.105,3.66398711119997,0.119394458861296
7.2,2,290,25-Jun-2026 15:01:26,37.05,36.7128171939862,6.2305,23.121,4.40596183393604,0.143571537170057
7.2,2,290,27-Jun-2026 19:02:19,37.05,36.7128171939862,6.3031,23.084,0.390308107047464,0.0127181863437631
7.2,2,290,28-Jun-2026 03:02:27,37.05,36.7128171939862,6.2876,23.092,-0.0961576769593009,-0.00313332950655777
7.2,2,290,28-Jun-2026 06:02:29,37.05,36.7128171939862,6.3076,23.083,-0.278565459479471,-0.00907709770341856
7.2,2,290,29-Jun-2026 05:02:54,37.05,36.7128171939862,6.3582,23.056,-0.325037329861998,-0.0105911683927476
7.2,2,290,26-Jun-2026 03:01:39,37.06,36.7227252954952,6.2283,23.123,2.03004090418195,0.0661502202439327
7.2,2,290,26-Jun-2026 16:01:52,37.06,36.7227252954952,6.2527,23.11,1.21733989913145,0.0396672986756691
7.2,2,290,26-Jun-2026 17:01:53,37.06,36.7227252954952,6.2599,23.106,1.2864014347137,0.0419176522450214
7.2,2,290,27-Jun-2026 16:02:16,37.06,36.7227252954952,6.3328,23.068,0.375366372580546,0.0122313054871664
7.2,2,290,28-Jun-2026 05:02:28,37.06,36.7227252954952,6.302,23.086,-0.217757236478626,-0.00709565822212845
7.2,2,290,28-Jun-2026 18:02:42,37.06,36.7227252954952,6.3022,23.085,-0.344396566621689,-0.0112221213266331
7.2,2,290,29-Jun-2026 07:02:56,37.06,36.7227252954952,6.3386,23.065,-0.321075718605545,-0.0104620544245336
7.2,2,290,29-Jun-2026 16:03:04,37.06,36.7227252954952,6.3641,23.054,-0.320452373952914,-0.0104416352334338
7.2,2,290,29-Jun-2026 17:03:05,37.06,36.7227252954952,6.3296,23.07,-0.320383111298813,-0.0104393663644153
7.2,2,290,25-Jun-2026 10:01:21,37.07,36.7326333965085,6.2458,23.109,3.78764956498932,0.123423971912756
7.2,2,290,26-Jun-2026 15:01:51,37.07,36.7326333965085,6.2473,23.112,1.1482783635492,0.0374169451063168
7.2,2,290,27-Jun-2026 14:02:14,37.07,36.7326333965085,6.2893,23.088,0.365356479311284,0.0119051301519446
7.2,2,290,28-Jun-2026 19:02:43,37.07,36.7326333965085,6.3117,23.08,-0.344856559144161,-0.0112371023121796
7.2,2,290,29-Jun-2026 18:03:06,37.07,36.7326333965085,6.3357,23.067,-0.320313848644711,-0.0104370974953968
7.2,2,290,29-Jun-2026 23:03:12,37.07,36.7326333965085,6.3225,23.073,NaN,NaN
7.2,2,290,30-Jun-2026 00:03:14,37.07,36.7326333965085,6.3148,23.078,NaN,NaN
7.2,2,290,25-Jun-2026 05:01:17,37.08,36.7425414970452,6.2314,23.119,3.649980846804,0.118938522688551
7.2,2,290,29-Jun-2026 06:02:55,37.08,36.7425414970452,6.3637,23.054,-0.323055461970379,-0.0105265767945172
7.2,2,290,29-Jun-2026 19:03:07,37.08,36.7425414970452,6.3753,23.051,NaN,NaN
7.2,2,290,29-Jun-2026 20:03:09,37.08,36.7425414970452,6.4117,23.034,NaN,NaN
7.2,2,290,29-Jun-2026 21:03:10,37.08,36.7425414970452,6.368,23.051,NaN,NaN
7.2,2,290,29-Jun-2026 22:03:11,37.08,36.7425414970452,6.3946,23.041,NaN,NaN
7.2,2,290,25-Jun-2026 00:01:12,37.09,36.7524495970988,6.2595,23.099,4.23419342766135,0.137976095231506
7.2,2,290,26-Jun-2026 14:01:50,37.09,36.7524495970988,6.2407,23.116,1.07921682796696,0.0351665915369646
7.2,2,290,27-Jun-2026 18:02:18,37.09,36.7524495970988,6.3268,23.072,0.385376265849807,0.0125574808223881
7.2,2,290,27-Jun-2026 15:02:15,37.1,36.7623576966886,6.337,23.063,0.370361425945915,0.0120682178195555
7.2,2,290,25-Jun-2026 02:01:14,37.11,36.7722657957824,6.2468,23.109,4.00050839531841,0.130361066214324
7.2,2,290,25-Jun-2026 03:01:15,37.11,36.7722657957824,6.2393,23.114,3.88366587914694,0.126553551705733
7.2,2,290,25-Jun-2026 04:01:16,37.11,36.7722657957824,6.2375,23.115,3.76682336297547,0.122746037197142
7.2,2,290,25-Jun-2026 14:01:25,37.11,36.7722657957824,6.2388,23.115,4.2822993801467,0.139542024118597
7.2,2,290,27-Jun-2026 17:02:17,37.11,36.7722657957824,6.2874,23.089,0.380371319215176,0.0123943931547773
7.2,2,290,25-Jun-2026 11:01:22,37.12,36.7821738943929,6.248,23.108,3.91131201877866,0.127453484964216
7.2,2,290,25-Jun-2026 12:01:23,37.12,36.7821738943929,6.2519,23.105,4.03497447256801,0.131482998015676
7.2,2,290,25-Jun-2026 13:01:24,37.12,36.7821738943929,6.2386,23.115,4.15863692635735,0.135512511067137
7.2,2,290,30-Jun-2026 01:03:15,37.12,36.7821738943929,6.3254,23.072,NaN,NaN
7.2,2,290,25-Jun-2026 01:01:13,37.13,36.7920819925268,6.2527,23.105,4.11735091148988,0.134168580722915
7.2,2,590,NaT,0,0,NaN,NaN,NaN,NaN
7.2,2,590,NaT,0.2,0.198197575549084,NaN,NaN,NaN,NaN
7.2,2,590,NaT,0.4,0.396394958602638,NaN,NaN,NaN,NaN
7.2,2,590,NaT,0.6,0.594592149189359,NaN,NaN,NaN,NaN
7.2,2,590,NaT,0.8,0.792789147292957,NaN,NaN,NaN,NaN
7.2,2,590,NaT,1,0.990985952922833,NaN,NaN,NaN,NaN
7.2,2,590,NaT,1.2,1.18918256608195,NaN,NaN,NaN,NaN
7.2,2,590,NaT,1.4,1.3873789867604,NaN,NaN,NaN,NaN
7.2,2,590,NaT,1.6,1.58557521495471,NaN,NaN,NaN,NaN
7.2,2,590,NaT,1.8,1.78377125068706,NaN,NaN,257.523740629253,8.31187739421492
7.2,2,590,30-Jun-2026 04:38:38,2,1.98196709394753,21.5049709677419,14.5243870967742,257.402031740885,8.30975419427035
7.2,2,590,30-Jun-2026 04:37:25,2.2,2.18016274473901,21.5146483870968,14.6753548387097,257.491745278712,8.3142967268472
7.2,2,590,30-Jun-2026 04:36:31,2.4,2.37835820305796,21.518548,14.78538,258.467572016945,8.34638068861737
7.2,2,590,30-Jun-2026 04:35:42,2.6,2.57655346890084,21.521428,14.88818,262.264563655546,8.4704791447124
7.2,2,590,30-Jun-2026 04:35:04,2.8,2.7747485422962,21.51735,15.0176111111111,262.878079718853,8.49115634680669
7.2,2,590,30-Jun-2026 04:34:48,3,2.97294342320192,21.50035,15.1965,263.332042487131,8.50678741168465
7.2,2,590,30-Jun-2026 04:34:31,3.2,3.1711381116594,21.48335,15.3753888888889,263.551264098017,8.51433646617947
7.2,2,590,30-Jun-2026 04:34:16,3.4,3.36933260765859,21.4465404761905,15.5367380952381,263.888095362097,8.52611212644178
7.2,2,590,30-Jun-2026 04:34:02,3.6,3.56752691117663,21.3990642857143,15.6886428571429,264.066361320443,8.53316963138394
7.2,2,590,30-Jun-2026 04:33:44,3.8,3.76572102225485,21.324152,15.78692,264.588618302107,8.55042309599814
7.2,2,590,30-Jun-2026 04:33:22,4,3.9639149408575,21.226792,15.84132,265.813857859241,8.5906422508013
7.2,2,590,30-Jun-2026 04:33:00,4.2,4.16210866700663,21.1253381818182,15.8950363636364,267.387090806755,8.64216351783064
7.2,2,590,30-Jun-2026 04:32:32,4.4,4.360302200705,20.9461018181818,15.9357636363636,269.295837857273,8.70446977380658
7.2,2,590,30-Jun-2026 04:32:05,4.6,4.55849554193609,20.7668654545455,15.9764909090909,271.248212886008,8.76831299617148
7.2,2,590,30-Jun-2026 04:31:40,4.8,4.75668869070905,20.6027396226415,16.0193773584906,272.401519864276,8.80597114652399
7.2,2,590,30-Jun-2026 04:31:20,5,4.95488164703947,20.4738716981132,16.0673018867925,276.806770227347,8.95055493509264
7.2,2,590,30-Jun-2026 04:31:00,5.2,5.15307441091721,20.3450037735849,16.1152264150943,275.385584682741,8.90462616000822
7.2,2,590,30-Jun-2026 04:30:49,5.4,5.35126698233855,20.1507595744681,16.2564680851064,276.760856642828,8.95060014605934
7.2,2,590,30-Jun-2026 04:30:42,5.6,5.54945936131259,19.9213127659574,16.4479574468085,277.518276346683,8.9775429551501
7.2,2,590,30-Jun-2026 04:30:35,5.8,5.74765154782918,19.6404882352941,16.6672941176471,277.248971397745,8.96998798837597
7.2,2,590,30-Jun-2026 04:30:30,6,5.94584354191667,19.2397823529412,16.9516078431373,279.019575271269,9.03041148695269
7.2,2,590,30-Jun-2026 04:30:25,6.2,6.14403534354558,18.8390764705882,17.2359215686275,281.484647079666,9.11270007019704
7.2,2,590,30-Jun-2026 04:30:20,6.4,6.34222695272499,18.4254306122449,17.4622040816327,283.845838281757,9.19242798750704
7.2,2,590,30-Jun-2026 04:30:16,6.6,6.54041836945752,18.0074714285714,17.6691428571429,285.620782470639,9.25173290928433
7.2,2,590,30-Jun-2026 04:30:11,6.8,6.7386095937522,17.6907875,17.8185,285.189731901164,9.23846983343131
7.2,2,590,30-Jun-2026 04:30:06,7,6.93680062561165,17.6104125,17.8335,285.662439950308,9.25401281341535
7.2,2,590,30-Jun-2026 04:30:01,7.2,7.1349914650256,17.5300375,17.8485,286.945683351182,9.29598022842057
7.2,2,590,30-Jun-2026 04:29:56,7.4,7.33318211199662,17.4310823529412,17.862,287.24953731658,9.30604151161963
7.2,2,590,30-Jun-2026 04:29:50,7.6,7.53137256654014,17.330062745098,17.8753333333333,287.787945993774,9.32376374028753
7.2,2,590,30-Jun-2026 04:29:44,7.8,7.72956282863301,17.1721375,17.897625,288.139114694254,9.33554879884121
7.2,2,590,30-Jun-2026 04:29:35,8,7.92775289829704,16.9085303571429,17.9365535714286,288.32589198156,9.34218433232797
7.2,2,590,30-Jun-2026 04:29:27,8.2,8.12594277552191,16.6449232142857,17.9754821428571,289.953869774504,9.39609505188421
7.2,2,590,30-Jun-2026 04:29:17,8.4,8.32413246031655,16.138475,18.065,289.96760618372,9.39859462914625
7.2,2,590,30-Jun-2026 04:29:04,8.6,8.52232195267705,15.4333386363636,18.1959090909091,293.603494225517,9.51919038867269
7.2,2,590,30-Jun-2026 04:28:52,8.8,8.7205112526059,14.9027857142857,18.3055714285714,293.349298302967,9.5119558445995
7.2,2,590,30-Jun-2026 04:28:40,9,8.91870036010559,14.6964591836735,18.3757755102041,293.133828989002,9.50544403012496
7.2,2,590,30-Jun-2026 04:28:28,9.2,9.11688927518497,14.4901326530612,18.4459795918367,292.076159331003,9.47212017291551
7.2,2,590,30-Jun-2026 04:28:14,9.4,9.31507799782726,14.3541163265306,18.5176530612245,291.862492398653,9.46551267002676
7.2,2,590,30-Jun-2026 04:28:01,9.6,9.51326652803489,14.225912244898,18.5894897959184,291.52476251175,9.45542213989077
7.2,2,590,30-Jun-2026 04:27:45,9.8,9.71145486583598,14.1370433962264,18.6532830188679,291.479811071304,9.45435109304082
7.2,2,590,30-Jun-2026 04:27:25,10,9.90964301120082,14.0962509433962,18.7072452830189,290.399581701405,9.4197632159744
7.2,2,590,30-Jun-2026 04:27:05,10.2,10.1078309641511,14.055458490566,18.7612075471698,289.590411785108,9.39402932529989
7.2,2,590,30-Jun-2026 04:26:47,10.4,10.3060187246635,14.0473,18.78928,288.669489833081,9.3642974996385
7.2,2,590,30-Jun-2026 04:26:30,10.6,10.5042062927725,14.0473,18.81088,287.638240355189,9.33100828884409
7.2,2,590,30-Jun-2026 04:26:14,10.8,10.7023936684484,14.0378961538462,18.8248461538462,286.496663351433,9.29416169291666
7.2,2,590,30-Jun-2026 04:26:01,11,10.9005808517193,14.00655,18.821,285.295090265955,9.2552049736255
7.2,2,590,30-Jun-2026 04:25:47,11.2,11.0987678425617,13.9752038461538,18.8171538461538,284.093517180477,9.21624825433434
7.2,2,590,30-Jun-2026 04:25:35,11.4,11.2969546410037,13.97385,18.8163181818182,282.223883677458,9.15561958106101
7.2,2,590,30-Jun-2026 04:25:23,11.6,11.4951412470155,13.98535,18.8167727272727,280.354250174438,9.09499090778767
7.2,2,590,30-Jun-2026 04:25:12,11.8,11.6933276606186,13.9920166666667,18.823875,277.009642181712,8.98666926596039
7.2,2,590,30-Jun-2026 04:25:03,12,11.8915138818154,13.99385,18.837625,273.665034188986,8.87834762413311
7.2,2,590,30-Jun-2026 04:24:54,12.2,12.0896999105889,13.9822666666667,18.861037037037,271.239068616684,8.80015676705666
7.2,2,590,30-Jun-2026 04:24:48,12.4,12.2878857469605,13.8499333333333,18.9714074074074,269.731745464806,8.75209669473103
7.2,2,590,30-Jun-2026 04:24:43,12.6,12.4860713909198,13.7176,19.0817777777778,268.224422312927,8.7040366224054
7.2,2,590,30-Jun-2026 04:24:38,12.8,12.6842568424818,13.5888709677419,19.1828387096774,266.717099161049,8.65597655007977
7.2,2,590,30-Jun-2026 04:24:35,13,12.8824421016166,13.4655483870968,19.269935483871,265.20977600917,8.60791647775415
7.2,2,590,30-Jun-2026 04:24:31,13.2,13.0806271683585,13.3422258064516,19.3570322580645,263.702452857292,8.55985640542852
7.2,2,590,30-Jun-2026 04:24:28,13.4,13.278812042697,13.18755,19.4623333333333,262.919361786852,8.53539777470743
7.2,2,590,30-Jun-2026 04:24:24,13.6,13.476996724647,12.9597166666667,19.6101111111111,262.136270716412,8.51093914398633
7.2,2,590,30-Jun-2026 04:24:21,13.8,13.6751812141786,12.7652107142857,19.75275,261.353179645972,8.48648051326524
7.2,2,590,30-Jun-2026 04:24:17,14,13.8733655113132,12.6040321428571,19.89025,260.570088575532,8.46202188254415
7.2,2,590,30-Jun-2026 04:24:13,14.2,14.0715496160402,12.4428535714286,20.02775,259.786997505092,8.43756325182306
7.2,2,590,30-Jun-2026 04:24:08,14.4,14.269733528381,12.3618153846154,20.1023846153846,259.003906434652,8.41310462110197
7.2,2,590,30-Jun-2026 04:24:04,14.6,14.4679172483184,12.3151230769231,20.1500769230769,256.755981164333,8.34085091077289
7.2,2,590,30-Jun-2026 04:23:59,14.8,14.6661007758609,12.2567666666667,20.20975,254.508055894014,8.26859720044383
7.2,2,590,30-Jun-2026 04:23:49,15,14.8642841110043,12.0934333333333,20.37725,252.260130623694,8.19634349011476
7.2,2,590,30-Jun-2026 04:23:39,15.2,15.0624672537699,11.9301,20.54475,250.012205353375,8.12408977978569
7.2,2,590,30-Jun-2026 04:23:26,15.4,15.2606502041341,11.7932230769231,20.6693076923077,249.22127239502,8.09950094686516
7.2,2,590,30-Jun-2026 04:23:11,15.6,15.4588329621054,11.6676846153846,20.7754615384615,248.158869664145,8.06587286153841
7.2,2,590,30-Jun-2026 04:22:56,15.8,15.6570155276859,11.551147826087,20.875347826087,246.824997160749,8.02320552380542
7.2,2,590,30-Jun-2026 04:22:42,16,15.855197900884,11.5156260869565,20.9188260869565,245.575043936126,7.98285961671737
7.2,2,590,30-Jun-2026 04:22:27,16.2,16.0533800816824,11.4801043478261,20.9623043478261,244.325090711504,7.94251370962931
7.2,2,590,30-Jun-2026 04:12:22,16.4,16.2515620701089,11.405608,21.02732,237.045392435349,7.7066314803869
7.2,2,590,30-Jun-2026 03:59:48,16.6,16.4497438661527,11.321368,21.09772,229.765694159194,7.4707492511445
7.2,2,590,30-Jun-2026 03:47:10,16.8,16.6479254697964,11.2444352941176,21.1612352941176,225.310778069218,7.32631264191835
7.2,2,590,30-Jun-2026 03:34:21,17,16.8461068810614,11.1845529411765,21.2086862745098,215.816053604922,7.01768697318811
7.2,2,590,30-Jun-2026 03:21:32,17.2,17.0442880999495,11.1246705882353,21.256137254902,211.577931529148,6.88005070913816
7.2,2,590,30-Jun-2026 03:17:47,17.4,17.2424691264628,10.9625723404255,21.3672553191489,209.027176313165,6.79756632210461
7.2,2,590,30-Jun-2026 03:17:04,17.6,17.4406499605967,10.7664021276596,21.4995957446809,192.424682490863,6.25908752365011
7.2,2,590,30-Jun-2026 03:16:30,17.8,17.6388306023468,10.595756,21.5982,190.65912791364,6.20204020747482
7.2,2,590,30-Jun-2026 03:16:12,18,17.8370110517151,10.463396,21.6462,188.754904450421,6.14037686886249
7.2,2,590,30-Jun-2026 03:15:53,18.2,18.0351913087097,10.331036,21.6942,186.712012101208,6.07409750781313
7.2,2,590,30-Jun-2026 03:15:19,18.4,18.2333713733455,10.2508072727273,21.7588909090909,162.007005972192,5.27116824816124
7.2,2,590,30-Jun-2026 03:14:43,18.6,18.4315512455986,10.1763709090909,21.8254363636364,148.575203233593,4.83436957634683
7.2,2,590,30-Jun-2026 03:14:11,18.8,18.629730925471,10.1002,21.8935625,135.143400494994,4.39757090453239
7.2,2,590,30-Jun-2026 03:14:04,19,18.8279104129773,10.0142,21.9706458333333,128.47150829317,4.18077075546685
7.2,2,590,30-Jun-2026 03:13:56,19.2,19.0260897081193,9.9282,22.0477291666667,121.799616091347,3.96397060640132
7.2,2,590,30-Jun-2026 03:13:51,19.4,19.2242688108926,9.76473333333334,22.157,115.127723889524,3.74717045733578
7.2,2,590,30-Jun-2026 03:13:45,19.6,19.4224477212988,9.57544444444445,22.277,108.4558316877,3.53037030827024
7.2,2,590,30-Jun-2026 03:13:40,19.8,19.6206264393334,9.33949565217391,22.3835217391304,102.624239302991,3.34080230409652
7.2,2,590,30-Jun-2026 03:13:35,20,19.8188049650046,9.05688695652174,22.4765652173913,97.6329467353953,3.17846644481464
7.2,2,590,30-Jun-2026 03:13:30,20.2,20.0169832983142,8.81524827586207,22.5536896551724,92.6416541677999,3.01613058553276
7.2,2,590,30-Jun-2026 03:13:25,20.4,20.215161439264,8.73748965517241,22.5671379310345,87.6503616002045,2.85379472625088
7.2,2,590,30-Jun-2026 03:13:20,20.6,20.4133393878363,8.65973103448276,22.5805862068966,82.6590690326092,2.691458866969
7.2,2,590,30-Jun-2026 03:13:15,20.8,20.6115171440652,8.60004716981132,22.59,77.5409981728618,2.5249058828418
7.2,2,590,30-Jun-2026 03:13:11,21,20.8096947079266,8.58253773584905,22.59,72.2961490209626,2.3541357738693
7.2,2,590,30-Jun-2026 03:13:06,21.2,21.0078720794479,8.56502830188679,22.59,67.0512998690635,2.1833656648968
7.2,2,590,30-Jun-2026 03:13:02,21.4,21.206049258586,8.51501777777778,22.5960666666667,61.8064507171643,2.0125955559243
7.2,2,590,30-Jun-2026 03:12:57,21.6,21.4042262453874,8.44750666666667,22.6054,56.5616015652651,1.8418254469518
7.2,2,590,30-Jun-2026 03:12:53,21.8,21.6024030398282,8.38969230769231,22.6113076923077,51.316752413366,1.6710553379793
7.2,2,590,30-Jun-2026 03:12:49,22,21.8005796419164,8.34642307692308,22.6120769230769,47.5490823956302,1.5483821812144
7.2,2,590,30-Jun-2026 03:12:45,22.2,21.9987560516536,8.30315384615385,22.6128461538462,45.2585915120578,1.47380597665709
7.2,2,590,30-Jun-2026 03:12:42,22.4,22.1969322690417,8.260132,22.61588,42.9681006284853,1.39922977209978
7.2,2,590,30-Jun-2026 03:12:38,22.6,22.395108294082,8.217172,22.61948,40.6776097449129,1.32465356754247
7.2,2,590,30-Jun-2026 03:12:34,22.8,22.5932841267636,8.17163846153846,22.6231538461538,38.3871188613405,1.25007736298517
7.2,2,590,30-Jun-2026 03:12:31,23,22.7914597671136,8.1201,22.627,36.096627977768,1.17550115842786
7.2,2,590,30-Jun-2026 03:12:28,23.2,22.9896352151015,8.06856153846154,22.6308461538462,33.8061370941956,1.10092495387055
7.2,2,590,30-Jun-2026 03:12:24,23.4,23.1878104707546,7.99667735849057,22.6322641509434,31.6733503641165,1.03147849868477
7.2,2,590,30-Jun-2026 03:12:21,23.6,23.3859855340681,7.91607358490566,22.632641509434,29.6982677875307,0.967161792870522
7.2,2,590,30-Jun-2026 03:12:17,23.8,23.5841604050242,7.8376170212766,22.6336170212766,27.723185210945,0.902845087056273
7.2,2,590,30-Jun-2026 03:12:14,24,23.7823350836502,7.79995744680851,22.6459574468085,25.7481026343592,0.838528381242021
7.2,2,590,30-Jun-2026 03:12:11,24.2,23.9805095699347,7.76229787234043,22.6582978723404,23.7730200577734,0.774211675427771
7.2,2,590,30-Jun-2026 03:12:09,24.4,24.1786838638858,7.73849333333333,22.6517333333333,21.7979374811877,0.709894969613521
7.2,2,590,30-Jun-2026 03:12:06,24.6,24.3768579654856,7.72062666666667,22.6370666666667,19.8228549046018,0.645578263799269
7.2,2,590,30-Jun-2026 03:12:03,24.8,24.5750318747613,7.67056181818182,22.6342363636364,17.8477723280161,0.58126155798502
7.2,2,590,30-Jun-2026 03:12:01,25,24.7732055917016,7.58114363636364,22.6458727272727,15.8726897514303,0.516944852170768
7.2,2,590,30-Jun-2026 03:11:58,25.2,24.9713791163016,7.49172545454546,22.6575090909091,15.1649367502762,0.493901356445982
7.2,2,590,30-Jun-2026 03:11:56,25.4,25.169552448569,7.37372807017544,22.6860526315789,14.4571837491222,0.470857860721196
7.2,2,590,30-Jun-2026 03:11:53,25.6,25.3677255885182,7.24348245614035,22.7218421052632,13.7494307479681,0.447814364996409
7.2,2,590,30-Jun-2026 03:11:51,25.8,25.565898536125,7.11323684210526,22.7576315789474,13.041677746814,0.424770869271623
7.2,2,590,30-Jun-2026 03:11:48,26,25.7640712913971,7.04200612244898,22.7789591836735,12.3339247456599,0.401727373546836
7.2,2,590,30-Jun-2026 03:11:46,26.2,25.9622438543425,6.98118979591837,22.7977346938776,11.6261717445059,0.37868387782205
7.2,2,590,30-Jun-2026 03:11:44,26.4,26.1604162249753,6.94074897959184,22.8111224489796,10.9184187433518,0.355640382097264
7.2,2,590,30-Jun-2026 03:11:41,26.6,26.3585884032649,6.93087142857143,22.8164285714286,10.2106657421977,0.332596886372477
7.2,2,590,30-Jun-2026 03:11:39,26.8,26.5567603892446,6.92099387755102,22.8217346938775,9.50291274104364,0.309553390647691
7.2,2,590,30-Jun-2026 03:11:36,27,26.7549321828902,6.90663,22.82808,9.01448379430605,0.29364926590124
7.2,2,590,30-Jun-2026 03:11:34,27.2,26.9531037842159,6.89203,22.83448,8.74537890198496,0.284884512133124
7.2,2,590,30-Jun-2026 03:11:31,27.4,27.1512751932166,6.872642,22.8434,8.47627400966388,0.276119758365008
7.2,2,590,30-Jun-2026 03:11:29,27.6,27.3494464099193,6.847402,22.8554,8.20716911734278,0.267355004596891
7.2,2,590,30-Jun-2026 03:11:27,27.8,27.5476174342867,6.822162,22.8674,7.9380642250217,0.258590250828776
7.2,2,590,30-Jun-2026 03:11:24,28,27.745788266333,6.809025,22.8723181818182,7.6689593327006,0.249825497060659
7.2,2,590,30-Jun-2026 03:11:22,28.2,27.9439589060724,6.796525,22.8768636363636,7.39985444037951,0.241060743292543
7.2,2,590,30-Jun-2026 03:11:20,28.4,28.1421293534805,6.78269545454545,22.8824318181818,7.13074954805842,0.232295989524427
7.2,2,590,30-Jun-2026 03:11:18,28.6,28.3402996085904,6.76842272727273,22.8883409090909,6.86164465573733,0.223531235756311
7.2,2,590,30-Jun-2026 03:11:15,28.8,28.5384696713844,6.75676481481482,22.8928333333333,6.59253976341625,0.214766481988195
7.2,2,590,30-Jun-2026 03:11:13,29,28.7366395418636,6.7472462962963,22.8961666666667,6.32343487109515,0.206001728220079
7.2,2,590,30-Jun-2026 03:11:11,29.2,28.934809220042,6.73772777777778,22.8995,6.05432997877406,0.197236974451963
7.2,2,590,30-Jun-2026 03:11:09,29.4,29.1329787058952,6.72672962962963,22.903462962963,5.81146079688949,0.189325445990329
7.2,2,590,30-Jun-2026 03:11:06,29.6,29.3311479994501,6.71547037037037,22.907537037037,5.56859161500491,0.181413917528694
7.2,2,590,30-Jun-2026 03:11:04,29.8,29.5293171006951,6.70368333333333,22.9117222222222,5.32572243312033,0.17350238906706
7.2,2,590,30-Jun-2026 03:11:02,30,29.7274860096376,6.68890555555556,22.916537037037,5.08285325123575,0.165590860605426
7.2,2,590,30-Jun-2026 03:11:00,30.2,29.9256547262789,6.67412777777778,22.9213518518519,4.83998406935118,0.157679332143792
7.2,2,590,30-Jun-2026 03:10:58,30.4,30.1238232506009,6.65883673469388,22.9265714285714,4.5971148874666,0.149767803682158
7.2,2,590,30-Jun-2026 03:10:56,30.6,30.3219915826432,6.64291836734694,22.9322857142857,4.35424570558202,0.141856275220523
7.2,2,590,30-Jun-2026 03:10:54,30.8,30.5201597223684,6.627,22.938,4.11137652369745,0.133944746758889
7.2,2,590,30-Jun-2026 03:10:51,31,30.7183276698033,6.61725,22.9413333333333,3.86850734181287,0.126033218297255
7.2,2,590,30-Jun-2026 03:10:49,31.2,30.9164954249361,6.6075,22.9446666666667,3.62563815992829,0.11812168983562
7.2,2,590,30-Jun-2026 03:10:47,31.4,31.114662987768,6.59966086956522,22.9478260869565,3.38276897804372,0.110210161373986
7.2,2,590,30-Jun-2026 03:10:45,31.6,31.3128303583065,6.59309565217391,22.9508695652174,3.19223039916731,0.104002546738167
7.2,2,590,30-Jun-2026 03:10:43,31.8,31.5109975365525,6.58677826086957,22.9535217391304,3.0016918202909,0.0977949321023488
7.2,2,590,30-Jun-2026 03:10:41,32,31.7091645225008,6.58103913043478,22.9552608695652,2.81115324141449,0.0915873174665301
7.2,2,590,30-Jun-2026 03:10:39,32.2,31.9073313161587,6.5753,22.957,2.62061466253808,0.0853797028307114
7.2,2,590,30-Jun-2026 03:10:36,32.4,32.1054979175274,6.56719090909091,22.9606363636364,2.43007608366167,0.0791720881948928
7.2,2,590,30-Jun-2026 03:10:34,32.6,32.3036643266014,6.55908181818182,22.9642727272727,2.23953750478526,0.0729644735590741
7.2,2,590,30-Jun-2026 03:10:32,32.8,32.5018305433944,6.5516875,22.9677291666667,2.04899892590886,0.0667568589232556
7.2,2,590,30-Jun-2026 03:10:30,33,32.6999965678948,6.5464375,22.9706458333333,1.85846034703244,0.0605492442874368
7.2,2,590,30-Jun-2026 03:10:28,33.2,32.8981624001098,6.5411875,22.9735625,1.66792176815603,0.0543416296516181
7.2,2,590,30-Jun-2026 03:10:26,33.4,33.0963280400341,6.53990416666667,22.974,1.47738318927963,0.0481340150157995
7.2,2,590,30-Jun-2026 03:10:24,33.6,33.2944934876813,6.53932083333333,22.974,1.28684461040321,0.0419264003799808
7.2,2,590,30-Jun-2026 03:10:22,33.8,33.4926587430396,6.53787959183673,22.9743673469388,1.09630603152681,0.0357187857441623
7.2,2,590,30-Jun-2026 03:10:20,34,33.6908238061228,6.53538979591837,22.9751836734694,0.980295852310515,0.0319389932751294
7.2,2,590,30-Jun-2026 03:10:18,34.2,33.8889886769189,6.5329,22.976,0.864285673094221,0.0281592008060966
7.2,2,590,30-Jun-2026 03:10:16,34.4,34.0871533554416,6.52940980392157,22.9771764705882,0.748275493877932,0.0243794083370639
7.2,2,590,30-Jun-2026 03:10:14,34.6,34.2853178416727,6.52591960784314,22.9783529411765,0.632265314661638,0.0205996158680311
7.2,2,590,30-Jun-2026 03:10:12,34.8,34.4834821356386,6.51793275862069,22.9817931034483,0.516255135445348,0.0168198233989983
7.2,2,590,30-Jun-2026 03:10:10,35,34.6816462373338,6.50445,22.988,0.400244956229054,0.0130400309299655
7.2,2,590,30-Jun-2026 03:10:07,35.2,34.8798101467398,6.49096724137931,22.9942068965517,0.284234777012761,0.00926023846093267
7.2,2,590,30-Jun-2026 03:10:05,35.4,35.0779738638832,6.48020208333333,22.9990625,0.168224597796471,0.00548044599189996
7.2,2,590,30-Jun-2026 03:10:03,35.6,35.276137388752,6.47166041666667,23.0028125,0.0522144185801769,0.00170065352286713
7.2,2,590,30-Jun-2026 03:10:01,35.8,35.4743007213406,6.46239574468085,23.0070212765957,-0.0637957606361127,-0.00207913894616558
7.2,2,590,30-Jun-2026 03:09:59,36,35.672463861669,6.44903404255319,23.013829787234,-0.179805939852407,-0.00585893141519841
7.2,2,590,30-Jun-2026 03:09:57,36.2,35.8706268097251,6.43567234042553,23.0206382978723,-0.2958161190687,-0.00963872388423125
7.2,2,590,30-Jun-2026 03:09:54,36.4,36.0687895655098,6.42351636363636,23.0266545454545,-0.41182629828499,-0.013418516353264
7.2,2,590,30-Jun-2026 03:09:52,36.6,36.2669521290302,6.41166181818182,23.0324727272727,-0.387485806848693,-0.0126255367811693
7.2,2,590,30-Jun-2026 03:07:45,36.8,36.4651145002934,6.39939444444444,23.0384722222222,-0.363145315412397,-0.0118325572090747
7.2,2,590,30-Jun-2026 02:26:05,37,36.6632766792875,6.37928333333333,23.0479166666667,-0.3388048239761,-0.0110395776369801
7.2,2,700,30-Jun-2026 04:51:18,-0.1,-0.0990988599548819,20.5277,6.873,NaN,NaN
7.2,2,700,30-Jun-2026 04:49:48,0.01,0.00990988334653659,20.6022,0.257,NaN,NaN
7.2,2,700,30-Jun-2026 04:49:58,0.01,0.00990988334653659,20.5459,6.988,NaN,NaN
7.2,2,700,30-Jun-2026 04:50:38,0.01,0.00990988334653659,20.366,6.955,NaN,NaN
7.2,2,700,30-Jun-2026 04:50:58,0.01,0.00990988334653659,20.4489,6.912,NaN,NaN
7.2,2,700,30-Jun-2026 04:50:48,0.02,0.0198197662161875,20.4031,6.938,NaN,NaN
7.2,2,700,30-Jun-2026 04:50:08,0.03,0.0297296486089114,20.4696,6.971,NaN,NaN
7.2,2,700,30-Jun-2026 04:51:08,0.03,0.0297296486089114,20.4978,6.888,NaN,NaN
7.2,2,700,30-Jun-2026 04:50:28,0.04,0.0396395305118137,20.3941,6.965,NaN,NaN
7.2,2,700,30-Jun-2026 04:50:18,0.05,0.0495494119248564,20.4106,7.004,NaN,NaN
7.2,2,700,30-Jun-2026 04:51:28,0.05,0.0495494119248564,20.5536,6.857,NaN,NaN
7.2,2,700,30-Jun-2026 04:51:38,0.05,0.0495494119248564,20.5918,6.848,NaN,NaN
8.2,3,190,30-Jun-2026 05:09:21,0,0,21.2175,0,260.017559539967,8.29977349051528
8.2,3,190,30-Jun-2026 05:13:46,0.2,0.198197575549084,21.4926727272727,12.7763636363636,233.397337449542,7.52686934045495
8.2,3,190,30-Jun-2026 05:16:14,0.4,0.396394958602638,21.3837727272727,14.1569090909091,257.433509162937,8.30865636843433
8.2,3,190,30-Jun-2026 05:18:11,0.6,0.594592149189359,21.4329,14.0864,257.771975135641,8.31911381713271
8.2,3,190,30-Jun-2026 05:18:26,0.8,0.792789147292957,21.4226,14.087,257.949361138386,8.32484600484616
8.2,3,190,30-Jun-2026 05:18:34,1,0.990985952922833,21.427262962963,14.087,257.993881732989,8.32621327882293
8.2,3,190,30-Jun-2026 05:18:40,1.2,1.18918256608195,21.4380777777778,14.087,258.087459997164,8.32924736501546
8.2,3,190,30-Jun-2026 05:18:45,1.4,1.3873789867604,21.4462384615385,14.0879807692308,258.191630457188,8.3326337676745
8.2,3,190,30-Jun-2026 05:18:50,1.6,1.58557521495471,21.4539307692308,14.0891346153846,258.335581422638,8.33729790927135
8.2,3,190,30-Jun-2026 05:18:56,1.8,1.78377125068706,21.4599181818182,14.0903636363636,258.368112581581,8.3383483050079
8.2,3,190,30-Jun-2026 05:19:01,2,1.98196709394753,21.4607909090909,14.0918181818182,258.76489813833,8.35119149600019
8.2,3,190,30-Jun-2026 05:19:07,2.2,2.18016274473901,21.4616636363636,14.0932727272727,258.856051112465,8.35414989442853
8.2,3,190,30-Jun-2026 05:19:26,2.4,2.37835820305796,21.4625,14.1111111111111,259.364174262467,8.37059973198207
8.2,3,190,30-Jun-2026 05:19:59,2.6,2.57655346890084,21.4633,14.1453333333333,261.63816888297,8.44419194010869
8.2,3,190,30-Jun-2026 05:20:33,2.8,2.7747485422962,21.4637235294118,14.2124705882353,263.089203516592,8.49242038136756
8.2,3,190,30-Jun-2026 05:21:12,3,2.97294342320192,21.4630176470588,14.3783529411765,263.677959135597,8.51274885836733
8.2,3,190,30-Jun-2026 05:21:51,3.2,3.1711381116594,21.4623117647059,14.5442352941176,263.888376614056,8.52043439944351
8.2,3,190,30-Jun-2026 05:22:12,3.4,3.36933260765859,21.4554843137255,14.7230196078431,264.391664623123,8.53794648601697
8.2,3,190,30-Jun-2026 05:22:25,3.6,3.56752691117663,21.4460333333333,14.9073333333333,264.760468557071,8.55106598381104
8.2,3,190,30-Jun-2026 05:22:45,3.8,3.76572102225485,21.41745,15.0995,266.706365649004,8.6147870526871
8.2,3,190,30-Jun-2026 05:23:49,4,3.9639149408575,21.28045,15.3361666666667,268.380994431918,8.66942923737105
8.2,3,190,30-Jun-2026 05:24:53,4.2,4.16210866700663,21.14345,15.5728333333333,270.607274060786,8.74260644328306
8.2,3,190,30-Jun-2026 05:28:37,4.4,4.360302200705,20.945825,15.7660625,271.961588859338,8.78894665950265
8.2,3,190,30-Jun-2026 05:33:14,4.6,4.55849554193609,20.7279916666667,15.9448125,272.093750498996,8.79601810725676
8.2,3,190,30-Jun-2026 05:38:00,4.8,4.75668869070905,20.53712,16.07892,274.575397648838,8.87709644276221
8.2,3,190,30-Jun-2026 05:43:03,5,4.95488164703947,20.39632,16.13012,275.591229839706,8.91034657791992
8.2,3,190,30-Jun-2026 05:48:06,5.2,5.15307441091721,20.25552,16.18132,277.551560144716,8.97431989237151
8.2,3,190,30-Jun-2026 05:51:42,5.4,5.35126698233855,20.1074551020408,16.291693877551,280.783382992976,9.08027377418475
8.2,3,190,30-Jun-2026 05:55:02,5.6,5.54945936131259,19.9581081632653,16.4125102040816,282.194876518059,9.12691093927496
8.2,3,190,30-Jun-2026 05:58:27,5.8,5.74765154782918,19.7939690909091,16.5625272727273,282.329117800512,9.1325896632239
8.2,3,190,30-Jun-2026 06:01:59,6,5.94584354191667,19.6076418181818,16.7563454545455,280.923979721399,9.08913345465353
8.2,3,190,30-Jun-2026 06:05:30,6.2,6.14403534354558,19.4213145454545,16.9501636363636,281.709400727898,9.11493073758708
8.2,3,190,30-Jun-2026 06:07:25,6.4,6.34222695272499,19.20765,17.10625,281.708554134822,9.1158430177804
8.2,3,190,30-Jun-2026 06:08:27,6.6,6.54041836945752,18.9792653846154,17.2420192307692,279.604978756142,9.0510357059558
8.2,3,190,30-Jun-2026 06:09:30,6.8,6.7386095937522,18.752429787234,17.3757446808511,280.472635817919,9.07957135208106
8.2,3,190,30-Jun-2026 06:10:40,7,6.93680062561165,18.5550255319149,17.4706382978723,281.299663269407,9.10730773929087
8.2,3,190,30-Jun-2026 06:11:50,7.2,7.1349914650256,18.3576212765957,17.5655319148936,281.744010107774,9.12257583420791
8.2,3,190,30-Jun-2026 06:12:49,7.4,7.33318211199662,18.2046,17.6257142857143,282.23620116289,9.14023927564741
8.2,3,190,30-Jun-2026 06:13:43,7.6,7.53137256654014,18.0706,17.6710204081633,282.757395349281,9.15732079528787
8.2,3,190,30-Jun-2026 06:14:35,7.8,7.72956282863301,17.8631,17.7285106382979,282.909701750333,9.16234983427137
8.2,3,190,30-Jun-2026 06:15:20,8,7.92775289829704,17.4351,17.8225531914894,286.750449423419,9.28905210809982
8.2,3,190,30-Jun-2026 06:16:05,8.2,8.12594277552191,17.0071,17.9165957446809,288.830536003587,9.35748961686694
8.2,3,190,30-Jun-2026 06:16:33,8.4,8.32413246031655,16.57115,17.954125,293.865008824282,9.5221804029038
8.2,3,190,30-Jun-2026 06:16:59,8.6,8.52232195267705,16.1343166666667,17.985375,297.441340461778,9.63921777055078
8.2,3,190,30-Jun-2026 06:17:21,8.8,8.7205112526059,15.8126090909091,18.0419090909091,299.651742639168,9.71180418884466
8.2,3,190,30-Jun-2026 06:17:37,9,8.91870036010559,15.6060272727273,18.1237272727273,300.666074718463,9.74526455645523
8.2,3,190,30-Jun-2026 06:17:53,9.2,9.11688927518497,15.3994454545455,18.2055454545455,302.369910363444,9.80307568628817
8.2,3,190,30-Jun-2026 06:18:06,9.4,9.31507799782726,15.2308526315789,18.3170526315789,301.845388626694,9.78681071102764
8.2,3,190,30-Jun-2026 06:18:17,9.6,9.51326652803489,15.0749228070175,18.4384561403509,301.784895759982,9.78583505043027
8.2,3,190,30-Jun-2026 06:18:28,9.8,9.71145486583598,14.9189929824561,18.5598596491228,301.558258262411,9.77927484931041
8.2,3,190,30-Jun-2026 06:18:34,10,9.90964301120082,14.795776744186,18.6306046511628,302.407582418049,9.8075488711998
8.2,3,190,30-Jun-2026 06:18:39,10.2,10.1078309641511,14.6761953488372,18.6957209302326,NaN,NaN
8.2,3,190,30-Jun-2026 06:18:44,10.4,10.3060187246635,14.5996469387755,18.7346530612245,NaN,NaN
8.2,3,190,30-Jun-2026 06:18:48,10.6,10.5042062927725,14.5374428571429,18.7648571428571,NaN,NaN
8.2,3,190,30-Jun-2026 06:18:51,10.8,10.7023936684484,14.4852107142857,18.7892142857143,NaN,NaN
8.2,3,190,30-Jun-2026 06:18:55,11,10.9005808517193,14.4562464285714,18.7999285714286,NaN,NaN
8.2,3,190,30-Jun-2026 06:18:58,11.2,11.0987678425617,14.4272821428571,18.8106428571429,NaN,NaN
8.2,3,190,30-Jun-2026 06:19:01,11.4,11.2969546410037,14.3774481481482,18.8295185185185,NaN,NaN
8.2,3,190,30-Jun-2026 06:19:05,11.6,11.4951412470155,14.3067444444444,18.8565555555556,NaN,NaN
8.2,3,190,30-Jun-2026 06:19:08,11.8,11.6933276606186,14.2360407407407,18.8835925925926,NaN,NaN
8.2,3,190,30-Jun-2026 06:19:11,12,11.8915138818154,14.1803842105263,18.9062631578947,NaN,NaN
8.2,3,190,30-Jun-2026 06:19:14,12.2,12.0896999105889,14.1284894736842,18.9278421052632,NaN,NaN
8.2,3,190,30-Jun-2026 06:19:18,12.4,12.2878857469605,14.0889269230769,18.9369230769231,NaN,NaN
8.2,3,190,30-Jun-2026 06:19:23,12.6,12.4860713909198,14.0507346153846,18.9446153846154,NaN,NaN
8.2,3,190,30-Jun-2026 06:19:28,12.8,12.6842568424818,13.9902981132075,18.9649433962264,NaN,NaN
8.2,3,190,30-Jun-2026 06:19:34,13,12.8824421016166,13.877958490566,19.0147547169811,NaN,NaN
8.2,3,190,30-Jun-2026 06:19:41,13.2,13.0806271683585,13.7656188679245,19.0645660377359,NaN,NaN
8.2,3,190,30-Jun-2026 06:20:24,13.4,13.278812042697,13.6248490196078,19.1523529411765,NaN,NaN
8.2,3,190,30-Jun-2026 06:21:26,13.6,13.476996724647,13.4687705882353,19.2605882352941,NaN,NaN
8.2,3,190,30-Jun-2026 06:22:26,13.8,13.6751812141786,13.315372,19.36584,NaN,NaN
8.2,3,190,30-Jun-2026 06:23:16,14,13.8733655113132,13.186092,19.44424,NaN,NaN
8.2,3,190,30-Jun-2026 06:24:05,14.2,14.0715496160402,13.056812,19.52264,NaN,NaN
8.2,3,190,30-Jun-2026 06:24:29,14.4,14.269733528381,12.919875,19.62575,NaN,NaN
8.2,3,190,30-Jun-2026 06:24:37,14.6,14.4679172483184,12.7778333333333,19.7453333333333,NaN,NaN
8.2,3,190,30-Jun-2026 06:24:43,14.8,14.6661007758609,12.5693320754717,19.9087735849057,NaN,NaN
8.2,3,190,30-Jun-2026 06:24:48,15,14.8642841110043,12.0949924528302,20.247641509434,NaN,NaN
8.2,3,190,30-Jun-2026 06:24:53,15.2,15.0624672537699,11.6206528301887,20.5865094339623,NaN,NaN
8.2,3,190,30-Jun-2026 06:24:58,15.4,15.2606502041341,11.3736107142857,20.7808392857143,NaN,NaN
8.2,3,190,30-Jun-2026 06:25:02,15.6,15.4588329621054,11.3125392857143,20.8569107142857,NaN,NaN
8.2,3,190,30-Jun-2026 06:25:06,15.8,15.6570155276859,11.2514678571429,20.9329821428571,NaN,NaN
8.2,3,190,30-Jun-2026 06:25:09,16,15.855197900884,11.2036565217391,20.9881956521739,NaN,NaN
8.2,3,190,30-Jun-2026 06:25:13,16.2,16.0533800816824,11.1602652173913,21.0364565217391,NaN,NaN
8.2,3,190,30-Jun-2026 06:25:16,16.4,16.2515620701089,11.1259130434783,21.0819782608696,NaN,NaN
8.2,3,190,30-Jun-2026 06:25:20,16.6,16.4497438661527,11.1026086956522,21.124152173913,NaN,NaN
8.2,3,190,30-Jun-2026 06:25:23,16.8,16.6479254697964,11.0810675,21.165175,NaN,NaN
8.2,3,190,30-Jun-2026 06:25:26,17,16.8461068810614,11.0695175,21.199675,NaN,NaN
8.2,3,190,30-Jun-2026 06:25:29,17.2,17.0442880999495,11.0502982142857,21.2411607142857,NaN,NaN
8.2,3,190,30-Jun-2026 06:25:34,17.4,17.2424691264628,10.9876196428571,21.3222321428571,NaN,NaN
8.2,3,190,30-Jun-2026 06:25:38,17.6,17.4406499605967,10.9249410714286,21.4033035714286,NaN,NaN
8.2,3,190,30-Jun-2026 06:26:28,17.8,17.6388306023468,10.7984230769231,21.5023076923077,NaN,NaN
8.2,3,190,30-Jun-2026 06:28:40,18,17.8370110517151,10.5533461538462,21.6346153846154,NaN,NaN
8.2,3,190,30-Jun-2026 06:30:52,18.2,18.0351913087097,10.3082692307692,21.7669230769231,NaN,NaN
8.2,3,190,30-Jun-2026 06:33:49,18.4,18.2333713733455,10.20965,21.818,NaN,NaN
8.2,3,190,30-Jun-2026 06:37:02,18.6,18.4315512455986,10.15985,21.842,NaN,NaN
8.2,3,190,30-Jun-2026 06:39:46,18.8,18.629730925471,10.1000098039216,21.8655882352941,NaN,NaN
8.2,3,190,30-Jun-2026 06:41:06,19,18.8279104129773,10.0100490196078,21.8879411764706,NaN,NaN
8.2,3,190,30-Jun-2026 06:42:26,19.2,19.0260897081193,9.92008823529412,21.9102941176471,NaN,NaN
8.2,3,190,30-Jun-2026 06:44:24,19.4,19.2242688108926,9.7881,21.9299019607843,NaN,NaN
8.2,3,190,30-Jun-2026 06:46:40,19.6,19.4224477212988,9.6381,21.9483333333333,NaN,NaN
8.2,3,190,30-Jun-2026 06:49:02,19.8,19.6206264393334,9.50253333333333,21.9677333333333,NaN,NaN
8.2,3,190,30-Jun-2026 06:52:06,20,19.8188049650046,9.44875555555556,21.9926222222222,NaN,NaN
8.2,3,190,30-Jun-2026 06:55:10,20.2,20.0169832983142,9.39497777777778,22.0175111111111,NaN,NaN
8.2,3,190,30-Jun-2026 06:56:42,20.4,20.215161439264,9.2619875,22.04475,NaN,NaN
8.2,3,190,30-Jun-2026 06:58:04,20.6,20.4133393878363,9.12019583333333,22.07225,NaN,NaN
8.2,3,190,30-Jun-2026 06:59:25,20.8,20.6115171440652,9.02046981132075,22.1058113207547,NaN,NaN
8.2,3,190,30-Jun-2026 07:00:43,21,20.8096947079266,8.96280943396226,22.1454339622641,NaN,NaN
8.2,3,190,30-Jun-2026 07:02:01,21.2,21.0078720794479,8.90514905660377,22.1850566037736,NaN,NaN
8.2,3,190,30-Jun-2026 07:03:52,21.4,21.206049258586,8.83491836734694,22.2489387755102,NaN,NaN
8.2,3,190,30-Jun-2026 07:05:50,21.6,21.4042262453874,8.7624693877551,22.3171020408163,NaN,NaN
8.2,3,190,30-Jun-2026 07:07:25,21.8,21.6024030398282,8.684344,22.3796,NaN,NaN
8.2,3,190,30-Jun-2026 07:08:28,22,21.8005796419164,8.597704,22.4336,NaN,NaN
8.2,3,190,30-Jun-2026 07:09:30,22.2,21.9987560516536,8.511064,22.4876,NaN,NaN
8.2,3,190,30-Jun-2026 07:09:42,22.4,22.1969322690417,8.4883,22.502,NaN,NaN
8.2,3,190,30-Jun-2026 07:09:49,22.6,22.395108294082,8.47263333333333,22.512,NaN,NaN
8.2,3,190,30-Jun-2026 07:09:56,22.8,22.5932841267636,8.453372,22.5196,NaN,NaN
8.2,3,190,30-Jun-2026 07:10:04,23,22.7914597671136,8.419732,22.5176,NaN,NaN
8.2,3,190,30-Jun-2026 07:10:11,23.2,22.9896352151015,8.386092,22.5156,NaN,NaN
8.2,3,190,30-Jun-2026 07:10:20,23.4,23.1878104707546,8.35356956521739,22.5095217391304,NaN,NaN
8.2,3,190,30-Jun-2026 07:10:28,23.6,23.3859855340681,8.32152608695652,22.5016956521739,NaN,NaN
8.2,3,190,30-Jun-2026 07:10:52,23.8,23.5841604050242,8.27998,22.50196,NaN,NaN
8.2,3,190,30-Jun-2026 07:11:39,24,23.7823350836502,8.22418,22.51436,NaN,NaN
8.2,3,190,30-Jun-2026 07:12:26,24.2,23.9805095699347,8.16838,22.52676,NaN,NaN
8.2,3,190,30-Jun-2026 07:13:08,24.4,24.1786838638858,8.14496666666667,22.5436666666667,NaN,NaN
8.2,3,190,30-Jun-2026 07:13:49,24.6,24.3768579654856,8.12515185185185,22.5610740740741,NaN,NaN
8.2,3,190,30-Jun-2026 07:14:24,24.8,24.5750318747613,8.10309622641509,22.5778679245283,NaN,NaN
8.2,3,190,30-Jun-2026 07:14:29,25,24.7732055917016,8.07207735849057,22.5922075471698,NaN,NaN
8.2,3,190,30-Jun-2026 07:14:34,25.2,24.9713791163016,8.04105849056604,22.6065471698113,NaN,NaN
8.2,3,190,30-Jun-2026 07:14:40,25.4,25.169552448569,7.985375,22.631,NaN,NaN
8.2,3,190,30-Jun-2026 07:14:46,25.6,25.3677255885182,7.90951136363636,22.6637272727273,NaN,NaN
8.2,3,190,30-Jun-2026 07:14:53,25.8,25.565898536125,7.83435384615385,22.6946923076923,NaN,NaN
8.2,3,190,30-Jun-2026 07:15:00,26,25.7640712913971,7.76050769230769,22.7223846153846,NaN,NaN
8.2,3,190,30-Jun-2026 07:15:08,26.2,25.9622438543425,7.68666153846154,22.7500769230769,NaN,NaN
8.2,3,190,30-Jun-2026 07:15:32,26.4,26.1604162249753,7.62427547169811,22.7555849056604,NaN,NaN
8.2,3,190,30-Jun-2026 07:16:03,26.6,26.3585884032649,7.56570943396226,22.7536981132075,NaN,NaN
8.2,3,190,30-Jun-2026 07:16:35,26.8,26.5567603892446,7.49335555555556,22.7541851851852,NaN,NaN
8.2,3,190,30-Jun-2026 07:17:15,27,26.7549321828902,7.29691111111111,22.776037037037,NaN,NaN
8.2,3,190,30-Jun-2026 07:17:55,27.2,26.9531037842159,7.10046666666666,22.7978888888889,NaN,NaN
8.2,3,190,30-Jun-2026 07:18:28,27.4,27.1512751932166,6.95924761904762,22.8191904761905,NaN,NaN
8.2,3,190,30-Jun-2026 07:18:53,27.6,27.3494464099193,6.90086666666667,22.8396666666667,NaN,NaN
8.2,3,190,30-Jun-2026 07:19:17,27.8,27.5476174342867,6.85057872340426,22.8575744680851,NaN,NaN
8.2,3,190,30-Jun-2026 07:19:40,28,27.745788266333,6.81917446808511,22.8694893617021,NaN,NaN
8.2,3,190,30-Jun-2026 07:20:03,28.2,27.9439589060724,6.78777021276596,22.8814042553192,NaN,NaN
8.2,3,190,30-Jun-2026 07:20:28,28.4,28.1421293534805,6.76471538461539,22.8904038461538,NaN,NaN
8.2,3,190,30-Jun-2026 07:20:53,28.6,28.3402996085904,6.7421,22.89925,NaN,NaN
8.2,3,190,30-Jun-2026 07:21:17,28.8,28.5384696713844,6.7248641509434,22.9061886792453,NaN,NaN
8.2,3,190,30-Jun-2026 07:21:42,29,28.7366395418636,6.71761886792453,22.9095849056604,NaN,NaN
8.2,3,190,30-Jun-2026 07:22:07,29.2,28.934809220042,6.71037358490566,22.9129811320755,NaN,NaN
8.2,3,190,30-Jun-2026 07:22:36,29.4,29.1329787058952,6.6962862745098,22.9183921568627,NaN,NaN
8.2,3,190,30-Jun-2026 07:23:07,29.6,29.3311479994501,6.67926666666667,22.9246666666667,NaN,NaN
8.2,3,190,30-Jun-2026 07:23:36,29.8,29.5293171006951,6.66196428571429,22.9309285714286,NaN,NaN
8.2,3,190,30-Jun-2026 07:23:55,30,29.7274860096376,6.64305952380952,22.937119047619,NaN,NaN
8.2,3,190,30-Jun-2026 07:24:13,30.2,29.9256547262789,6.62490204081633,22.9431020408163,NaN,NaN
8.2,3,190,30-Jun-2026 07:24:17,30.4,30.1238232506009,6.62094285714286,22.9451428571429,NaN,NaN
8.2,3,190,30-Jun-2026 07:24:22,30.6,30.3219915826432,6.61698367346939,22.9471836734694,NaN,NaN
8.2,3,190,30-Jun-2026 07:24:26,30.8,30.5201597223684,6.61377777777778,22.9484444444444,NaN,NaN
8.2,3,190,30-Jun-2026 07:24:30,31,30.7183276698033,6.61107407407407,22.9491851851852,NaN,NaN
8.2,3,190,30-Jun-2026 07:24:34,31.2,30.9164954249361,6.60837037037037,22.9499259259259,NaN,NaN
8.2,3,190,30-Jun-2026 07:24:38,31.4,31.114662987768,6.60546428571429,22.9509642857143,NaN,NaN
8.2,3,190,30-Jun-2026 07:24:41,31.6,31.3128303583065,6.60253571428571,22.9520357142857,NaN,NaN
8.2,3,190,30-Jun-2026 07:24:45,31.8,31.5109975365525,6.59959361702128,22.9530425531915,NaN,NaN
8.2,3,190,30-Jun-2026 07:24:49,32,31.7091645225008,6.59652978723404,22.9534680851064,NaN,NaN
8.2,3,190,30-Jun-2026 07:24:53,32.2,31.9073313161587,6.59346595744681,22.9538936170213,NaN,NaN
8.2,3,190,30-Jun-2026 07:24:57,32.4,32.1054979175274,6.58685625,22.957125,NaN,NaN
8.2,3,190,30-Jun-2026 07:25:01,32.6,32.3036643266014,6.57906458333333,22.9612916666667,NaN,NaN
8.2,3,190,30-Jun-2026 07:25:05,32.8,32.5018305433944,6.571984,22.96456,NaN,NaN
8.2,3,190,30-Jun-2026 07:25:09,33,32.6999965678948,6.566224,22.96616,NaN,NaN
8.2,3,190,30-Jun-2026 07:25:13,33.2,32.8981624001098,6.560464,22.96776,NaN,NaN
8.2,3,190,30-Jun-2026 07:25:17,33.4,33.0963280400341,6.55610555555556,22.9695740740741,NaN,NaN
8.2,3,190,30-Jun-2026 07:25:22,33.6,33.2944934876813,6.55199444444444,22.9714259259259,NaN,NaN
8.2,3,190,30-Jun-2026 07:25:26,33.8,33.4926587430396,6.54774651162791,22.9733488372093,NaN,NaN
8.2,3,190,30-Jun-2026 07:25:30,34,33.6908238061228,6.54272325581395,22.9756744186047,NaN,NaN
8.2,3,190,30-Jun-2026 07:25:35,34.2,33.8889886769189,6.5377,22.978,NaN,NaN
8.2,3,190,30-Jun-2026 07:25:39,34.4,34.0871533554416,6.53271886792453,22.9798867924528,NaN,NaN
8.2,3,190,30-Jun-2026 07:25:44,34.6,34.2853178416727,6.52773773584906,22.9817735849057,NaN,NaN
8.2,3,290,03-Jul-2026 00:45:11,34.08,33.7700897775153,6.6084,22.955,3.11209233559407,0.101384746369089
8.2,3,290,03-Jul-2026 02:45:13,34.09,33.7799980217685,6.6863,22.928,5.06459601598716,0.164992327197766
8.2,3,290,02-Jul-2026 23:45:10,34.11,33.7998145088501,6.5608,22.973,2.13584049539753,0.0695809559547503
8.2,3,290,03-Jul-2026 01:45:12,34.11,33.7998145088501,6.673,22.932,4.08834417579061,0.133188536783428
8.2,3,290,03-Jul-2026 08:45:19,34.11,33.7998145088501,6.7587,22.894,10.9221070571664,0.355815069683798
8.2,3,290,03-Jul-2026 10:45:21,34.11,33.7998145088501,6.7356,22.901,11.2564014762975,0.366706200258989
8.2,3,290,03-Jul-2026 11:45:22,34.11,33.7998145088501,6.715,22.91,10.6162395717494,0.345852033013742
8.2,3,290,03-Jul-2026 07:45:18,34.12,33.8097227516785,6.6981,22.919,9.94585521696987,0.32401127926946
8.2,3,290,03-Jul-2026 09:45:20,34.12,33.8097227516785,6.809,22.871,11.8965633808456,0.387560367504236
8.2,3,290,03-Jul-2026 05:45:16,34.13,33.8196309940105,6.7163,22.912,7.99335153657678,0.260403698440782
8.2,3,290,03-Jul-2026 06:45:17,34.13,33.8196309940105,6.6642,22.931,8.96960337677333,0.292207488855121
8.2,3,290,03-Jul-2026 04:45:15,34.14,33.8295392358716,6.7945,22.879,7.01709969638024,0.228599908026444
8.2,3,290,03-Jul-2026 03:45:14,34.15,33.8394474772556,6.7528,22.896,6.0408478561837,0.196796117612105
8.2,3,290,03-Jul-2026 12:45:23,34.15,33.8394474772556,6.6945,22.918,9.97607766720127,0.324997865768495
8.2,3,290,03-Jul-2026 13:45:24,34.16,33.8493557181429,6.685,22.923,9.33591576265315,0.304143698523248
8.2,3,290,02-Jul-2026 22:45:09,34.17,33.8592639585594,6.5304,22.986,1.15958865520098,0.0377771655404117
8.2,3,290,03-Jul-2026 15:45:25,34.18,33.8691721984986,6.698,22.917,8.0557697269267,0.262441155248319
8.2,3,290,03-Jul-2026 14:45:24,34.19,33.879080437941,6.6887,22.92,8.69593163147481,0.283295322493565
8.2,3,290,02-Jul-2026 20:45:07,34.21,33.8988969154128,6.4556,23.016,0.216662102972475,0.00705913149896926
8.2,3,290,02-Jul-2026 21:45:08,34.21,33.8988969154128,6.5253,22.989,0.18333681500444,0.00597337512607305
8.2,3,290,03-Jul-2026 17:45:27,34.22,33.9088051534228,6.6857,22.922,6.77544591783047,0.220732820757825
8.2,3,290,03-Jul-2026 16:45:26,34.23,33.9187133909552,6.6779,22.925,7.41560782237858,0.241586988003072
8.2,3,290,03-Jul-2026 18:45:28,34.23,33.9187133909552,6.6777,22.939,6.13528401328236,0.199878653512578
8.2,3,290,02-Jul-2026 19:45:06,34.26,33.948438100661,6.4493,23.019,0.25167235972187,0.00819978002227533
8.2,3,290,02-Jul-2026 18:45:05,34.28,33.9682545714009,6.5062,23.002,0.286682616471265,0.0093404285455814
8.2,3,290,03-Jul-2026 19:45:29,34.28,33.9682545714009,6.6585,22.94,5.49512210873424,0.179024486267332
8.2,3,290,02-Jul-2026 17:45:04,34.29,33.9781628060542,6.4355,23.027,0.32169287322066,0.0104810770688875
8.2,3,290,02-Jul-2026 16:45:03,34.3,33.9880710402104,6.4576,23.015,0.356703129970055,0.0116217255921935
8.2,3,290,03-Jul-2026 20:45:30,34.3,33.9880710402104,6.6844,22.937,4.85496020418613,0.158170319022085
8.2,3,290,02-Jul-2026 14:45:00,34.35,34.0376122038345,6.665,22.926,0.426733365839506,0.0139033393976291
8.2,3,290,03-Jul-2026 21:45:31,34.35,34.0376122038345,6.7398,22.941,4.21709576757372,0.137390993895407
8.2,3,290,02-Jul-2026 15:45:01,34.37,34.0574286659133,6.5614,22.97,0.391723109090111,0.0127626908743231
8.2,3,290,03-Jul-2026 22:45:32,34.39,34.0772451260793,6.7274,22.924,5.64522937214268,0.183913443892319
8.2,3,290,02-Jul-2026 13:44:59,34.41,34.0970615843129,6.653,22.93,0.461743622588901,0.0150439879209352
8.2,3,290,03-Jul-2026 23:45:33,34.46,34.1466027215055,6.8567,22.936,7.07336297671163,0.23043589388923
8.2,3,290,04-Jul-2026 00:45:34,34.48,34.1664191730084,7.4685,22.999,8.50149658128059,0.276958343886142
8.2,3,290,02-Jul-2026 12:44:58,34.49,34.1763273980452,6.5902,22.955,0.496753879338296,0.0161846364442413
8.2,3,290,02-Jul-2026 11:44:57,34.5,34.1862356225904,6.5566,22.968,0.531764136087691,0.0173252849675473
8.2,3,290,04-Jul-2026 01:45:35,34.54,34.2258685160026,7.8935,23.008,9.92963018584955,0.323480793883053
8.2,3,290,02-Jul-2026 10:44:56,34.56,34.245684959813,6.5234,22.983,0.566774392837086,0.0184659334908534
8.2,3,290,02-Jul-2026 09:44:55,34.62,34.3051342797278,6.5655,22.964,0.601784649586481,0.0196065820141594
8.2,3,290,04-Jul-2026 02:45:37,34.62,34.3051342797278,8.0492,23.027,11.3581603840327,0.370016163194043
8.2,3,290,04-Jul-2026 19:45:54,34.63,34.3150424980269,7.2616,22.972,27.5371738294122,0.897104803502455
8.2,3,290,04-Jul-2026 21:45:56,34.63,34.3150424980269,7.2841,22.961,NaN,NaN
8.2,3,290,04-Jul-2026 03:45:38,34.64,34.3249507158596,8.0784,23.019,12.7862939886016,0.416538613190954
8.2,3,290,04-Jul-2026 22:45:57,34.64,34.3249507158596,7.3164,22.954,NaN,NaN
8.2,3,290,05-Jul-2026 00:45:59,34.64,34.3249507158596,7.2238,22.977,NaN,NaN
8.2,3,290,05-Jul-2026 01:46:00,34.64,34.3249507158596,7.3004,22.968,NaN,NaN
8.2,3,290,04-Jul-2026 23:45:58,34.65,34.3348589331936,7.2938,22.97,NaN,NaN
8.2,3,290,04-Jul-2026 17:45:52,34.66,34.3447671500547,7.2592,22.983,26.3005782731918,0.856812645648374
8.2,3,290,04-Jul-2026 20:45:55,34.66,34.3447671500547,7.1817,22.972,28.1554716075224,0.917250882429495
8.2,3,290,04-Jul-2026 16:45:51,34.67,34.3546753664365,7.1703,22.972,25.6822804950816,0.836666566721334
8.2,3,290,04-Jul-2026 18:45:53,34.67,34.3546753664365,7.2898,22.972,26.918876051302,0.876958724575415
8.2,3,290,02-Jul-2026 08:44:54,34.69,34.3744917977487,6.4999,22.995,1.13591586711183,0.0370082046871407
8.2,3,290,04-Jul-2026 04:45:39,34.7,34.3844000126919,8.0552,23,14.2144275931706,0.463061063187866
8.2,3,290,02-Jul-2026 00:44:47,34.72,34.4042164411333,6.4713,23.008,5.41214648586057,0.176324816617738
8.2,3,290,02-Jul-2026 01:44:48,34.72,34.4042164411333,6.4784,23.004,4.87759910299827,0.158909635600552
8.2,3,290,02-Jul-2026 02:44:49,34.72,34.4042164411333,6.5317,22.98,4.34305172013597,0.141494454583366
8.2,3,290,04-Jul-2026 15:45:50,34.72,34.4042164411333,7.0089,22.954,25.0639827169714,0.816520487794294
8.2,3,290,30-Jun-2026 22:44:20,34.73,34.4141246546249,6.3796,23.05,-0.333722024339004,-0.010873837933865
8.2,3,290,01-Jul-2026 23:44:46,34.73,34.4141246546249,6.5535,22.969,5.94669386872287,0.193739997634924
8.2,3,290,01-Jul-2026 11:44:34,34.74,34.4240328676496,6.469,23.01,1.08755696169799,0.0354317632269148
8.2,3,290,01-Jul-2026 12:44:35,34.74,34.4240328676496,6.4625,23.014,1.68056800318971,0.054751743697838
8.2,3,290,01-Jul-2026 15:44:38,34.74,34.4240328676496,6.4978,22.997,3.45960112766488,0.112711685110608
8.2,3,290,02-Jul-2026 07:44:53,34.74,34.4240328676496,6.6187,22.946,1.67046324997413,0.0544233857043269
8.2,3,290,30-Jun-2026 10:44:09,34.75,34.4339410801753,6.5221,22.98,4.14434378051495,0.135029368987757
8.2,3,290,30-Jun-2026 23:44:21,34.75,34.4339410801753,6.3978,23.041,-0.312422169729934,-0.0101798004005228
8.2,3,290,01-Jul-2026 22:44:45,34.75,34.4339410801753,6.549,22.973,6.48124125158516,0.21115517865211
8.2,3,290,04-Jul-2026 05:45:40,34.75,34.4339410801753,7.9653,22.994,15.6425611977395,0.509583513184777
8.2,3,290,30-Jun-2026 21:44:19,34.76,34.4438492922277,6.3775,23.051,-0.355021878948075,-0.0115678754672073
8.2,3,290,01-Jul-2026 01:44:23,34.76,34.4438492922277,6.4099,23.035,-0.269822460511792,-0.00879172533383823
8.2,3,290,01-Jul-2026 09:44:32,34.76,34.4438492922277,6.4839,23.004,-0.0984651212854617,-0.00320819771493162
8.2,3,290,01-Jul-2026 13:44:36,34.76,34.4438492922277,6.4795,23.006,2.27357904468143,0.0740717241687612
8.2,3,290,02-Jul-2026 03:44:50,34.76,34.4438492922277,6.5652,22.967,3.80850433727368,0.12407927356618
8.2,3,290,30-Jun-2026 11:44:10,34.77,34.4537575038003,6.4143,23.033,3.73526761621848,0.121700948269325
8.2,3,290,30-Jun-2026 12:44:11,34.77,34.4537575038003,6.4094,23.036,3.32619145192201,0.108372527550893
8.2,3,290,01-Jul-2026 03:44:25,34.77,34.4537575038003,6.4093,23.036,-0.227222751293651,-0.00740365026715371
8.2,3,290,01-Jul-2026 10:44:33,34.77,34.4537575038003,6.4708,23.009,0.494545920206262,0.0161117827559916
8.2,3,290,04-Jul-2026 14:45:49,34.77,34.4537575038003,7.0002,22.955,24.4456849388613,0.796374408867253
8.2,3,290,30-Jun-2026 20:44:18,34.78,34.4636657148994,6.3662,23.056,0.0536957382623836,0.00174886311438598
8.2,3,290,01-Jul-2026 02:44:24,34.78,34.4636657148994,6.4093,23.036,-0.248522605902721,-0.00809768780049597
8.2,3,290,01-Jul-2026 05:44:27,34.78,34.4636657148994,6.4225,23.03,-0.184623042075509,-0.00601557520046919
8.2,3,290,01-Jul-2026 08:44:31,34.78,34.4636657148994,6.4737,23.007,-0.120717563265067,-0.0039332698657761
8.2,3,290,02-Jul-2026 04:44:50,34.78,34.4636657148994,6.5437,22.976,3.27410539856102,0.106668928755885
8.2,3,290,02-Jul-2026 05:44:51,34.78,34.4636657148994,6.5174,22.987,2.73955801569873,0.0892537477386991
8.2,3,290,01-Jul-2026 04:44:26,34.79,34.4735739255186,6.4186,23.032,-0.20592289668458,-0.00670961273381145
8.2,3,290,01-Jul-2026 07:44:30,34.79,34.4735739255186,6.4622,23.012,-0.142017417874138,-0.00462730739911836
8.2,3,290,01-Jul-2026 14:44:37,34.79,34.4735739255186,6.4935,22.999,2.86659008617316,0.0933917046396845
8.2,3,290,30-Jun-2026 13:44:12,34.8,34.4834821356386,6.4015,23.039,2.91711528762555,0.0950441068324615
8.2,3,290,30-Jun-2026 17:44:16,34.8,34.4834821356386,6.3939,23.046,1.28081063043968,0.0417304239587346
8.2,3,290,30-Jun-2026 18:44:16,34.8,34.4834821356386,6.4074,23.038,0.871848066855318,0.0284057045512494
8.2,3,290,30-Jun-2026 19:44:17,34.8,34.4834821356386,6.4027,23.036,0.462771902558851,0.0150772838328177
8.2,3,290,01-Jul-2026 06:44:29,34.8,34.4834821356386,6.4317,23.026,-0.163317272483209,-0.00532134493246063
8.2,3,290,01-Jul-2026 21:44:44,34.8,34.4834821356386,6.6878,22.927,7.01578863444746,0.228570359669296
8.2,3,290,02-Jul-2026 06:44:52,34.8,34.4834821356386,6.5489,22.973,2.20501063283643,0.071838566721513
8.2,3,290,30-Jun-2026 09:44:03,34.81,34.4933903452979,6.5018,22.989,NaN,NaN
8.2,3,290,01-Jul-2026 00:44:22,34.81,34.4933903452979,6.4038,23.038,-0.291122315120863,-0.0094857628671805
8.2,3,290,01-Jul-2026 16:44:39,34.81,34.4933903452979,6.5307,22.984,4.05261216915661,0.132031665581531
8.2,3,290,01-Jul-2026 17:44:40,34.81,34.4933903452979,6.568,22.97,4.64562321064833,0.151351646052454
8.2,3,290,01-Jul-2026 19:44:42,34.81,34.4933903452979,6.5325,22.98,5.83164529363178,0.189991606994301
8.2,3,290,01-Jul-2026 20:44:43,34.81,34.4933903452979,6.6525,22.94,6.4246563351235,0.209311587465224
8.2,3,290,04-Jul-2026 13:45:49,34.81,34.4933903452979,7.3834,22.989,23.827558862439,0.776233924519198
8.2,3,290,30-Jun-2026 14:44:13,34.82,34.5032985544643,6.4046,23.037,2.50803912332908,0.0817156861140298
8.2,3,290,30-Jun-2026 16:44:15,34.82,34.5032985544643,6.4049,23.038,1.68988679473615,0.0550588446771664
8.2,3,290,04-Jul-2026 12:45:48,34.82,34.5032985544643,6.9696,22.836,23.2092610843288,0.756087845592158
8.2,3,290,04-Jul-2026 06:45:41,34.83,34.513206763157,7.0488,22.862,17.0706948023085,0.556105963181689
8.2,3,290,30-Jun-2026 15:44:14,34.84,34.5231149713697,6.3907,23.043,2.09896295903261,0.0683872653955981
8.2,3,290,01-Jul-2026 18:44:41,34.84,34.5231149713697,6.4942,22.999,5.23863425214005,0.170671626523377
8.2,3,290,04-Jul-2026 07:45:42,34.85,34.5330231790893,7.4806,22.829,18.4988284068775,0.6026284131786
8.2,3,290,04-Jul-2026 08:45:43,34.85,34.5330231790893,7.5503,22.915,19.9269620114464,0.649150863175512
8.2,3,290,04-Jul-2026 09:45:44,34.86,34.5429313863352,7.0722,22.861,21.3541960483103,0.695644014232051
8.2,3,290,04-Jul-2026 10:45:46,34.87,34.5528395931073,7.0737,22.836,21.9726655281084,0.715795687738077
8.2,3,290,04-Jul-2026 11:45:47,34.87,34.5528395931073,7.2355,22.817,22.5909633062186,0.735941766665118
8.2,3,590,NaT,0,0,NaN,NaN,NaN,NaN
8.2,3,590,05-Jul-2026 04:24:29,0.2,0.198197575549084,17.5542,17.602,249.313822318543,8.07440101023194
8.2,3,590,05-Jul-2026 04:24:21,0.4,0.396394958602638,17.5536,17.602,249.431958005677,8.0783217514959
8.2,3,590,05-Jul-2026 04:24:16,0.6,0.594592149189359,17.5528928571429,17.6017857142857,249.426808092734,8.07816610513279
8.2,3,590,05-Jul-2026 04:24:13,0.8,0.792789147292957,17.5607909090909,17.5996363636364,249.460644904374,8.07925006201247
8.2,3,590,05-Jul-2026 04:24:09,1,0.990985952922833,17.56275,17.599625,249.397287532193,8.07720379305664
8.2,3,590,05-Jul-2026 04:24:04,1.2,1.18918256608195,17.5631875,17.599,249.377369938552,8.07656440173131
8.2,3,590,05-Jul-2026 04:23:58,1.4,1.3873789867604,17.5631654545455,17.599,249.278022824374,8.07334555402989
8.2,3,590,05-Jul-2026 04:23:51,1.6,1.58557521495471,17.5631290909091,17.599,249.243764156661,8.07223471677975
8.2,3,590,05-Jul-2026 04:23:46,1.8,1.78377125068706,17.5623846153846,17.5995384615385,249.3585993182,8.07598229978197
8.2,3,590,05-Jul-2026 04:23:42,2,1.98196709394753,17.5588076923077,17.6022307692308,249.334721900784,8.07522890071325
8.2,3,590,05-Jul-2026 04:23:38,2.2,2.18016274473901,17.5552307692308,17.6049230769231,249.314622024838,8.07462330861816
8.2,3,590,05-Jul-2026 04:23:33,2.4,2.37835820305796,17.5538666666667,17.6057777777778,249.184973268451,8.07043455383839
8.2,3,590,05-Jul-2026 04:23:28,2.6,2.57655346890084,17.5539777777778,17.6054074074074,249.165556587391,8.06980965622887
8.2,3,590,05-Jul-2026 04:23:22,2.8,2.7747485422962,17.5540888888889,17.605037037037,249.31924840482,8.07479290070153
8.2,3,590,05-Jul-2026 04:23:15,3,2.97294342320192,17.5514391304348,17.6057826086957,249.14591709244,8.06919061467
8.2,3,590,05-Jul-2026 04:23:07,3.2,3.1711381116594,17.5484826086957,17.606652173913,249.056975439622,8.06632996585086
8.2,3,590,05-Jul-2026 04:23:01,3.4,3.36933260765859,17.543975,17.61025,249.037370949953,8.06573884111518
8.2,3,590,05-Jul-2026 04:22:54,3.6,3.56752691117663,17.5384333333333,17.6156666666667,248.882355332864,8.06078169183793
8.2,3,590,05-Jul-2026 04:22:47,3.8,3.76572102225485,17.5344581818182,17.6196363636364,248.966853208018,8.06353817439074
8.2,3,590,05-Jul-2026 04:22:42,4,3.9639149408575,17.5367490909091,17.6178181818182,248.739852148938,8.05613794073321
8.2,3,590,05-Jul-2026 04:22:37,4.2,4.16210866700663,17.53904,17.616,248.74672059869,8.05636740433547
8.2,3,590,05-Jul-2026 04:22:28,4.4,4.360302200705,17.53408,17.6194,248.693998019093,8.05470648397748
8.2,3,590,05-Jul-2026 04:22:13,4.6,4.55849554193609,17.5202577777778,17.6291777777778,248.581793524371,8.0511778512525
8.2,3,590,05-Jul-2026 04:20:09,4.8,4.75668869070905,17.507032,17.63884,248.761600690504,8.05706693023192
8.2,3,590,05-Jul-2026 04:10:49,5,4.95488164703947,17.496192,17.64804,248.356236701929,8.04392950496152
8.2,3,590,05-Jul-2026 04:01:28,5.2,5.15307441091721,17.485352,17.65724,248.468839242054,8.04765230196348
8.2,3,590,05-Jul-2026 03:51:54,5.4,5.35126698233855,17.4661826086957,17.6718695652174,247.628329971923,8.02083146387784
8.2,3,590,05-Jul-2026 03:42:14,5.6,5.54945936131259,17.4434434782609,17.6888260869565,246.157766568912,7.97326333087513
8.2,3,590,05-Jul-2026 03:36:04,5.8,5.74765154782918,17.3573230769231,17.7439230769231,245.961065048594,7.96711899430737
8.2,3,590,05-Jul-2026 03:35:09,6,5.94584354191667,17.1761307692308,17.8562307692308,243.846114129258,7.89964876670386
8.2,3,590,05-Jul-2026 03:34:14,6.2,6.14403534354558,16.9949384615385,17.9685384615385,243.118511363815,7.8765762826994
8.2,3,590,05-Jul-2026 03:33:10,6.4,6.34222695272499,16.750112244898,18.0945102040816,237.768541837889,7.70526671613084
8.2,3,590,05-Jul-2026 03:32:05,6.6,6.54041836945752,16.4893775510204,18.2238979591837,235.35099327733,7.62769051061345
8.2,3,590,05-Jul-2026 03:31:05,6.8,6.7386095937522,16.2385142857143,18.3417142857143,231.311136502449,7.49842584227851
8.2,3,590,05-Jul-2026 03:30:14,7,6.93680062561165,16.0059836734694,18.4380408163265,231.123931151052,7.49255915604782
8.2,3,590,05-Jul-2026 03:29:23,7.2,7.1349914650256,15.7734530612245,18.5343673469388,216.642065722473,7.02588711572188
8.2,3,590,05-Jul-2026 03:28:55,7.4,7.33318211199662,15.4697461538462,18.7347307692308,215.802106768167,6.99965161880822
8.2,3,590,05-Jul-2026 03:28:29,7.6,7.53137256654014,15.1581307692308,18.9466538461538,217.334420100308,7.05048889207198
8.2,3,590,05-Jul-2026 03:28:06,7.8,7.72956282863301,14.9210076923077,19.1149615384615,217.478289818444,7.05535332875195
8.2,3,590,05-Jul-2026 03:27:49,8,7.92775289829704,14.8577,19.1815,221.553533928825,7.18811588754493
8.2,3,590,05-Jul-2026 03:27:32,8.2,8.12594277552191,14.7943923076923,19.2480384615385,227.12776728631,7.36949662241702
8.2,3,590,05-Jul-2026 03:27:15,8.4,8.32413246031655,14.7615921568627,19.2973725490196,227.713639120339,7.3888734139393
8.2,3,590,05-Jul-2026 03:26:58,8.6,8.52232195267705,14.7418666666667,19.3393333333333,227.340799768625,7.37687888209095
8.2,3,590,05-Jul-2026 03:26:42,8.8,8.7205112526059,14.711670212766,19.3826595744681,226.103269594006,7.33704045911736
8.2,3,590,05-Jul-2026 03:26:31,9,8.91870036010559,14.6221382978723,19.4337234042553,225.0225247336,7.30245680797647
8.2,3,590,05-Jul-2026 03:26:20,9.2,9.11688927518497,14.5326063829787,19.4847872340426,224.809050770558,7.29591098024004
8.2,3,590,05-Jul-2026 03:25:51,9.4,9.31507799782726,14.5135078431373,19.5031568627451,225.00634777159,7.30234773803486
8.2,3,590,05-Jul-2026 03:25:19,9.6,9.51326652803489,14.5120176470588,19.5133529411765,227.923995124943,7.39716557667237
8.2,3,590,05-Jul-2026 03:24:46,9.8,9.71145486583598,14.5152773584906,19.5288301886792,230.784178874699,7.49004670123859
8.2,3,590,05-Jul-2026 03:24:13,10,9.90964301120082,14.5327867924528,19.5601509433962,230.42932238289,7.47874030397703
8.2,3,590,05-Jul-2026 03:23:41,10.2,10.1078309641511,14.5502962264151,19.5914716981132,229.520160003017,7.44958981823205
8.2,3,590,05-Jul-2026 03:22:58,10.4,10.3060187246635,14.4921425531915,19.6517446808511,228.371657477762,7.41274393989726
8.2,3,590,05-Jul-2026 03:22:10,10.6,10.5042062927725,14.3835468085106,19.7313191489362,227.404340879981,7.38189174910086
8.2,3,590,05-Jul-2026 03:21:23,10.8,10.7023936684484,14.282185106383,19.8083404255319,226.857550355056,7.36472863843266
8.2,3,590,05-Jul-2026 03:20:43,11,10.9005808517193,14.2025255319149,19.8777021276596,227.229194789347,7.37720760312269
8.2,3,590,05-Jul-2026 03:20:03,11.2,11.0987678425617,14.1228659574468,19.9470638297872,228.519274182852,7.41932864317095
8.2,3,590,05-Jul-2026 03:19:35,11.4,11.2969546410037,14.0080333333333,20.0263333333333,227.697268154587,7.39346439257764
8.2,3,590,05-Jul-2026 03:19:09,11.6,11.4951412470155,13.8892925925926,20.1067037037037,226.101381920657,7.34273226681341
8.2,3,590,05-Jul-2026 03:18:46,11.8,11.6933276606186,13.7584259259259,20.1927777777778,224.56860487478,7.29374275426565
8.2,3,590,05-Jul-2026 03:18:35,12,11.8915138818154,13.5790555555556,20.3016666666667,224.302236191129,7.28559923886016
8.2,3,590,05-Jul-2026 03:18:24,12.2,12.0896999105889,13.3996851851852,20.4105555555556,224.035867507478,7.27745572345467
8.2,3,590,05-Jul-2026 03:18:14,12.4,12.2878857469605,13.2972,20.4712222222222,223.769498823828,7.26931220804918
8.2,3,590,05-Jul-2026 03:18:05,12.6,12.4860713909198,13.2716,20.4836666666667,222.4644817928,7.22722665252262
8.2,3,590,05-Jul-2026 03:17:55,12.8,12.6842568424818,13.22244,20.5125,221.159464761772,7.18514109699606
8.2,3,590,05-Jul-2026 03:17:47,13,12.8824421016166,13.1026,20.5905,220.069459078031,7.15019889970021
8.2,3,590,05-Jul-2026 03:17:38,13.2,13.0806271683585,12.98276,20.6685,219.194464741577,7.12240006063507
8.2,3,590,05-Jul-2026 03:17:30,13.4,13.278812042697,12.86802,20.7624,218.319470405123,7.09460122156993
8.2,3,590,05-Jul-2026 03:17:22,13.6,13.476996724647,12.75498,20.8616,217.592879120376,7.07141626181647
8.2,3,590,05-Jul-2026 03:17:14,13.8,13.6751812141786,12.6688923076923,20.9378269230769,217.014690887336,7.05284518137469
8.2,3,590,05-Jul-2026 03:17:06,14,13.8733655113132,12.6636615384615,20.9451346153846,216.436502654296,7.0342741009329
8.2,3,590,05-Jul-2026 03:16:58,14.2,14.0715496160402,12.6584307692308,20.9524423076923,216.011288563253,7.02059337407476
8.2,3,590,05-Jul-2026 03:16:51,14.4,14.269733528381,12.6488764705882,20.960862745098,215.739048614208,7.01180300080024
8.2,3,590,05-Jul-2026 03:16:43,14.6,14.4679172483184,12.6369941176471,20.9698823529412,215.466808665162,7.00301262752573
8.2,3,590,05-Jul-2026 03:16:36,14.8,14.6661007758609,12.6258846153846,20.9783461538462,215.194568716116,6.99422225425121
8.2,3,590,05-Jul-2026 03:16:29,15,14.8642841110043,12.6217307692308,20.9818076923077,215.007773950191,6.98817877258933
8.2,3,590,05-Jul-2026 03:16:22,15.2,15.0624672537699,12.6175769230769,20.9852692307692,214.820979184265,6.98213529092744
8.2,3,590,05-Jul-2026 03:16:13,15.4,15.2606502041341,12.6138333333333,20.98825,214.63418441834,6.97609180926556
8.2,3,590,05-Jul-2026 03:16:02,15.6,15.4588329621054,12.6105,20.99075,214.380765097476,6.96787885024445
8.2,3,590,05-Jul-2026 03:15:51,15.8,15.6570155276859,12.6073255319149,20.9932553191489,214.060721221674,6.95749641386411
8.2,3,590,05-Jul-2026 03:15:35,16,15.855197900884,12.6055808510638,20.9958085106383,213.508805842437,6.93959264237769
8.2,3,590,05-Jul-2026 03:15:19,16.2,16.0533800816824,12.6038361702128,20.9983617021277,212.968979238884,6.92212118042673
8.2,3,590,05-Jul-2026 03:15:04,16.4,16.2515620701089,12.5871553191489,21.0124042553191,212.673112914449,6.91260336311734
8.2,3,590,05-Jul-2026 03:14:49,16.6,16.4497438661527,12.5654957446809,21.0302765957447,212.434052300921,6.90496457907123
8.2,3,590,05-Jul-2026 03:14:33,16.8,16.6479254697964,12.535988,21.053,212.251797398299,6.89920482828839
8.2,3,590,05-Jul-2026 03:14:13,17,16.8461068810614,12.494708,21.083,212.197924184304,6.89760733720473
8.2,3,590,05-Jul-2026 03:13:53,17.2,17.0442880999495,12.453428,21.113,212.144050970309,6.89600984612106
8.2,3,590,05-Jul-2026 03:13:07,17.4,17.2424691264628,12.4354192307692,21.1263846153846,212.097592607905,6.89462133499625
8.2,3,590,05-Jul-2026 03:12:17,17.6,17.4406499605967,12.4199961538462,21.1379230769231,211.893084051328,6.88806296859082
8.2,3,590,05-Jul-2026 03:11:19,17.8,17.6388306023468,12.4070081632653,21.1474693877551,211.743763645028,6.88325348983705
8.2,3,590,05-Jul-2026 03:10:00,18,17.8370110517151,12.3997020408163,21.1523673469388,211.716876480642,6.882424205105
8.2,3,590,05-Jul-2026 03:08:40,18.2,18.0351913087097,12.3923959183673,21.1572653061225,212.054382772969,6.89344560058629
8.2,3,590,05-Jul-2026 03:07:07,18.4,18.2333713733455,12.3824333333333,21.164,211.75816308758,6.88389204091176
8.2,3,590,05-Jul-2026 03:05:30,18.6,18.4315512455986,12.3720019607843,21.1710588235294,211.259292616959,6.86773016305337
8.2,3,590,05-Jul-2026 03:03:50,18.8,18.629730925471,12.2744222222222,21.2171111111111,208.42397891413,6.77620813559722
8.2,3,590,05-Jul-2026 03:02:01,19,18.8279104129773,11.9734962962963,21.3541481481481,192.118877458234,6.24695846467828
8.2,3,590,05-Jul-2026 03:00:13,19.2,19.0260897081193,11.6725703703704,21.4911851851852,176.362454294503,5.7355852875488
8.2,3,590,05-Jul-2026 02:59:04,19.4,19.2242688108926,11.311625,21.627,153.277617095787,4.98585502856436
8.2,3,590,05-Jul-2026 02:58:21,19.6,19.4224477212988,10.9106666666667,21.762,134.458268067283,4.37479129365118
8.2,3,590,05-Jul-2026 02:57:42,19.8,19.6206264393334,10.5221173913044,21.9146956521739,122.545680899429,3.9880927581837
8.2,3,590,05-Jul-2026 02:57:20,20,19.8188049650046,10.1832043478261,22.1381739130435,117.539855592227,3.82575942216194
8.2,3,590,05-Jul-2026 02:56:58,20.2,20.0169832983142,9.84429130434783,22.361652173913,113.601341622927,3.69796756181468
8.2,3,590,05-Jul-2026 02:56:50,20.4,20.215161439264,9.78941132075472,22.4481886792453,110.730138991531,3.60471717714192
8.2,3,590,05-Jul-2026 02:56:43,20.6,20.4133393878363,9.76609056603774,22.5195094339623,107.858936360135,3.51146679246916
8.2,3,590,05-Jul-2026 02:56:37,20.8,20.6115171440652,9.71112884615385,22.5851153846154,104.987733728739,3.4182164077964
8.2,3,590,05-Jul-2026 02:56:32,21,20.8096947079266,9.56124423076923,22.6335769230769,103.215823819815,3.36069197777599
8.2,3,590,05-Jul-2026 02:56:26,21.2,21.0078720794479,9.41135961538462,22.6820384615385,102.543206633363,3.33889350240792
8.2,3,590,05-Jul-2026 02:56:21,21.4,21.206049258586,9.29172325581395,22.710488372093,101.870589446912,3.31709502703985
8.2,3,590,05-Jul-2026 02:56:15,21.6,21.4042262453874,9.18837441860465,22.7281627906977,101.19797226046,3.29529655167178
8.2,3,590,05-Jul-2026 02:56:09,21.8,21.6024030398282,9.10811176470588,22.7366078431373,100.525355074008,3.27349807630371
8.2,3,590,05-Jul-2026 02:56:03,22,21.8005796419164,9.05093529411765,22.7358235294118,99.5830736142375,3.24282416380425
8.2,3,590,05-Jul-2026 02:55:56,22.2,21.9987560516536,8.99375882352941,22.7350392156863,98.6407921544669,3.21215025130479
8.2,3,590,05-Jul-2026 02:55:48,22.4,22.1969322690417,8.97745925925926,22.7364074074074,97.6985106946962,3.18147633880534
8.2,3,590,05-Jul-2026 02:55:40,22.6,22.395108294082,8.96331111111111,22.7378888888889,96.7347273964651,3.15010486088664
8.2,3,590,05-Jul-2026 02:55:33,22.8,22.5932841267636,8.94974,22.7399,95.7494422597735,3.11803581754871
8.2,3,590,05-Jul-2026 02:55:26,23,22.7914597671136,8.9379,22.7435,94.7641571230819,3.08596677421077
8.2,3,590,05-Jul-2026 02:55:19,23.2,22.9896352151015,8.92606,22.7471,93.7901227742091,3.05425908345252
8.2,3,590,05-Jul-2026 02:55:13,23.4,23.1878104707546,8.9135375,22.748,92.8273392131551,3.02291274527395
8.2,3,590,05-Jul-2026 02:55:06,23.6,23.3859855340681,8.9007875,22.748,91.8645556521011,2.99156640709537
8.2,3,590,05-Jul-2026 02:54:59,23.8,23.5841604050242,8.889882,22.74786,90.9017720910471,2.9602200689168
8.2,3,590,05-Jul-2026 02:54:52,24,23.7823350836502,8.882402,22.74746,89.8638121116045,2.92642826358172
8.2,3,590,05-Jul-2026 02:54:46,24.2,23.9805095699347,8.874922,22.74706,88.7506757137734,2.89019099109015
8.2,3,590,05-Jul-2026 02:54:39,24.4,24.1786838638858,8.86320769230769,22.7519038461538,87.6375393159422,2.85395371859857
8.2,3,590,05-Jul-2026 02:54:32,24.6,24.3768579654856,8.85074615384615,22.7576730769231,86.524402918111,2.81771644610699
8.2,3,590,05-Jul-2026 02:54:25,24.8,24.5750318747613,8.8377679245283,22.7636981132075,85.2992444335334,2.77783494393272
8.2,3,590,05-Jul-2026 02:54:18,25,24.7732055917016,8.82323962264151,22.7704905660377,83.9620638622093,2.73430921207576
8.2,3,590,05-Jul-2026 02:54:10,25.2,24.9713791163016,8.80871132075472,22.7772830188679,82.6248832908853,2.69078348021879
8.2,3,590,05-Jul-2026 02:54:03,25.4,25.169552448569,8.8064320754717,22.7815849056604,81.2877027195612,2.64725774836183
8.2,3,590,05-Jul-2026 02:53:55,25.6,25.3677255885182,8.81231886792453,22.7842264150943,78.6385665323224,2.56100166415559
8.2,3,590,05-Jul-2026 02:53:48,25.8,25.565898536125,8.81820566037736,22.7868679245283,75.9894303450835,2.47474557994936
8.2,3,590,05-Jul-2026 02:53:41,26,25.7640712913971,8.80651836734694,22.7959183673469,73.3402941578446,2.38848949574312
8.2,3,590,05-Jul-2026 02:53:34,26.2,25.9622438543425,8.79390612244898,22.805306122449,71.8014706546066,2.33841159473865
8.2,3,590,05-Jul-2026 02:53:27,26.4,26.1604162249753,8.76886086956522,22.8160869565217,70.2626471513685,2.28833369373418
8.2,3,590,05-Jul-2026 02:53:21,26.6,26.3585884032649,8.73138260869565,22.8282608695652,68.7238236481304,2.23825579272971
8.2,3,590,05-Jul-2026 02:53:15,26.8,26.5567603892446,8.693192,22.84328,67.1850001448923,2.18817789172525
8.2,3,590,05-Jul-2026 02:53:10,27,26.7549321828902,8.652152,22.86968,65.679746909417,2.13918486930873
8.2,3,590,05-Jul-2026 02:53:04,27.2,26.9531037842159,8.611112,22.89608,64.1744936739417,2.09019184689221
8.2,3,590,05-Jul-2026 02:52:59,27.4,27.1512751932166,8.58342692307692,22.911,62.6692404384664,2.04119882447569
8.2,3,590,05-Jul-2026 02:52:53,27.6,27.3494464099193,8.56146538461538,22.921,61.1639872029911,1.99220580205917
8.2,3,590,05-Jul-2026 02:52:48,27.8,27.5476174342867,8.540792,22.93032,59.8150261831559,1.94828933216466
8.2,3,590,05-Jul-2026 02:52:42,28,27.745788266333,8.531712,22.93352,58.6223573789606,1.90944941479216
8.2,3,590,05-Jul-2026 02:52:37,28.2,27.9439589060724,8.522632,22.93672,57.4296885747654,1.87060949741967
8.2,3,590,05-Jul-2026 02:52:31,28.4,28.1421293534805,8.511344,22.9392,56.2370197705701,1.83176958004717
8.2,3,590,05-Jul-2026 02:52:26,28.6,28.3402996085904,8.498584,22.9412,55.0443509663749,1.79292966267468
8.2,3,590,05-Jul-2026 02:52:20,28.8,28.5384696713844,8.48610434782609,22.9431304347826,53.7840797721575,1.7518879265363
8.2,3,590,05-Jul-2026 02:52:13,29,28.7366395418636,8.47614782608696,22.9444347826087,52.4562061879178,1.70864437163204
8.2,3,590,05-Jul-2026 02:52:07,29.2,28.934809220042,8.46619130434783,22.9457391304348,51.1283326036782,1.66540081672779
8.2,3,590,05-Jul-2026 02:51:59,29.4,29.1329787058952,8.41022264150943,22.9444905660377,49.8004590194386,1.62215726182353
8.2,3,590,05-Jul-2026 02:51:51,29.6,29.3311479994501,8.34275094339623,22.9426037735849,48.189892822631,1.56970572683753
8.2,3,590,05-Jul-2026 02:51:42,29.8,29.5293171006951,8.27775882352941,22.9404705882353,46.5793266258234,1.51725419185153
8.2,3,590,05-Jul-2026 02:51:34,30,29.7274860096376,8.22681764705882,22.9369411764706,44.9687604290158,1.46480265686552
8.2,3,590,05-Jul-2026 02:51:27,30.2,29.9256547262789,8.17587647058824,22.9334117647059,42.8185378034254,1.39476953751722
8.2,3,590,05-Jul-2026 02:51:19,30.4,30.1238232506009,8.132325,22.93425,40.6683151778351,1.32473641816893
8.2,3,590,05-Jul-2026 02:51:12,30.6,30.3219915826432,8.0937,22.938,38.5180925522448,1.25470329882063
8.2,3,590,05-Jul-2026 02:51:05,30.8,30.5201597223684,8.06407692307692,22.9403846153846,37.8013194342181,1.2313596763068
8.2,3,590,05-Jul-2026 02:50:59,31,30.7183276698033,8.07046153846154,22.9373076923077,37.0845463161915,1.20801605379297
8.2,3,590,05-Jul-2026 02:50:53,31.2,30.9164954249361,8.07684615384615,22.9342307692308,36.3677731981649,1.18467243127915
8.2,3,590,05-Jul-2026 02:50:47,31.4,31.114662987768,8.06121176470588,22.9337058823529,35.6510000801382,1.16132880876532
8.2,3,590,05-Jul-2026 02:50:42,31.6,31.3128303583065,8.03089803921569,22.9348823529412,34.9761624120604,1.13935059926452
8.2,3,590,05-Jul-2026 02:50:36,31.8,31.5109975365525,7.99996458333333,22.9357708333333,34.3432601939313,1.11873780277673
8.2,3,590,05-Jul-2026 02:50:31,32,31.7091645225008,7.95725625,22.9311875,33.7103579758022,1.09812500628894
8.2,3,590,05-Jul-2026 02:50:26,32.2,31.9073313161587,7.91454791666667,22.9266041666667,33.0774557576732,1.07751220980115
8.2,3,590,05-Jul-2026 02:50:21,32.4,32.1054979175274,7.82001739130435,22.9210434782609,32.4445535395441,1.05689941331336
8.2,3,590,05-Jul-2026 02:50:16,32.6,32.3036643266014,7.69758260869565,22.9149565217391,32.4570833438845,1.05731277679495
8.2,3,590,05-Jul-2026 02:50:11,32.8,32.5018305433944,7.59041428571429,22.9111428571429,32.469613148225,1.05772614027654
8.2,3,590,05-Jul-2026 02:50:05,33,32.6999965678948,7.51159795918367,22.9115510204082,32.4821429525655,1.05813950375812
8.2,3,590,05-Jul-2026 02:49:59,33.2,32.8981624001098,7.43278163265306,22.9119591836735,32.4946727569059,1.05855286723971
8.2,3,590,05-Jul-2026 02:49:53,33.4,33.0963280400341,7.43050769230769,22.9178846153846,32.5072025612464,1.05896623072129
8.2,3,590,05-Jul-2026 02:49:47,33.6,33.2944934876813,7.43673846153846,22.9244230769231,32.4601602304736,1.0574398072025
8.2,3,590,05-Jul-2026 02:49:41,33.8,33.4926587430396,7.43828823529412,22.9304117647059,32.4131178997009,1.0559133836837
8.2,3,590,05-Jul-2026 02:49:34,34,33.6908238061228,7.42891568627451,22.9351176470588,32.3660755689281,1.05438696016491
8.2,3,590,05-Jul-2026 02:49:28,34.2,33.8889886769189,7.4195431372549,22.9398235294118,32.3190332381554,1.05286053664611
8.2,3,590,05-Jul-2026 02:37:26,34.4,34.0871533554416,7.3902,22.9485,29.5621623539467,0.963063570415904
8.2,3,700,05-Jul-2026 04:34:56,-0.09,-0.089188971790354,16.9141,3.138,277.857977427424,8.91344764741
8.2,3,700,05-Jul-2026 04:35:26,-0.07,-0.0693691969164611,17.0279,17.665,254.242569961428,8.23693399863296
8.2,3,700,05-Jul-2026 04:36:06,-0.07,-0.0693691969164611,17.0299,17.68,257.569113502371,8.34528656989159
8.2,3,700,05-Jul-2026 04:34:46,-0.05,-0.0495494239616365,16.8489,4.134,277.815088456485,8.89962290197278
8.2,3,700,05-Jul-2026 04:35:16,-0.02,-0.0198197681364178,16.9954,17.675,254.484854096989,8.22973644407963
8.2,3,700,05-Jul-2026 04:36:16,-0.02,-0.0198197681364178,17.1005,17.65,256.638682563891,8.31494689948018
8.2,3,700,05-Jul-2026 04:36:26,-0.01,-0.00990988382980743,16.6633,17.817,NaN,NaN
8.2,3,700,05-Jul-2026 04:35:46,0.03,0.0297296486089114,16.6214,17.839,259.4493681988,8.40736764325084
8.2,3,700,05-Jul-2026 04:35:36,0.05,0.0495494119248564,16.6694,17.827,258.968950759388,8.39136564526595
8.2,3,700,05-Jul-2026 04:35:56,0.07,0.0693691733325932,16.6204,17.834,259.283957619414,8.40177205447616
8.2,3,700,05-Jul-2026 04:34:36,0.09,0.089188932818941,16.8516,0.071,NaN,NaN
8.2,3,700,05-Jul-2026 04:35:06,0.16,0.158558075832427,17.0357,8.405,269.702334821978,8.68226233156113
9.2,4,190,NaT,0,0,NaN,NaN,NaN,NaN
9.2,4,190,05-Jul-2026 04:57:03,0.2,0.198197575549084,17.1104153846154,10.0120769230769,NaN,NaN
9.2,4,190,05-Jul-2026 05:11:43,0.4,0.396394958602638,17.4798857142857,17.564,NaN,NaN
9.2,4,190,05-Jul-2026 05:14:33,0.6,0.594592149189359,17.4867818181818,17.5812727272727,NaN,NaN
9.2,4,190,05-Jul-2026 05:14:55,0.8,0.792789147292957,17.4867625,17.583375,NaN,NaN
9.2,4,190,05-Jul-2026 05:15:10,1,0.990985952922833,17.4868818181818,17.5849090909091,NaN,NaN
9.2,4,190,05-Jul-2026 05:15:22,1.2,1.18918256608195,17.4874466666667,17.5850666666667,NaN,NaN
9.2,4,190,05-Jul-2026 05:15:44,1.4,1.3873789867604,17.487,17.5866666666667,NaN,NaN
9.2,4,190,05-Jul-2026 05:16:20,1.6,1.58557521495471,17.4871692307692,17.5886153846154,NaN,NaN
9.2,4,190,05-Jul-2026 05:16:57,1.8,1.78377125068706,17.48448,17.5911333333333,NaN,NaN
9.2,4,190,05-Jul-2026 05:17:53,2,1.98196709394753,17.4865692307692,17.592,NaN,NaN
9.2,4,190,05-Jul-2026 05:18:24,2.2,2.18016274473901,17.48736,17.5934,NaN,NaN
9.2,4,190,05-Jul-2026 05:18:36,2.4,2.37835820305796,17.4869,17.5944615384615,NaN,NaN
9.2,4,190,05-Jul-2026 05:19:07,2.6,2.57655346890084,17.4856692307692,17.5983076923077,NaN,NaN
9.2,4,190,05-Jul-2026 05:19:31,2.8,2.7747485422962,17.4876818181818,17.5991818181818,NaN,NaN
9.2,4,190,05-Jul-2026 05:19:59,3,2.97294342320192,17.4889545454545,17.6019090909091,NaN,NaN
9.2,4,190,05-Jul-2026 05:20:12,3.2,3.1711381116594,17.489075,17.602,NaN,NaN
9.2,4,190,05-Jul-2026 05:20:27,3.4,3.36933260765859,17.48888,17.6038,NaN,NaN
9.2,4,190,05-Jul-2026 05:20:50,3.6,3.56752691117663,17.4889857142857,17.6060714285714,NaN,NaN
9.2,4,190,05-Jul-2026 05:21:02,3.8,3.76572102225485,17.48873,17.607,NaN,NaN
9.2,4,190,05-Jul-2026 05:21:13,4,3.9639149408575,17.4889,17.608,NaN,NaN
9.2,4,190,05-Jul-2026 05:21:24,4.2,4.16210866700663,17.489,17.609,NaN,NaN
9.2,4,190,05-Jul-2026 05:21:35,4.4,4.360302200705,17.48758,17.6106,NaN,NaN
9.2,4,190,05-Jul-2026 05:21:47,4.6,4.55849554193609,17.488,17.612,NaN,NaN
9.2,4,190,05-Jul-2026 05:21:59,4.8,4.75668869070905,17.4885,17.6126666666667,NaN,NaN
9.2,4,190,05-Jul-2026 05:22:13,5,4.95488164703947,17.4858846153846,17.615,NaN,NaN
9.2,4,190,05-Jul-2026 05:22:26,5.2,5.15307441091721,17.4838333333333,17.6166666666667,NaN,NaN
9.2,4,190,05-Jul-2026 05:22:37,5.4,5.35126698233855,17.48525,17.617,NaN,NaN
9.2,4,190,05-Jul-2026 05:22:53,5.6,5.54945936131259,17.4615125,17.6516875,NaN,NaN
9.2,4,190,05-Jul-2026 05:23:48,5.8,5.74765154782918,17.4268545454545,17.6750909090909,NaN,NaN
9.2,4,190,05-Jul-2026 05:24:43,6,5.94584354191667,17.38015,17.7045,NaN,NaN
9.2,4,190,05-Jul-2026 05:25:34,6.2,6.14403534354558,17.3268166666667,17.73625,NaN,NaN
9.2,4,190,05-Jul-2026 05:26:10,6.4,6.34222695272499,17.2786,17.768,NaN,NaN
9.2,4,190,05-Jul-2026 05:26:32,6.6,6.54041836945752,17.3280818181818,17.7369090909091,NaN,NaN
9.2,4,190,05-Jul-2026 05:26:40,6.8,6.7386095937522,17.1647333333333,17.8333333333333,NaN,NaN
9.2,4,190,05-Jul-2026 05:26:48,7,6.93680062561165,16.7561333333333,18.0773333333333,NaN,NaN
9.2,4,190,05-Jul-2026 05:26:58,7.2,7.1349914650256,15.9330333333333,18.5088666666667,NaN,NaN
9.2,4,190,05-Jul-2026 05:27:11,7.4,7.33318211199662,15.67325,18.6555,NaN,NaN
9.2,4,190,05-Jul-2026 05:27:31,7.6,7.53137256654014,15.5557230769231,18.6961538461538,NaN,NaN
9.2,4,190,05-Jul-2026 05:27:51,7.8,7.72956282863301,15.3908933333333,18.7366666666667,NaN,NaN
9.2,4,190,05-Jul-2026 05:28:09,8,7.92775289829704,15.2303,18.8381428571429,NaN,NaN
9.2,4,190,05-Jul-2026 05:28:25,8.2,8.12594277552191,15.13932,18.928,NaN,NaN
9.2,4,190,05-Jul-2026 05:28:36,8.4,8.32413246031655,14.8320454545455,19.2434545454545,NaN,NaN
9.2,4,190,05-Jul-2026 05:28:51,8.6,8.52232195267705,14.7546818181818,19.3589090909091,NaN,NaN
9.2,4,190,05-Jul-2026 05:29:04,8.8,8.7205112526059,14.7102,19.402,NaN,NaN
9.2,4,190,05-Jul-2026 05:29:14,9,8.91870036010559,14.5853846153846,19.4816923076923,NaN,NaN
9.2,4,190,05-Jul-2026 05:29:26,9.2,9.11688927518497,14.5357454545455,19.5325454545455,NaN,NaN
9.2,4,190,05-Jul-2026 05:29:36,9.4,9.31507799782726,14.41271875,19.6065,NaN,NaN
9.2,4,190,05-Jul-2026 05:29:45,9.6,9.51326652803489,14.3558,19.6520833333333,NaN,NaN
9.2,4,190,05-Jul-2026 05:29:52,9.8,9.71145486583598,14.3173727272727,19.6936363636364,NaN,NaN
9.2,4,190,05-Jul-2026 05:29:58,10,9.90964301120082,14.2707076923077,19.7559230769231,NaN,NaN
9.2,4,190,05-Jul-2026 05:30:04,10.2,10.1078309641511,14.2815076923077,19.8088461538462,NaN,NaN
9.2,4,190,05-Jul-2026 05:30:11,10.4,10.3060187246635,14.3024,19.837,NaN,NaN
9.2,4,190,05-Jul-2026 05:30:18,10.6,10.5042062927725,14.3528636363636,19.8748181818182,NaN,NaN
9.2,4,190,05-Jul-2026 05:30:25,10.8,10.7023936684484,14.3697,19.9184285714286,NaN,NaN
9.2,4,190,05-Jul-2026 05:30:34,11,10.9005808517193,14.1725571428571,20.0334285714286,NaN,NaN
9.2,4,190,05-Jul-2026 05:30:44,11.2,11.0987678425617,13.9004727272727,20.1751818181818,NaN,NaN
9.2,4,190,05-Jul-2026 05:30:58,11.4,11.2969546410037,13.8534,20.226,NaN,NaN
9.2,4,190,05-Jul-2026 05:31:09,11.6,11.4951412470155,13.7650142857143,20.2745714285714,NaN,NaN
9.2,4,190,05-Jul-2026 05:31:20,11.8,11.6933276606186,13.6568,20.345,NaN,NaN
9.2,4,190,05-Jul-2026 05:31:34,12,11.8915138818154,13.6224642857143,20.3662142857143,NaN,NaN
9.2,4,190,05-Jul-2026 05:31:51,12.2,12.0896999105889,13.49621,20.4228,NaN,NaN
9.2,4,190,05-Jul-2026 05:36:53,12.4,12.2878857469605,13.31965,20.502,NaN,NaN
9.2,4,190,05-Jul-2026 05:37:20,12.6,12.4860713909198,13.0499,20.682,NaN,NaN
9.2,4,190,05-Jul-2026 05:37:58,12.8,12.6842568424818,13.0061076923077,20.3664615384615,NaN,NaN
9.2,4,190,05-Jul-2026 05:40:14,13,12.8824421016166,12.9986666666667,20.695,NaN,NaN
9.2,4,190,05-Jul-2026 05:41:27,13.2,13.0806271683585,12.9971,20.695,NaN,NaN
9.2,4,190,05-Jul-2026 05:41:37,13.4,13.278812042697,12.9886727272727,20.6964545454545,NaN,NaN
9.2,4,190,05-Jul-2026 05:41:43,13.6,13.476996724647,12.9816933333333,20.6988666666667,NaN,NaN
9.2,4,190,05-Jul-2026 05:41:50,13.8,13.6751812141786,12.9578727272727,20.7162727272727,NaN,NaN
9.2,4,190,05-Jul-2026 05:41:56,14,13.8733655113132,12.93226875,20.7366875,NaN,NaN
9.2,4,190,05-Jul-2026 05:42:02,14.2,14.0715496160402,12.8994,20.7495,NaN,NaN
9.2,4,190,05-Jul-2026 05:42:09,14.4,14.269733528381,12.88036,20.7543,NaN,NaN
9.2,4,190,05-Jul-2026 05:42:23,14.6,14.4679172483184,12.8248818181818,20.7777272727273,NaN,NaN
9.2,4,190,05-Jul-2026 05:42:52,14.8,14.6661007758609,12.7851615384615,20.8096153846154,NaN,NaN
9.2,4,190,05-Jul-2026 05:43:21,15,14.8642841110043,12.66611,20.9018,NaN,NaN
9.2,4,190,05-Jul-2026 05:43:59,15.2,15.0624672537699,12.5679090909091,20.945,NaN,NaN
9.2,4,190,05-Jul-2026 05:44:51,15.4,15.2606502041341,12.51965,20.9685,NaN,NaN
9.2,4,190,05-Jul-2026 05:46:35,15.6,15.4588329621054,12.4954833333333,20.9835,NaN,NaN
9.2,4,190,05-Jul-2026 05:46:44,15.8,15.6570155276859,12.4289,21.0263636363636,NaN,NaN
9.2,4,190,05-Jul-2026 05:46:54,16,15.855197900884,12.3470066666667,21.0836,NaN,NaN
9.2,4,190,05-Jul-2026 05:47:06,16.2,16.0533800816824,12.3239769230769,21.0996923076923,NaN,NaN
9.2,4,190,05-Jul-2026 05:47:26,16.4,16.2515620701089,12.3065714285714,21.1202857142857,NaN,NaN
9.2,4,190,05-Jul-2026 05:47:50,16.6,16.4497438661527,12.27921,21.1532,NaN,NaN
9.2,4,190,05-Jul-2026 05:51:36,16.8,16.6479254697964,12.2463,21.186,NaN,NaN
9.2,4,190,05-Jul-2026 05:51:56,17,16.8461068810614,12.01668,21.2638,NaN,NaN
9.2,4,190,05-Jul-2026 05:54:57,17.2,17.0442880999495,11.6263,21.4642727272727,NaN,NaN
9.2,4,190,05-Jul-2026 05:56:39,17.4,17.2424691264628,11.469325,21.5446666666667,NaN,NaN
9.2,4,190,05-Jul-2026 05:56:56,17.6,17.4406499605967,11.25454,21.6416,NaN,NaN
9.2,4,190,05-Jul-2026 06:01:31,17.8,17.6388306023468,11.26656875,21.6571875,NaN,NaN
9.2,4,190,05-Jul-2026 06:01:42,18,17.8370110517151,11.2600333333333,21.6591666666667,NaN,NaN
9.2,4,190,05-Jul-2026 06:03:04,18.2,18.0351913087097,11.257975,21.65925,NaN,NaN
9.2,4,190,05-Jul-2026 06:06:44,18.4,18.2333713733455,11.2324769230769,21.6603846153846,NaN,NaN
9.2,4,190,05-Jul-2026 06:11:44,18.6,18.4315512455986,10.12094,22.1964,NaN,NaN
9.2,4,190,05-Jul-2026 06:11:54,18.8,18.629730925471,9.81274545454546,22.5030909090909,NaN,NaN
9.2,4,190,05-Jul-2026 06:12:11,19,18.8279104129773,9.80129090909091,22.5549090909091,NaN,NaN
9.2,4,190,05-Jul-2026 06:12:36,19.2,19.0260897081193,9.7615,22.604,NaN,NaN
9.2,4,190,05-Jul-2026 06:13:11,19.4,19.2242688108926,9.71601666666667,22.6186666666667,NaN,NaN
9.2,4,190,05-Jul-2026 06:13:51,19.6,19.4224477212988,9.68707272727273,22.6244545454545,NaN,NaN
9.2,4,190,05-Jul-2026 06:15:32,19.8,19.6206264393334,9.58561818181818,22.6471818181818,NaN,NaN
9.2,4,190,05-Jul-2026 06:16:20,20,19.8188049650046,9.57138,22.6526,NaN,NaN
9.2,4,190,05-Jul-2026 06:16:31,20.2,20.0169832983142,9.55515333333333,22.6575333333333,NaN,NaN
9.2,4,190,05-Jul-2026 06:16:36,20.4,20.215161439264,9.54310769230769,22.6596923076923,NaN,NaN
9.2,4,190,05-Jul-2026 06:16:40,20.6,20.4133393878363,9.55155294117647,22.6511764705882,NaN,NaN
9.2,4,190,05-Jul-2026 06:16:45,20.8,20.6115171440652,9.5453375,22.65125,NaN,NaN
9.2,4,190,05-Jul-2026 06:16:49,21,20.8096947079266,9.53926363636364,22.6509090909091,NaN,NaN
9.2,4,190,05-Jul-2026 06:16:53,21.2,21.0078720794479,9.53543333333333,22.652,NaN,NaN
9.2,4,190,05-Jul-2026 06:16:57,21.4,21.206049258586,9.53026315789474,22.6487894736842,NaN,NaN
9.2,4,190,05-Jul-2026 06:17:01,21.6,21.4042262453874,9.51980476190476,22.6520476190476,NaN,NaN
9.2,4,190,05-Jul-2026 06:17:05,21.8,21.6024030398282,9.51142,22.6546,NaN,NaN
9.2,4,190,05-Jul-2026 06:17:09,22,21.8005796419164,9.5055,22.6566,NaN,NaN
9.2,4,190,05-Jul-2026 06:17:13,22.2,21.9987560516536,9.49833684210526,22.6536315789474,NaN,NaN
9.2,4,190,05-Jul-2026 06:17:18,22.4,22.1969322690417,9.45286666666667,22.6603333333333,NaN,NaN
9.2,4,190,05-Jul-2026 06:17:22,22.6,22.395108294082,9.38699473684211,22.6652105263158,NaN,NaN
9.2,4,190,05-Jul-2026 06:17:27,22.8,22.5932841267636,9.3259,22.6684285714286,NaN,NaN
9.2,4,190,05-Jul-2026 06:17:32,23,22.7914597671136,9.2657125,22.668875,NaN,NaN
9.2,4,190,05-Jul-2026 06:17:37,23.2,22.9896352151015,9.15716,22.7168,NaN,NaN
9.2,4,190,05-Jul-2026 06:17:43,23.4,23.1878104707546,9.0779,22.708,NaN,NaN
9.2,4,190,05-Jul-2026 06:17:49,23.6,23.3859855340681,9.00028461538461,22.7153076923077,NaN,NaN
9.2,4,190,05-Jul-2026 06:17:56,23.8,23.5841604050242,8.98586923076923,22.7081538461538,NaN,NaN
9.2,4,190,05-Jul-2026 06:18:03,24,23.7823350836502,9.005075,22.703,NaN,NaN
9.2,4,190,05-Jul-2026 06:18:10,24.2,23.9805095699347,8.95494615384615,22.7229230769231,NaN,NaN
9.2,4,190,05-Jul-2026 06:18:18,24.4,24.1786838638858,8.9199,22.732,NaN,NaN
9.2,4,190,05-Jul-2026 06:18:26,24.6,24.3768579654856,8.90792857142857,22.7325714285714,NaN,NaN
9.2,4,190,05-Jul-2026 06:18:36,24.8,24.5750318747613,8.88606666666667,22.7393333333333,NaN,NaN
9.2,4,190,05-Jul-2026 06:18:44,25,24.7732055917016,8.86904,22.7512,NaN,NaN
9.2,4,190,05-Jul-2026 06:18:55,25.2,24.9713791163016,8.8565,22.7515,NaN,NaN
9.2,4,190,05-Jul-2026 06:19:05,25.4,25.169552448569,8.84391,22.7464,NaN,NaN
9.2,4,190,05-Jul-2026 06:19:15,25.6,25.3677255885182,8.78425714285714,22.7631428571429,NaN,NaN
9.2,4,190,05-Jul-2026 06:19:28,25.8,25.565898536125,8.79296363636364,22.7390909090909,NaN,NaN
9.2,4,190,05-Jul-2026 06:19:42,26,25.7640712913971,8.7345,22.76,NaN,NaN
9.2,4,190,05-Jul-2026 06:20:00,26.2,25.9622438543425,8.6851,22.783,NaN,NaN
9.2,4,190,05-Jul-2026 06:20:20,26.4,26.1604162249753,8.7065,22.7736666666667,NaN,NaN
9.2,4,190,05-Jul-2026 06:20:46,26.6,26.3585884032649,8.47214166666667,22.8495,NaN,NaN
9.2,4,190,05-Jul-2026 06:21:12,26.8,26.5567603892446,8.48936,22.8666,NaN,NaN
9.2,4,190,05-Jul-2026 06:21:30,27,26.7549321828902,8.56205833333333,22.90725,NaN,NaN
9.2,4,190,05-Jul-2026 06:21:43,27.2,26.9531037842159,8.59060714285714,22.9009285714286,NaN,NaN
9.2,4,190,05-Jul-2026 06:21:55,27.4,27.1512751932166,8.57306,22.9048,NaN,NaN
9.2,4,190,05-Jul-2026 06:22:05,27.6,27.3494464099193,8.5577,22.9123636363636,NaN,NaN
9.2,4,190,05-Jul-2026 06:22:15,27.8,27.5476174342867,8.54715384615385,22.9193076923077,NaN,NaN
9.2,4,190,05-Jul-2026 06:22:24,28,27.745788266333,8.49932142857143,22.9160714285714,NaN,NaN
9.2,4,190,05-Jul-2026 06:22:33,28.2,27.9439589060724,8.49680909090909,22.9314545454545,NaN,NaN
9.2,4,190,05-Jul-2026 06:22:43,28.4,28.1421293534805,8.4948,22.9383333333333,NaN,NaN
9.2,4,190,05-Jul-2026 06:22:52,28.6,28.3402996085904,8.47991176470588,22.9420588235294,NaN,NaN
9.2,4,190,05-Jul-2026 06:22:59,28.8,28.5384696713844,8.45819230769231,22.9426923076923,NaN,NaN
9.2,4,190,05-Jul-2026 06:23:08,29,28.7366395418636,8.43212857142857,22.9435714285714,NaN,NaN
9.2,4,190,05-Jul-2026 06:23:17,29.2,28.934809220042,8.4152,22.9458333333333,NaN,NaN
9.2,4,190,05-Jul-2026 06:23:28,29.4,29.1329787058952,8.40149090909091,22.9430909090909,NaN,NaN
9.2,4,190,05-Jul-2026 06:23:39,29.6,29.3311479994501,8.38444285714286,22.9385,NaN,NaN
9.2,4,190,05-Jul-2026 06:23:51,29.8,29.5293171006951,8.3443,22.9208181818182,NaN,NaN
9.2,4,190,05-Jul-2026 06:24:04,30,29.7274860096376,8.2119,22.8896666666667,NaN,NaN
9.2,4,190,05-Jul-2026 06:24:16,30.2,29.9256547262789,8.08072857142857,22.8878571428571,NaN,NaN
9.2,4,190,05-Jul-2026 06:24:29,30.4,30.1238232506009,8.05911333333333,22.9046,NaN,NaN
9.2,4,190,05-Jul-2026 06:24:43,30.6,30.3219915826432,8.09124615384615,22.9187692307692,NaN,NaN
9.2,4,190,05-Jul-2026 06:24:57,30.8,30.5201597223684,8.12594,22.9268,NaN,NaN
9.2,4,190,05-Jul-2026 06:25:11,31,30.7183276698033,8.16422307692308,22.9441538461538,NaN,NaN
9.2,4,190,05-Jul-2026 06:25:23,31.2,30.9164954249361,8.19919166666667,22.9519166666667,NaN,NaN
9.2,4,190,05-Jul-2026 06:25:35,31.4,31.114662987768,8.18866923076923,22.9446923076923,NaN,NaN
9.2,4,190,05-Jul-2026 06:25:46,31.6,31.3128303583065,8.13882,22.9502,NaN,NaN
9.2,4,190,05-Jul-2026 06:25:59,31.8,31.5109975365525,8.12938,22.947,NaN,NaN
9.2,4,190,05-Jul-2026 06:26:10,32,31.7091645225008,8.118125,22.9531666666667,NaN,NaN
9.2,4,190,05-Jul-2026 06:26:24,32.2,31.9073313161587,8.16659090909091,22.9672727272727,NaN,NaN
9.2,4,190,05-Jul-2026 06:26:40,32.4,32.1054979175274,8.15797272727273,22.9777272727273,NaN,NaN
9.2,4,190,05-Jul-2026 06:27:04,32.6,32.3036643266014,8.0914,22.9811,NaN,NaN
9.2,4,190,05-Jul-2026 06:27:37,32.8,32.5018305433944,8.0605,22.975,NaN,NaN
9.2,4,190,05-Jul-2026 06:29:04,33,32.6999965678948,8.0174,22.9739090909091,NaN,NaN
9.2,4,190,05-Jul-2026 06:29:55,33.2,32.8981624001098,8.01378461538462,22.9737692307692,NaN,NaN
9.2,4,190,05-Jul-2026 06:31:15,33.4,33.0963280400341,8.0078,22.9720666666667,NaN,NaN
9.2,4,190,05-Jul-2026 06:31:33,33.6,33.2944934876813,8.00287692307692,22.971,NaN,NaN
9.2,4,190,05-Jul-2026 06:31:40,33.8,33.4926587430396,7.99999090909091,22.9709090909091,NaN,NaN
9.2,4,190,05-Jul-2026 06:31:44,34,33.6908238061228,7.99363333333333,22.97,NaN,NaN
9.2,4,190,05-Jul-2026 06:31:49,34.2,33.8889886769189,7.9719,22.9689285714286,NaN,NaN
9.2,4,190,05-Jul-2026 06:31:54,34.4,34.0871533554416,7.9299,22.958,NaN,NaN
9.2,4,190,05-Jul-2026 06:31:58,34.6,34.2853178416727,7.84384705882353,22.9641176470588,NaN,NaN
9.2,4,190,05-Jul-2026 06:32:03,34.8,34.4834821356386,7.77075714285714,22.9722857142857,NaN,NaN
9.2,4,190,05-Jul-2026 06:32:08,35,34.6816462373338,7.69883333333333,22.972,NaN,NaN
9.2,4,190,05-Jul-2026 06:32:14,35.2,34.8798101467398,7.66829,22.9457,NaN,NaN
9.2,4,190,05-Jul-2026 06:32:20,35.4,35.0779738638832,7.57538461538462,22.9666923076923,NaN,NaN
9.2,4,190,05-Jul-2026 06:32:28,35.6,35.276137388752,7.53106666666667,22.9576666666667,NaN,NaN
9.2,4,190,05-Jul-2026 06:32:35,35.8,35.4743007213406,7.47742352941177,22.9728823529412,NaN,NaN
9.2,4,190,05-Jul-2026 06:32:43,36,35.672463861669,7.42834615384615,22.9643846153846,NaN,NaN
9.2,4,190,05-Jul-2026 06:32:53,36.2,35.8706268097251,7.36768,22.9714666666667,NaN,NaN
9.2,4,190,05-Jul-2026 06:33:05,36.4,36.0687895655098,7.40331666666667,22.9283333333333,NaN,NaN
9.2,4,190,05-Jul-2026 06:33:24,36.6,36.2669521290302,7.30862,22.9775,NaN,NaN
9.2,4,190,05-Jul-2026 06:34:01,36.8,36.4651145002934,7.26136363636364,22.9752727272727,NaN,NaN
9.2,4,190,05-Jul-2026 06:34:44,37,36.6632766792875,7.2494,22.976,NaN,NaN
9.2,4,290,07-Jul-2026 01:47:08,36.74,36.4056658091086,7.8345,22.82,43.267895358638,1.4093599357905
9.2,4,290,07-Jul-2026 02:47:09,36.78,36.445298271817,7.8037,22.83,39.2005675296932,1.27688942716944
9.2,4,290,07-Jul-2026 00:47:07,36.79,36.4552063862929,7.844,22.815,43.5877233605172,1.41977062414164
9.2,4,290,06-Jul-2026 22:47:05,36.8,36.4651145002934,7.7547,22.845,37.3735937762484,1.21740225684577
9.2,4,290,06-Jul-2026 23:47:06,36.8,36.4651145002934,7.7974,22.827,40.7409179751338,1.3270622642536
9.2,4,290,07-Jul-2026 03:47:10,36.8,36.4651145002934,7.8273,22.822,33.755016678318,1.09950143935538
9.2,4,290,06-Jul-2026 21:47:04,36.82,36.4849307268422,7.7308,22.879,38.4557144185278,1.25268636368076
9.2,4,290,06-Jul-2026 20:47:03,36.86,36.5245631741879,7.7463,22.869,39.1239165318157,1.27444061612609
9.2,4,290,06-Jul-2026 18:47:01,36.88,36.5443793949648,7.7499,22.883,41.6240642420523,1.35589609983943
9.2,4,290,06-Jul-2026 19:47:02,36.88,36.5443793949648,7.7271,22.879,39.8919440794402,1.29947148185048
9.2,4,290,07-Jul-2026 16:47:22,36.88,36.5443793949648,7.9177,22.818,47.3819497193626,1.54335036601763
9.2,4,290,07-Jul-2026 04:47:10,36.89,36.5542875046331,7.8502,22.81,40.8005188982965,1.32897914141222
9.2,4,290,06-Jul-2026 17:47:00,36.9,36.5641956138256,7.6648,22.899,35.4269851736105,1.15405387653212
9.2,4,290,08-Jul-2026 03:47:34,36.9,36.5641956138256,7.9355,22.786,45.4716856037386,1.48108769853471
9.2,4,290,08-Jul-2026 01:47:32,36.91,36.5741037225358,7.8895,22.793,39.3891402219852,1.28298465566291
9.2,4,290,06-Jul-2026 16:46:59,36.92,36.5840118307573,7.6419,22.902,36.2412452880934,1.1805844727716
9.2,4,290,08-Jul-2026 00:47:31,36.92,36.5840118307573,7.8584,22.803,35.9518971783549,1.17103962120458
9.2,4,290,08-Jul-2026 02:47:33,36.92,36.5840118307573,7.8904,22.787,42.2293557027079,1.3754835164212
9.2,4,290,07-Jul-2026 17:47:23,36.93,36.5939199385092,7.8605,22.827,43.6654401826502,1.42231440135292
9.2,4,290,08-Jul-2026 04:47:35,36.93,36.5939199385092,7.9929,22.77,52.3393803076474,1.70474028653359
9.2,4,290,07-Jul-2026 14:47:20,36.94,36.6038280457786,8.0065,22.788,55.5912989975459,1.81068983222729
9.2,4,290,07-Jul-2026 15:47:21,36.94,36.6038280457786,7.9897,22.81,53.0405730344218,1.72764169150609
9.2,4,290,07-Jul-2026 20:47:27,36.94,36.6038280457786,7.8223,22.818,38.8679773390354,1.26604256189833
9.2,4,290,07-Jul-2026 23:47:30,36.94,36.6038280457786,7.8539,22.804,35.6723362656009,1.1619360860795
9.2,4,290,06-Jul-2026 15:46:58,36.95,36.6137361525592,7.6154,22.904,35.0509374401607,1.14181364136875
9.2,4,290,07-Jul-2026 13:47:19,36.95,36.6137361525592,7.9667,22.795,51.1172541987225,1.66497978310518
9.2,4,290,07-Jul-2026 22:47:29,36.95,36.6137361525592,7.8314,22.807,35.6909003108927,1.16254619523184
9.2,4,290,07-Jul-2026 05:47:11,36.96,36.62364425887,7.8811,22.802,43.7545395651779,1.42518446218215
9.2,4,290,07-Jul-2026 18:47:25,36.96,36.62364425887,7.8704,22.819,43.0644032118464,1.40272681716552
9.2,4,290,07-Jul-2026 19:47:26,36.97,36.6335523646855,7.8879,22.816,45.5201081677102,1.48270916638326
9.2,4,290,07-Jul-2026 21:47:28,36.97,36.6335523646855,7.8099,22.816,35.5592204940581,1.15826761041428
9.2,4,290,08-Jul-2026 05:47:36,36.97,36.6335523646855,8.0021,22.765,47.9619024172401,1.5621615029161
9.2,4,290,07-Jul-2026 06:47:12,36.98,36.6434604700376,7.915,22.795,46.2074994430573,1.50506960771714
9.2,4,290,07-Jul-2026 12:47:18,36.98,36.6434604700376,8.0036,22.787,52.8576389396047,1.72164878457802
9.2,4,290,06-Jul-2026 14:46:57,36.99,36.6533685748942,7.696,22.889,38.9131426061766,1.26760211650444
9.2,4,290,07-Jul-2026 07:47:13,37.01,36.6731847831851,7.9211,22.793,41.085926508706,1.33824838734704
9.2,4,290,06-Jul-2026 02:46:44,37.02,36.6830928866193,7.7686,22.889,46.8036291500749,1.52462422979906
9.2,4,290,08-Jul-2026 06:47:37,37.02,36.6830928866193,7.9825,22.77,46.3576455280452,1.5099193830779
9.2,4,290,06-Jul-2026 01:46:43,37.03,36.6930009895513,7.7593,22.898,46.4861686855516,1.5142933770092
9.2,4,290,07-Jul-2026 11:47:17,37.03,36.6930009895513,8.0554,22.775,54.4832922954453,1.77457271304641
9.2,4,290,05-Jul-2026 23:46:41,37.04,36.7029090920134,7.7198,22.901,46.6072262070135,1.51824738242663
9.2,4,290,07-Jul-2026 10:47:16,37.04,36.7029090920134,8.0185,22.773,52.8752266090848,1.72220214115704
9.2,4,290,05-Jul-2026 10:46:29,37.05,36.7128171939862,7.9804,22.962,65.0629618972448,2.11948651244092
9.2,4,290,06-Jul-2026 00:46:42,37.05,36.7128171939862,7.7268,22.899,45.4482009260441,1.48049462960986
9.2,4,290,06-Jul-2026 12:46:55,37.05,36.7128171939862,7.6889,22.893,39.7638937822049,1.29532133710006
9.2,4,290,06-Jul-2026 13:46:56,37.05,36.7128171939862,7.7251,22.882,40.3497482483132,1.31438876397041
9.2,4,290,07-Jul-2026 08:47:14,37.05,36.7128171939862,7.9143,22.794,44.7535364830187,1.45771061503253
9.2,4,290,07-Jul-2026 09:47:15,37.05,36.7128171939862,7.9563,22.798,48.6879921245756,1.5858604400811
9.2,4,290,05-Jul-2026 12:46:31,37.06,36.7227252954952,7.8521,22.924,56.7463245283438,1.84853679117323
9.2,4,290,05-Jul-2026 19:46:37,37.06,36.7227252954952,7.7931,22.868,49.9756476124824,1.62792240377401
9.2,4,290,06-Jul-2026 03:46:46,37.06,36.7227252954952,7.7656,22.889,46.4251330455157,1.51229646511778
9.2,4,290,05-Jul-2026 08:46:22,37.07,36.7326333965085,7.5301,22.957,NaN,NaN
9.2,4,290,05-Jul-2026 13:46:31,37.07,36.7326333965085,7.7224,22.932,51.0768006504961,1.66388501133771
9.2,4,290,05-Jul-2026 14:46:32,37.07,36.7326333965085,7.8167,22.904,54.8212331157269,1.78580499650904
9.2,4,290,05-Jul-2026 17:46:35,37.07,36.7326333965085,7.6724,22.903,45.2472241934425,1.47395564498605
9.2,4,290,05-Jul-2026 20:46:38,37.07,36.7326333965085,7.8924,22.873,56.8000378065224,1.85020541231846
9.2,4,290,05-Jul-2026 22:46:40,37.07,36.7326333965085,7.7803,22.875,51.066204781263,1.66345555759277
9.2,4,290,05-Jul-2026 11:46:30,37.08,36.7425414970452,7.9282,22.943,62.0329619192793,2.02076404277994
9.2,4,290,08-Jul-2026 18:47:49,37.08,36.7425414970452,7.8338,22.774,30.132719956093,0.981475984360945
9.2,4,290,05-Jul-2026 15:46:33,37.09,36.7524495970988,7.7506,22.904,51.3449425519441,1.67257829557105
9.2,4,290,05-Jul-2026 16:46:34,37.09,36.7524495970988,7.7191,22.902,47.8682667223004,1.55932932362957
9.2,4,290,05-Jul-2026 18:46:36,37.09,36.7524495970988,7.7517,22.889,47.6123710611389,1.55097247597366
9.2,4,290,06-Jul-2026 11:46:54,37.09,36.7524495970988,7.7215,22.889,42.0114526886632,1.36852749754205
9.2,4,290,05-Jul-2026 09:46:28,37.1,36.7623576966886,7.6007,22.965,45.832376368349,1.49309946908433
9.2,4,290,06-Jul-2026 04:46:47,37.1,36.7623576966886,7.7722,22.888,46.1559406801687,1.50352358707128
9.2,4,290,08-Jul-2026 19:47:49,37.1,36.7623576966886,7.8465,22.766,30.8943970447451,1.00627791604194
9.2,4,290,09-Jul-2026 04:47:58,37.1,36.7623576966886,7.8848,22.767,29.1711262640525,0.950145706698307
9.2,4,290,05-Jul-2026 21:46:39,37.11,36.7722657957824,7.7599,22.879,48.9008355008069,1.59293084094847
9.2,4,290,06-Jul-2026 10:46:53,37.11,36.7722657957824,7.7112,22.893,39.2246844084841,1.27775411181966
9.2,4,290,09-Jul-2026 05:47:59,37.11,36.7722657957824,8.0065,22.753,34.9434514036592,1.1381294835102
9.2,4,290,06-Jul-2026 05:46:48,37.12,36.7821738943929,7.7613,22.889,47.4604193525957,1.54601976765975
9.2,4,290,08-Jul-2026 07:47:38,37.12,36.7821738943929,7.9616,22.777,43.4845160904738,1.41634972037562
9.2,4,290,08-Jul-2026 17:47:48,37.12,36.7821738943929,7.8305,22.774,32.3577505186966,1.05395119781506
9.2,4,290,08-Jul-2026 20:47:50,37.12,36.7821738943929,7.8666,22.76,31.5149174886278,1.02648258272914
9.2,4,290,09-Jul-2026 02:47:56,37.12,36.7821738943929,7.8336,22.77,27.6865180696778,0.901796629089808
9.2,4,290,09-Jul-2026 03:47:57,37.12,36.7821738943929,7.8588,22.775,28.7598880893462,0.936760351684504
9.2,4,290,08-Jul-2026 23:47:53,37.13,36.7920819925268,7.8657,22.767,32.457056705011,1.05717617927517
9.2,4,290,09-Jul-2026 06:48:00,37.13,36.7920819925268,8.0334,22.746,37.8365065265922,1.23234679802209
9.2,4,290,08-Jul-2026 22:47:52,37.14,36.8019900901901,7.8705,22.767,32.9292242716835,1.07255282930771
9.2,4,290,08-Jul-2026 21:47:51,37.15,36.8118981873573,7.8871,22.759,32.7132298098763,1.06550999994048
9.2,4,290,09-Jul-2026 00:47:54,37.15,36.8118981873573,7.8654,22.767,30.9621244681477,1.00848281697514
9.2,4,290,06-Jul-2026 08:46:51,37.16,36.8218062840477,7.7309,22.888,41.225972026739,1.34293835236541
9.2,4,290,06-Jul-2026 09:46:52,37.16,36.8218062840477,7.7158,22.892,42.3128876574327,1.37835049739842
9.2,4,290,08-Jul-2026 16:47:47,37.16,36.8218062840477,7.8574,22.789,33.7650424665183,1.09979778443393
9.2,4,290,09-Jul-2026 01:47:55,37.17,36.831714380261,7.8555,22.767,29.7446945706277,0.968831594697368
9.2,4,290,09-Jul-2026 16:48:11,37.17,36.831714380261,8.026,22.735,30.5970255091937,0.996547753650951
9.2,4,290,09-Jul-2026 17:48:12,37.17,36.831714380261,8.0218,22.735,30.3208873737888,0.987554864117508
9.2,4,290,06-Jul-2026 06:46:49,37.18,36.8416224759973,7.7458,22.883,44.071641553962,1.43562738418854
9.2,4,290,06-Jul-2026 07:46:50,37.19,36.8515305712437,7.7191,22.886,42.4761573178648,1.3836626647315
9.2,4,290,09-Jul-2026 07:48:01,37.19,36.8515305712437,8.0683,22.732,36.3182083587725,1.18287885269793
9.2,4,290,09-Jul-2026 18:48:13,37.19,36.8515305712437,8.0233,22.733,34.6437170626151,1.12834608392537
9.2,4,290,09-Jul-2026 19:48:14,37.2,36.861438666013,8.1075,22.707,42.1565018890192,1.37299922269866
9.2,4,290,08-Jul-2026 08:47:39,37.21,36.8713467603052,7.9751,22.771,45.6615150334005,1.48725004501261
9.2,4,290,09-Jul-2026 15:48:10,37.21,36.8713467603052,8.0205,22.743,35.9456158277651,1.17076069634347
9.2,4,290,09-Jul-2026 08:48:02,37.22,36.8812548541138,8.0649,22.73,39.4712852007879,1.28557392350538
9.2,4,290,08-Jul-2026 15:47:46,37.23,36.8911629474451,7.8607,22.793,34.0289948292387,1.10839917700379
9.2,4,290,09-Jul-2026 14:48:09,37.25,36.9109791326632,7.9947,22.75,34.2596454363536,1.11585654699477
9.2,4,290,09-Jul-2026 09:48:05,37.26,36.9208872245369,8.0575,22.724,37.716944630504,1.22843054073988
9.2,4,290,09-Jul-2026 13:48:08,37.27,36.9307953159526,7.9971,22.749,26.0088351737721,0.847123361539187
9.2,4,290,08-Jul-2026 14:47:45,37.28,36.9407034068779,7.851,22.792,35.1118630803082,1.1436695933235
9.2,4,290,09-Jul-2026 20:48:15,37.28,36.9407034068779,8.0436,22.726,38.4687589582333,1.25291821903455
9.2,4,290,08-Jul-2026 09:47:40,37.29,36.9506114973258,7.9649,22.776,44.501401590381,1.44947072423534
9.2,4,290,09-Jul-2026 12:48:07,37.29,36.9506114973258,8.001,22.748,29.0325729062997,0.945606508396021
9.2,4,290,09-Jul-2026 10:48:06,37.31,36.9704276767633,7.991,22.751,36.1693022361412,1.17805622730499
9.2,4,290,09-Jul-2026 11:48:06,37.31,36.9704276767633,8.0077,22.747,32.2032813844429,1.04887545910587
9.2,4,290,09-Jul-2026 21:48:16,37.32,36.9803357657657,7.972,22.747,31.7268772846915,1.033363204496
9.2,4,290,09-Jul-2026 22:48:17,37.34,37.0001519423311,7.9783,22.749,30.222381175536,0.984361265496847
9.2,4,290,08-Jul-2026 10:47:41,37.35,37.0100600298876,7.9777,22.775,44.7214050254648,1.45663433080458
9.2,4,290,08-Jul-2026 13:47:44,37.35,37.0100600298876,7.9582,22.778,41.5271252533846,1.3525992662504
9.2,4,290,09-Jul-2026 23:48:18,37.36,37.0199681169727,8.0206,22.738,NaN,NaN
9.2,4,290,08-Jul-2026 11:47:42,37.42,37.0794166293585,8.0037,22.77,44.5432899107983,1.45082313751423
9.2,4,290,08-Jul-2026 12:47:43,37.42,37.0794166293585,7.9883,22.773,44.8854891617476,1.4619756862714
9.2,4,590,NaT,0,0,NaN,NaN,NaN,NaN
9.2,4,590,NaT,0.2,0.198197575549084,NaN,NaN,NaN,NaN
9.2,4,590,NaT,0.4,0.396394958602638,NaN,NaN,NaN,NaN
9.2,4,590,NaT,0.6,0.594592149189359,NaN,NaN,NaN,NaN
9.2,4,590,NaT,0.8,0.792789147292957,NaN,NaN,NaN,NaN
9.2,4,590,NaT,1,0.990985952922833,NaN,NaN,NaN,NaN
9.2,4,590,NaT,1.2,1.18918256608195,NaN,NaN,NaN,NaN
9.2,4,590,NaT,1.4,1.3873789867604,NaN,NaN,NaN,NaN
9.2,4,590,NaT,1.6,1.58557521495471,NaN,NaN,NaN,NaN
9.2,4,590,NaT,1.8,1.78377125068706,NaN,NaN,NaN,NaN
9.2,4,590,NaT,2,1.98196709394753,NaN,NaN,NaN,NaN
9.2,4,590,NaT,2.2,2.18016274473901,NaN,NaN,NaN,NaN
9.2,4,590,NaT,2.4,2.37835820305796,NaN,NaN,NaN,NaN
9.2,4,590,NaT,2.6,2.57655346890084,NaN,NaN,NaN,NaN
9.2,4,590,NaT,2.8,2.7747485422962,NaN,NaN,NaN,NaN
9.2,4,590,10-Jul-2026 01:54:36,3,2.97294342320192,17.41855,18.5395,254.19955741654,8.23866354363084
9.2,4,590,10-Jul-2026 01:53:58,3.2,3.1711381116594,17.43933,18.4999,254.098191118695,8.23527778740083
9.2,4,590,10-Jul-2026 01:50:57,3.4,3.36933260765859,17.4859,18.492,253.785493828374,8.22508548763594
9.2,4,590,10-Jul-2026 01:48:32,3.6,3.56752691117663,17.5266272727273,18.5188181818182,253.344772708237,8.21103960089852
9.2,4,590,10-Jul-2026 01:46:30,3.8,3.76572102225485,17.43574,18.5956,251.241615390403,8.14335318445162
9.2,4,590,10-Jul-2026 01:45:40,4,3.9639149408575,17.1531454545455,18.6772727272727,249.993881290828,8.10497519787304
9.2,4,590,10-Jul-2026 01:45:09,4.2,4.16210866700663,16.7313142857143,18.8654285714286,250.640805799669,8.12733465297033
9.2,4,590,10-Jul-2026 01:45:00,4.4,4.360302200705,16.5038142857143,19.3732857142857,250.709187453498,8.13230116703645
9.2,4,590,10-Jul-2026 01:44:53,4.6,4.55849554193609,16.3349285714286,19.6882857142857,250.252701690239,8.12001548620601
9.2,4,590,10-Jul-2026 01:44:48,4.8,4.75668869070905,16.1976333333333,19.792,250.107967928496,8.11601703203623
9.2,4,590,10-Jul-2026 01:44:42,5,4.95488164703947,16.1489076923077,19.8493846153846,249.783496733865,8.10574592102757
9.2,4,590,10-Jul-2026 01:44:33,5.2,5.15307441091721,16.1660666666667,19.874,249.273403344338,8.08930471003229
9.2,4,590,10-Jul-2026 01:44:25,5.4,5.35126698233855,16.2497545454545,19.9247272727273,249.015501756396,8.0811125364153
9.2,4,590,10-Jul-2026 01:44:19,5.6,5.54945936131259,16.3099,19.966,248.938304717469,8.07889536175443
9.2,4,590,10-Jul-2026 01:44:13,5.8,5.74765154782918,16.3151285714286,19.9767142857143,248.880129587673,8.07707375980847
9.2,4,590,10-Jul-2026 01:44:06,6,5.94584354191667,16.3447153846154,20.0046923076923,248.752397310078,8.07303868873048
9.2,4,590,10-Jul-2026 01:43:58,6.2,6.14403534354558,16.3189230769231,19.9988461538462,248.809321624048,8.07494455511972
9.2,4,590,10-Jul-2026 01:43:50,6.4,6.34222695272499,16.2831,19.9993333333333,248.901401004619,8.07795215933347
9.2,4,590,10-Jul-2026 01:43:25,6.6,6.54041836945752,16.268,19.998,248.927871240739,8.07887327143373
9.2,4,590,10-Jul-2026 01:42:48,6.8,6.7386095937522,16.2812545454545,20.0086363636364,249.020552354842,8.08195979197669
9.2,4,590,10-Jul-2026 01:42:36,7,6.93680062561165,16.2502416666667,20.0109166666667,249.066888555943,8.08351607581454
9.2,4,590,10-Jul-2026 01:42:26,7.2,7.1349914650256,16.23646,20.0134,248.98774862083,8.08098082552652
9.2,4,590,10-Jul-2026 01:42:19,7.4,7.33318211199662,16.2412916666667,20.017,248.811795959974,8.07529697873117
9.2,4,590,10-Jul-2026 01:42:10,7.6,7.53137256654014,16.2566,20.0225,248.63216471563,8.06950751210412
9.2,4,590,10-Jul-2026 01:42:01,7.8,7.72956282863301,16.2682,20.04,248.239010227934,8.05686262705122
9.2,4,590,10-Jul-2026 01:41:53,8,7.92775289829704,16.27988,20.042,247.903554961774,8.04600851465297
9.2,4,590,10-Jul-2026 01:41:45,8.2,8.12594277552191,16.3002625,20.05075,247.540189467697,8.03436583930885
9.2,4,590,10-Jul-2026 01:41:37,8.4,8.32413246031655,16.1680307692308,20.0756153846154,247.235630919059,8.02479552803916
9.2,4,590,10-Jul-2026 01:41:24,8.6,8.52232195267705,16.1266363636364,20.0853636363636,246.558956583867,8.00290973184511
9.2,4,590,10-Jul-2026 01:41:13,8.8,8.7205112526059,16.0515571428571,20.0887857142857,246.196956626095,7.99135278829004
9.2,4,590,10-Jul-2026 01:40:56,9,8.91870036010559,15.8919545454545,20.1098181818182,245.408887926049,7.96630610579838
9.2,4,590,10-Jul-2026 01:40:34,9.2,9.11688927518497,15.7021545454545,20.1856363636364,244.452059235419,7.93575886348696
9.2,4,590,10-Jul-2026 01:40:17,9.4,9.31507799782726,15.6629,20.20275,244.251827556588,7.92942421695736
9.2,4,590,10-Jul-2026 01:40:06,9.6,9.51326652803489,15.6410923076923,20.2062307692308,244.282874401745,7.93049017825876
9.2,4,590,10-Jul-2026 01:39:55,9.8,9.71145486583598,15.6038090909091,20.2103636363636,244.360585888203,7.93306218336515
9.2,4,590,10-Jul-2026 01:39:41,10,9.90964301120082,15.58893125,20.209,244.176501687396,7.92708408238565
9.2,4,590,10-Jul-2026 01:39:01,10.2,10.1078309641511,15.57352,20.209,243.70794072539,7.91189497093578
9.2,4,590,10-Jul-2026 01:38:18,10.4,10.3060187246635,15.5696727272727,20.2102727272727,243.031367666835,7.88995827290496
9.2,4,590,10-Jul-2026 01:36:47,10.6,10.5042062927725,15.5459909090909,20.2155454545455,240.445642625059,7.80656951713778
9.2,4,590,10-Jul-2026 01:36:31,10.8,10.7023936684484,15.45402,20.2392,239.852972946627,7.78758221052655
9.2,4,590,10-Jul-2026 01:36:20,11,10.9005808517193,15.23042,20.2664,239.104045392739,7.76354167038903
9.2,4,590,10-Jul-2026 01:36:11,11.2,11.0987678425617,15.0373666666667,20.2906666666667,238.941259901143,7.75856472148832
9.2,4,590,10-Jul-2026 01:36:02,11.4,11.2969546410037,14.9327333333333,20.3355,239.075893501828,7.76332907883716
9.2,4,590,10-Jul-2026 01:34:47,11.6,11.4951412470155,14.9348666666667,20.3336666666667,237.507871224963,7.71244066163519
9.2,4,590,10-Jul-2026 01:34:24,11.8,11.6933276606186,14.90975,20.3433571428571,236.471219350176,7.6788268761484
9.2,4,590,10-Jul-2026 01:34:13,12,11.8915138818154,14.89304,20.3501,235.878641386607,7.65968281918975
9.2,4,590,10-Jul-2026 01:33:10,12.2,12.0896999105889,14.85598,20.365,232.681427767725,7.55601208240523
9.2,4,590,10-Jul-2026 01:32:18,12.4,12.2878857469605,14.83846,20.371,229.691429464691,7.45925027987084
9.2,4,590,10-Jul-2026 01:32:01,12.6,12.4860713909198,14.715275,20.42675,228.897462543668,7.43396027505354
9.2,4,590,10-Jul-2026 01:31:35,12.8,12.6842568424818,14.5653,20.495,227.056470297866,7.37466744063777
9.2,4,590,10-Jul-2026 01:31:00,13,12.8824421016166,14.39807,20.5701,224.258973311283,7.28439067478453
9.2,4,590,10-Jul-2026 01:30:32,13.2,13.0806271683585,14.2671,20.6296,222.097557041178,7.21467815367596
9.2,4,590,10-Jul-2026 01:30:15,13.4,13.278812042697,14.1330272727273,20.6867272727273,221.010224001839,7.17966989232286
9.2,4,590,10-Jul-2026 01:30:02,13.6,13.476996724647,14.0903,20.7022,219.95633140569,7.14562011640643
9.2,4,590,10-Jul-2026 01:28:37,13.8,13.6751812141786,14.0535,20.716,218.668019769205,7.10391301179112
9.2,4,590,10-Jul-2026 01:28:09,14,13.8733655113132,14.0302454545455,20.7251818181818,217.301661139253,7.05960835322703
9.2,4,590,10-Jul-2026 01:27:54,14.2,14.0715496160402,13.9992923076923,20.7372307692308,216.332693743841,7.02823823338819
9.2,4,590,10-Jul-2026 01:27:44,14.4,14.269733528381,13.9437,20.7578181818182,216.040850842229,7.0189965060595
9.2,4,590,10-Jul-2026 01:27:25,14.6,14.4679172483184,13.8471,20.794,215.411021196108,6.99872530779259
9.2,4,590,10-Jul-2026 01:26:52,14.8,14.6661007758609,13.83936,20.7955,214.276619172823,6.96196233111524
9.2,4,590,10-Jul-2026 01:26:36,15,14.8642841110043,13.8100571428571,20.802,213.785725541734,6.94607971492326
9.2,4,590,10-Jul-2026 01:26:24,15.2,15.0624672537699,13.7794727272727,20.8114545454545,213.37774656904,6.93292446932174
9.2,4,590,10-Jul-2026 01:26:13,15.4,15.2606502041341,13.7390181818182,20.8241818181818,212.712185578117,6.91145843615202
9.2,4,590,10-Jul-2026 01:25:59,15.6,15.4588329621054,13.62945,20.8675,211.76205233196,6.88094552144931
9.2,4,590,10-Jul-2026 01:25:43,15.8,15.6570155276859,13.5165833333333,20.9143333333333,211.035354545029,6.85777595285106
9.2,4,590,10-Jul-2026 01:25:10,16,15.855197900884,13.394,20.9669090909091,210.476167795936,6.83995845373161
9.2,4,590,10-Jul-2026 01:24:36,16.2,16.0533800816824,13.37131,20.974,208.944737422153,6.7902313769255
9.2,4,590,10-Jul-2026 01:24:14,16.4,16.2515620701089,13.3091833333333,21.0005,208.856887044235,6.78773752915031
9.2,4,590,10-Jul-2026 01:24:02,16.6,16.4497438661527,13.22948,21.0385,208.542453575348,6.77760827257111
9.2,4,590,10-Jul-2026 01:23:51,16.8,16.6479254697964,13.2526583333333,21.0285,206.952989146748,6.72602480543242
9.2,4,590,10-Jul-2026 01:22:10,17,16.8461068810614,13.2280090909091,21.0394545454545,205.319062959164,6.67294618545881
9.2,4,590,10-Jul-2026 01:21:53,17.2,17.0442880999495,13.21485,21.0445,200.203927923168,6.50681880734972
9.2,4,590,10-Jul-2026 01:20:15,17.4,17.2424691264628,13.1344181818182,21.0764545454545,194.483281560397,6.32102836601836
9.2,4,590,10-Jul-2026 01:19:59,17.6,17.4406499605967,13.1422,21.071,191.593870960278,6.22712846676533
9.2,4,590,10-Jul-2026 01:19:06,17.8,17.6388306023468,12.9114307692308,21.149,177.661282779692,5.77504014102595
9.2,4,590,10-Jul-2026 01:18:10,18,17.8370110517151,12.84325,21.1682,164.792744381487,5.35678278900429
9.2,4,590,10-Jul-2026 01:17:46,18.2,18.0351913087097,12.7595636363636,21.2034545454545,155.177417142045,5.04457759001163
9.2,4,590,10-Jul-2026 01:17:07,18.4,18.2333713733455,12.5377272727273,21.2745454545455,113.667548003653,3.69620653887093
9.2,4,590,10-Jul-2026 01:16:11,18.6,18.4315512455986,12.0248333333333,21.4413333333333,104.892259878146,3.41109010348532
9.2,4,590,10-Jul-2026 01:16:00,18.8,18.629730925471,11.7858125,21.503,95.8795732439124,3.11821746835763
9.2,4,590,10-Jul-2026 01:15:49,19,18.8279104129773,11.1330166666666,21.6623333333333,88.8486289613288,2.8903256757519
9.2,4,590,10-Jul-2026 01:15:39,19.2,19.0260897081193,10.1586909090909,22.0317272727273,83.0404928348756,2.70232131218023
9.2,4,590,10-Jul-2026 01:15:10,19.4,19.2242688108926,9.90245384615385,22.1867692307692,78.070755902097,2.54091516560518
9.2,4,590,10-Jul-2026 01:14:53,19.6,19.4224477212988,9.8485,22.2035,75.6252688360221,2.46141691436318
9.2,4,590,10-Jul-2026 01:14:37,19.8,19.6206264393334,9.64854,22.2326,74.0580172021623,2.4105187893771
9.2,4,590,10-Jul-2026 01:14:25,20,19.8188049650046,9.49971333333333,22.267,72.7323732830932,2.36745282286279
9.2,4,590,10-Jul-2026 01:14:16,20.2,20.0169832983142,9.4477,22.2955,71.7203487004655,2.3345684590938
9.2,4,590,10-Jul-2026 01:14:07,20.4,20.215161439264,9.3851,22.3228461538462,70.9690532029202,2.31017360074781
9.2,4,590,10-Jul-2026 01:13:58,20.6,20.4133393878363,9.34163846153846,22.3282307692308,69.9284794267111,2.27632231111757
9.2,4,590,10-Jul-2026 01:13:49,20.8,20.6115171440652,9.33556923076923,22.3280769230769,69.0402076843072,2.24742210396508
9.2,4,590,10-Jul-2026 01:13:37,21,20.8096947079266,9.33134545454545,22.3259090909091,67.7110805044202,2.20417224003091
9.2,4,590,10-Jul-2026 01:13:21,21.2,21.0078720794479,9.29386363636363,22.3133636363636,65.901676589172,2.14527218332214
9.2,4,590,10-Jul-2026 01:13:07,21.4,21.206049258586,9.20808,22.3296,64.4764419459566,2.09892378518233
9.2,4,590,10-Jul-2026 01:12:56,21.6,21.4042262453874,9.11800909090909,22.3898181818182,62.8299334426914,2.04538759412971
9.2,4,590,10-Jul-2026 01:12:45,21.8,21.6024030398282,9.0989,22.398,60.7473635197051,1.97763501657086
9.2,4,590,10-Jul-2026 01:12:36,22,21.8005796419164,9.0896,22.3990769230769,58.6361320029454,1.90891281192342
9.2,4,590,10-Jul-2026 01:12:29,22.2,21.9987560516536,9.08168,22.4016,56.3596584436102,1.83481251684456
9.2,4,590,10-Jul-2026 01:12:22,22.4,22.1969322690417,9.07462,22.4032,54.2047058447133,1.76466628670632
9.2,4,590,10-Jul-2026 01:12:16,22.6,22.395108294082,9.07098571428571,22.404,52.5665517101558,1.71134194362909
9.2,4,590,10-Jul-2026 01:12:10,22.8,22.5932841267636,9.068025,22.404,51.2104171797062,1.6671999268948
9.2,4,590,10-Jul-2026 01:12:04,23,22.7914597671136,9.06242857142857,22.4046428571429,50.0923927579366,1.6308094713193
9.2,4,590,10-Jul-2026 01:11:59,23.2,22.9896352151015,9.05608333333333,22.4041666666667,49.4739339739836,1.61067952234167
9.2,4,590,10-Jul-2026 01:11:55,23.4,23.1878104707546,9.0434,22.409,48.8618913150621,1.59077188040641
9.2,4,590,10-Jul-2026 01:11:49,23.6,23.3859855340681,8.99058571428571,22.4282857142857,48.3665190217195,1.57466982173618
9.2,4,590,10-Jul-2026 01:11:45,23.8,23.5841604050242,8.9598,22.438,47.9814009689241,1.56215103928859
9.2,4,590,10-Jul-2026 01:11:40,24,23.7823350836502,8.89176,22.4588,47.6007249448113,1.54980225972752
9.2,4,590,10-Jul-2026 01:11:35,24.2,23.9805095699347,8.81874,22.4816666666667,47.3056765091089,1.54025154601445
9.2,4,590,10-Jul-2026 01:11:30,24.4,24.1786838638858,8.69972,22.526,47.1829044225087,1.53630644566596
9.2,4,590,10-Jul-2026 01:11:24,24.6,24.3768579654856,8.61395384615385,22.5543076923077,47.0155874777044,1.53089940097901
9.2,4,590,10-Jul-2026 01:11:19,24.8,24.5750318747613,8.56335882352941,22.5675882352941,46.8283211449966,1.52482875407752
9.2,4,590,10-Jul-2026 01:11:15,25,24.7732055917016,8.5295,22.577,46.7496309143659,1.52229166000832
9.2,4,590,10-Jul-2026 01:11:10,25.2,24.9713791163016,8.48345555555555,22.5961111111111,46.7549213155121,1.52248977664749
9.2,4,590,10-Jul-2026 01:11:05,25.4,25.169552448569,8.4204375,22.620375,46.7167996354367,1.52127810572665
9.2,4,590,10-Jul-2026 01:11:00,25.6,25.3677255885182,8.377875,22.640375,46.6779215675848,1.52004085351323
9.2,4,590,10-Jul-2026 01:10:55,25.8,25.565898536125,8.3489625,22.646875,46.6335394071708,1.51861089723341
9.2,4,590,10-Jul-2026 01:10:51,26,25.7640712913971,8.33858823529412,22.6469411764706,46.584409541971,1.51701381817974
9.2,4,590,10-Jul-2026 01:10:46,26.2,25.9622438543425,8.335825,22.6473125,46.4785973651616,1.51357217358845
9.2,4,590,10-Jul-2026 01:10:40,26.4,26.1604162249753,8.3381375,22.6460625,46.3901149662453,1.51069097197806
9.2,4,590,10-Jul-2026 01:10:35,26.6,26.3585884032649,8.33777142857143,22.6473571428571,46.2563732225537,1.50633878707253
9.2,4,590,10-Jul-2026 01:10:30,26.8,26.5567603892446,8.33737647058824,22.6486470588235,46.1885487895151,1.50413260776599
9.2,4,590,10-Jul-2026 01:10:25,27,26.7549321828902,8.334675,22.649875,46.0755808407738,1.50045531489379
9.2,4,590,10-Jul-2026 01:10:19,27.2,26.9531037842159,8.33383571428571,22.6483571428571,45.9310428254064,1.49574983178628
9.2,4,590,10-Jul-2026 01:10:13,27.4,27.1512751932166,8.3305,22.65,45.8000782591156,1.49148727200912
9.2,4,590,10-Jul-2026 01:10:07,27.6,27.3494464099193,8.32736,22.6518,45.5549157714207,1.48350981668375
9.2,4,590,10-Jul-2026 01:09:57,27.8,27.5476174342867,8.32146,22.654,45.1949259748913,1.47178967320709
9.2,4,590,10-Jul-2026 01:09:50,28,27.745788266333,8.32079090909091,22.654,45.0063086535885,1.46564861442903
9.2,4,590,10-Jul-2026 01:09:40,28.2,27.9439589060724,8.321,22.654,44.6602428050142,1.45437893187011
9.2,4,590,10-Jul-2026 01:09:27,28.4,28.1421293534805,8.32338,22.6532,44.1405719153232,1.43745725498564
9.2,4,590,10-Jul-2026 01:09:07,28.6,28.3402996085904,8.3199,22.655,43.538364468486,1.41785079432791
9.2,4,590,10-Jul-2026 01:08:53,28.8,28.5384696713844,8.31965833333333,22.6544166666667,42.9070476055607,1.3972943090446
9.2,4,590,10-Jul-2026 01:08:44,29,28.7366395418636,8.31947692307692,22.654,42.3538045859094,1.37927924093957
9.2,4,590,10-Jul-2026 01:08:35,29.2,28.934809220042,8.31538,22.6549,41.8413647823191,1.36259420140983
9.2,4,590,10-Jul-2026 01:08:28,29.4,29.1329787058952,8.30476363636364,22.659,41.0523937836465,1.33690963915365
9.2,4,590,10-Jul-2026 01:08:22,29.6,29.3311479994501,8.30625,22.65625,40.4754076674347,1.31811958295362
9.2,4,590,10-Jul-2026 01:08:16,29.8,29.5293171006951,8.30078666666667,22.657,39.9239601512555,1.30016469981486
9.2,4,590,10-Jul-2026 01:08:12,30,29.7274860096376,8.26867222222222,22.6692777777778,39.6482765392007,1.29120380522374
9.2,4,590,10-Jul-2026 01:08:07,30.2,29.9256547262789,8.24061176470588,22.6766470588235,39.2900122620552,1.27954848032226
9.2,4,590,10-Jul-2026 01:08:02,30.4,30.1238232506009,8.22672352941176,22.6802352941176,38.9372695578479,1.26806639948306
9.2,4,590,10-Jul-2026 01:07:57,30.6,30.3219915826432,8.2257125,22.6823125,38.6726290916695,1.25945199301648
9.2,4,590,10-Jul-2026 01:07:53,30.8,30.5201597223684,8.20585,22.6865,38.408134651204,1.25084964561524
9.2,4,590,10-Jul-2026 01:07:48,31,30.7183276698033,8.17778333333333,22.6918333333333,38.2199981508134,1.24472901461084
9.2,4,590,10-Jul-2026 01:07:44,31.2,30.9164954249361,8.16561111111111,22.694,38.038296192122,1.23881540324427
9.2,4,590,10-Jul-2026 01:07:40,31.4,31.114662987768,8.16304545454545,22.694,37.8630287751299,1.23310881151553
9.2,4,590,10-Jul-2026 01:07:36,31.6,31.3128303583065,8.1583,22.696,37.7117524679049,1.22818546188882
9.2,4,590,10-Jul-2026 01:07:32,31.8,31.5109975365525,8.15368823529412,22.696,37.5665181038894,1.22345992292054
9.2,4,590,10-Jul-2026 01:07:27,32,31.7091645225008,8.13968333333333,22.6985,37.4273256830832,1.21893219461069
9.2,4,590,10-Jul-2026 01:07:23,32.2,31.9073313161587,8.0935,22.709,37.2232330026301,1.21229484234127
9.2,4,590,10-Jul-2026 01:07:18,32.4,32.1054979175274,8.095495,22.708,37.0055437553244,1.20521006973464
9.2,4,590,10-Jul-2026 01:07:14,32.6,32.3036643266014,8.09498095238095,22.7081904761905,36.7623910557946,1.19729218937345
9.2,4,590,10-Jul-2026 01:07:11,32.8,32.5018305433944,8.0866,22.712,36.4353896512013,1.18664930693397
9.2,4,590,10-Jul-2026 01:07:06,33,32.6999965678948,8.07378,22.7198,36.1376462626848,1.17696221051609
9.2,4,590,10-Jul-2026 01:07:02,33.2,32.8981624001098,8.0559,22.7291818181818,35.9973090074808,1.17239922406369
9.2,4,590,10-Jul-2026 01:06:59,33.4,33.0963280400341,8.04435454545454,22.7346363636364,35.9131380498202,1.16966524689424
9.2,4,590,10-Jul-2026 01:06:55,33.6,33.2944934876813,8.04095,22.73425,35.7833363011908,1.16544010178
9.2,4,590,10-Jul-2026 01:06:51,33.8,33.4926587430396,8.0419,22.733,35.6191580691346,1.16009264865415
9.2,4,590,10-Jul-2026 01:06:47,34,33.6908238061228,8.03966842105263,22.733,35.4900825865929,1.15588979880354
9.2,4,590,10-Jul-2026 01:06:43,34.2,33.8889886769189,8.03651538461538,22.7343846153846,35.3491055076188,1.15130019688303
9.2,4,590,10-Jul-2026 01:06:40,34.4,34.0871533554416,8.0336,22.735,35.21994476136,1.14709565432127
9.2,4,590,10-Jul-2026 01:06:36,34.6,34.2853178416727,8.03043846153846,22.736,35.1379921248298,1.14442790981471
9.2,4,590,10-Jul-2026 01:06:33,34.8,34.4834821356386,8.0301,22.736,35.0795296688806,1.14252515193472
9.2,4,590,10-Jul-2026 01:06:30,35,34.6816462373338,8.03028181818182,22.7362727272727,34.9742505052704,1.13909773228319
9.2,4,590,10-Jul-2026 01:06:27,35.2,34.8798101467398,8.0299,22.737,34.9042717960265,1.13681959043918
9.2,4,590,10-Jul-2026 01:06:23,35.4,35.0779738638832,8.02895454545455,22.7372727272727,34.8195259237492,1.13406113532553
9.2,4,590,10-Jul-2026 01:06:20,35.6,35.276137388752,8.0236,22.7377857142857,34.731030997208,1.13118027897524
9.2,4,590,10-Jul-2026 01:06:17,35.8,35.4743007213406,8.02225454545455,22.737,34.6535541794364,1.12865733465798
9.2,4,590,10-Jul-2026 01:06:14,36,35.672463861669,8.02246666666667,22.7371666666667,34.5661261116431,1.12581128504201
9.2,4,590,10-Jul-2026 01:06:11,36.2,35.8706268097251,8.0237,22.738,34.461870635071,1.1224161199084
9.2,4,590,10-Jul-2026 01:06:08,36.4,36.0687895655098,8.02433043478261,22.738,34.3749159258551,1.11958474060252
9.2,4,590,10-Jul-2026 01:06:04,36.6,36.2669521290302,8.02459166666667,22.738,34.3230038256325,1.11789454677823
9.2,4,590,10-Jul-2026 01:06:01,36.8,36.4651145002934,8.02250833333333,22.738,34.2888335670467,1.11678175260779
9.2,4,590,10-Jul-2026 01:05:57,37,36.6632766792875,8.02365,22.738,34.2668238228798,1.11606427009626
9.2,4,590,10-Jul-2026 01:02:57,37.2,36.861438666013,8.02032857142857,22.7388571428571,34.5409275442016,1.12499823831121
9.2,4,700,10-Jul-2026 02:05:46,-0.1,-0.0990988599548819,16.1061,9.178,NaN,NaN
9.2,4,700,10-Jul-2026 02:06:06,-0.1,-0.0990988599548819,15.8535,9.165,NaN,NaN
9.2,4,700,10-Jul-2026 02:06:46,0,0,15.566,9.234,NaN,NaN
9.2,4,700,10-Jul-2026 02:05:56,0.01,0.00990988334653659,15.9598,9.187,NaN,NaN
9.2,4,700,10-Jul-2026 02:06:36,0.02,0.0198197662161875,15.6298,9.262,NaN,NaN
9.2,4,700,10-Jul-2026 02:06:56,0.02,0.0198197662161875,15.5164,9.28,NaN,NaN
9.2,4,700,10-Jul-2026 02:07:06,0.02,0.0198197662161875,15.5063,9.213,NaN,NaN
9.2,4,700,10-Jul-2026 02:05:36,0.03,0.0297296486089114,16.3348,9.086,NaN,NaN
9.2,4,700,10-Jul-2026 02:06:26,0.04,0.0396395305118137,15.6739,9.272,NaN,NaN
9.2,4,700,10-Jul-2026 02:07:16,0.04,0.0396395305118137,15.5287,9.18,NaN,NaN
9.2,4,700,10-Jul-2026 02:05:26,0.05,0.0495494119248564,16.2137,0.399,NaN,NaN
9.2,4,700,10-Jul-2026 02:06:16,0.05,0.0495494119248564,15.7454,9.248,NaN,NaN
10.2,5,190,NaT,0,0,NaN,NaN,NaN,NaN
10.2,5,190,10-Jul-2026 02:21:06,0.2,0.198197575549084,16.95985,10.0933333333333,NaN,NaN
10.2,5,190,10-Jul-2026 02:25:20,0.4,0.396394958602638,17.1987363636364,18.0809090909091,NaN,NaN
10.2,5,190,10-Jul-2026 02:27:29,0.6,0.594592149189359,17.2118466666667,18.102,NaN,NaN
10.2,5,190,10-Jul-2026 02:28:06,0.8,0.792789147292957,17.1985133333333,18.1174666666667,NaN,NaN
10.2,5,190,10-Jul-2026 02:28:32,1,0.990985952922833,17.1947,18.119,NaN,NaN
10.2,5,190,10-Jul-2026 02:29:17,1.2,1.18918256608195,17.2008090909091,18.112,NaN,NaN
10.2,5,190,10-Jul-2026 02:29:35,1.4,1.3873789867604,17.19815625,18.11575,NaN,NaN
10.2,5,190,10-Jul-2026 02:29:53,1.6,1.58557521495471,17.198575,18.1216666666667,NaN,NaN
10.2,5,190,10-Jul-2026 02:30:35,1.8,1.78377125068706,17.19575,18.133,NaN,NaN
10.2,5,190,10-Jul-2026 02:31:06,2,1.98196709394753,17.1976,18.138,NaN,NaN
10.2,5,190,10-Jul-2026 02:34:51,2.2,2.18016274473901,17.1873454545455,18.1653636363636,NaN,NaN
10.2,5,190,10-Jul-2026 02:41:18,2.4,2.37835820305796,17.1638363636364,18.1806363636364,NaN,NaN
10.2,5,190,10-Jul-2026 03:00:27,2.6,2.57655346890084,17.2017066666667,18.1034,NaN,NaN
10.2,5,190,10-Jul-2026 03:03:46,2.8,2.7747485422962,17.2140416666667,18.1075833333333,NaN,NaN
10.2,5,190,10-Jul-2026 03:07:36,3,2.97294342320192,17.2240727272727,18.1270909090909,NaN,NaN
10.2,5,190,10-Jul-2026 03:12:06,3.2,3.1711381116594,17.2187833333333,18.1885,NaN,NaN
10.2,5,190,10-Jul-2026 03:15:15,3.4,3.36933260765859,17.2144727272727,18.2391818181818,NaN,NaN
10.2,5,190,10-Jul-2026 03:16:01,3.6,3.56752691117663,17.2158636363636,18.2720909090909,NaN,NaN
10.2,5,190,10-Jul-2026 03:20:09,3.8,3.76572102225485,17.1425,18.4656923076923,NaN,NaN
10.2,5,190,10-Jul-2026 03:21:29,4,3.9639149408575,17.0788769230769,18.5117692307692,NaN,NaN
10.2,5,190,10-Jul-2026 03:25:16,4.2,4.16210866700663,16.8856,18.633,NaN,NaN
10.2,5,190,10-Jul-2026 03:28:46,4.4,4.360302200705,16.7311,18.7456666666667,NaN,NaN
10.2,5,190,10-Jul-2026 03:30:36,4.6,4.55849554193609,16.6506666666667,18.808,NaN,NaN
10.2,5,190,10-Jul-2026 03:33:16,4.8,4.75668869070905,16.51982,19.1158,NaN,NaN
10.2,5,190,10-Jul-2026 03:34:38,5,4.95488164703947,16.4553,19.402,NaN,NaN
10.2,5,190,10-Jul-2026 03:35:07,5.2,5.15307441091721,16.4223,19.479,NaN,NaN
10.2,5,190,10-Jul-2026 03:35:14,5.4,5.35126698233855,16.4098823529412,19.4879411764706,NaN,NaN
10.2,5,190,10-Jul-2026 03:35:19,5.6,5.54945936131259,16.3881727272727,19.5562909090909,NaN,NaN
10.2,5,190,10-Jul-2026 03:35:23,5.8,5.74765154782918,16.3458090909091,19.7428363636364,NaN,NaN
10.2,5,190,10-Jul-2026 03:35:28,6,5.94584354191667,16.3034454545455,19.9293818181818,NaN,NaN
10.2,5,190,10-Jul-2026 03:35:33,6.2,6.14403534354558,16.2881,20.0048,NaN,NaN
10.2,5,190,10-Jul-2026 03:35:37,6.4,6.34222695272499,16.2888090909091,20.0042272727273,NaN,NaN
10.2,5,190,10-Jul-2026 03:35:41,6.6,6.54041836945752,16.2881333333333,20.004,NaN,NaN
10.2,5,190,10-Jul-2026 03:35:46,6.8,6.7386095937522,16.2864,20.004,NaN,NaN
10.2,5,190,10-Jul-2026 03:35:50,7,6.93680062561165,16.2844375,20.004,NaN,NaN
10.2,5,190,10-Jul-2026 03:35:55,7.2,7.1349914650256,16.2794333333333,20.004,NaN,NaN
10.2,5,190,10-Jul-2026 03:36:02,7.4,7.33318211199662,16.2609615384615,20.0037692307692,NaN,NaN
10.2,5,190,10-Jul-2026 03:36:07,7.6,7.53137256654014,16.0296866666667,20.0723333333333,NaN,NaN
10.2,5,190,10-Jul-2026 03:36:16,7.8,7.72956282863301,15.6200142857143,20.0655714285714,NaN,NaN
10.2,5,190,10-Jul-2026 03:36:30,8,7.92775289829704,15.44935,20.0745,NaN,NaN
10.2,5,190,10-Jul-2026 03:36:50,8.2,8.12594277552191,15.5254583333333,20.148,NaN,NaN
10.2,5,190,10-Jul-2026 03:37:13,8.4,8.32413246031655,15.51272,20.1537,NaN,NaN
10.2,5,190,10-Jul-2026 03:37:32,8.6,8.52232195267705,15.515125,20.1785,NaN,NaN
10.2,5,190,10-Jul-2026 03:37:52,8.8,8.7205112526059,15.57,20.21,NaN,NaN
10.2,5,190,10-Jul-2026 03:38:10,9,8.91870036010559,15.5858666666667,20.2138333333333,NaN,NaN
10.2,5,190,10-Jul-2026 03:38:27,9.2,9.11688927518497,15.5337363636364,20.2135454545455,NaN,NaN
10.2,5,190,10-Jul-2026 03:38:43,9.4,9.31507799782726,15.4972727272727,20.2152727272727,NaN,NaN
10.2,5,190,10-Jul-2026 03:38:58,9.6,9.51326652803489,15.48001875,20.21725,NaN,NaN
10.2,5,190,10-Jul-2026 03:39:11,9.8,9.71145486583598,15.4034333333333,20.22975,NaN,NaN
10.2,5,190,10-Jul-2026 03:39:24,10,9.90964301120082,15.3627615384615,20.2359230769231,NaN,NaN
10.2,5,190,10-Jul-2026 03:39:34,10.2,10.1078309641511,15.3279636363636,20.2450909090909,NaN,NaN
10.2,5,190,10-Jul-2026 03:39:46,10.4,10.3060187246635,15.30626,20.2534,NaN,NaN
10.2,5,190,10-Jul-2026 03:40:00,10.6,10.5042062927725,15.3001571428571,20.2544285714286,NaN,NaN
10.2,5,190,10-Jul-2026 03:40:22,10.8,10.7023936684484,15.27663,20.2632,NaN,NaN
10.2,5,190,10-Jul-2026 03:41:02,11,10.9005808517193,15.26528,20.2675,NaN,NaN
10.2,5,190,10-Jul-2026 03:42:54,11.2,11.0987678425617,15.2346,20.276,NaN,NaN
10.2,5,190,10-Jul-2026 03:45:12,11.4,11.2969546410037,15.0315666666667,20.3356666666667,NaN,NaN
10.2,5,190,10-Jul-2026 03:45:17,11.6,11.4951412470155,14.9623666666667,20.3487777777778,NaN,NaN
10.2,5,190,10-Jul-2026 03:45:22,11.8,11.6933276606186,14.8296,20.386,NaN,NaN
10.2,5,190,10-Jul-2026 03:45:26,12,11.8915138818154,14.7221666666667,20.4215,NaN,NaN
10.2,5,190,10-Jul-2026 03:45:30,12.2,12.0896999105889,14.4818181818182,20.5158181818182,NaN,NaN
10.2,5,190,10-Jul-2026 03:45:35,12.4,12.2878857469605,14.3595647058824,20.5647058823529,NaN,NaN
10.2,5,190,10-Jul-2026 03:45:40,12.6,12.4860713909198,14.2746875,20.599625,NaN,NaN
10.2,5,190,10-Jul-2026 03:45:45,12.8,12.6842568424818,14.27888,20.5956,NaN,NaN
10.2,5,190,10-Jul-2026 03:45:51,13,12.8824421016166,14.2457153846154,20.6090769230769,NaN,NaN
10.2,5,190,10-Jul-2026 03:45:58,13.2,13.0806271683585,14.2340307692308,20.6136923076923,NaN,NaN
10.2,5,190,10-Jul-2026 03:46:07,13.4,13.278812042697,14.2099692307692,20.6253846153846,NaN,NaN
10.2,5,190,10-Jul-2026 03:46:17,13.6,13.476996724647,14.19195,20.6292,NaN,NaN
10.2,5,190,10-Jul-2026 03:46:40,13.8,13.6751812141786,14.16665,20.6366,NaN,NaN
10.2,5,190,10-Jul-2026 03:47:09,14,13.8733655113132,14.1360090909091,20.6502727272727,NaN,NaN
10.2,5,190,10-Jul-2026 03:47:35,14.2,14.0715496160402,14.084425,20.6796666666667,NaN,NaN
10.2,5,190,10-Jul-2026 03:47:58,14.4,14.269733528381,14.0470181818182,20.6980909090909,NaN,NaN
10.2,5,190,10-Jul-2026 03:48:24,14.6,14.4679172483184,13.9924,20.73,NaN,NaN
10.2,5,190,10-Jul-2026 03:48:46,14.8,14.6661007758609,13.9435,20.7637,NaN,NaN
10.2,5,190,10-Jul-2026 03:49:06,15,14.8642841110043,13.9112384615385,20.7693846153846,NaN,NaN
10.2,5,190,10-Jul-2026 03:49:20,15.2,15.0624672537699,13.80595,20.7976666666667,NaN,NaN
10.2,5,190,10-Jul-2026 03:49:32,15.4,15.2606502041341,13.5565333333333,20.9001666666667,NaN,NaN
10.2,5,190,10-Jul-2026 03:49:44,15.6,15.4588329621054,13.4024230769231,20.9571538461538,NaN,NaN
10.2,5,190,10-Jul-2026 03:49:58,15.8,15.6570155276859,13.3455454545455,20.9773636363636,NaN,NaN
10.2,5,190,10-Jul-2026 03:50:20,16,15.855197900884,13.188,21.034,NaN,NaN
10.2,5,190,10-Jul-2026 03:53:52,16.2,16.0533800816824,13.1469923076923,21.0454615384615,NaN,NaN
10.2,5,190,10-Jul-2026 03:55:26,16.4,16.2515620701089,13.1173818181818,21.0563636363636,NaN,NaN
10.2,5,190,10-Jul-2026 03:56:50,16.6,16.4497438661527,13.092025,21.0635,NaN,NaN
10.2,5,190,10-Jul-2026 04:00:20,16.8,16.6479254697964,13.0584,21.074,NaN,NaN
10.2,5,190,10-Jul-2026 04:00:28,17,16.8461068810614,13.0326461538462,21.0823846153846,NaN,NaN
10.2,5,190,10-Jul-2026 04:05:11,17.2,17.0442880999495,12.91689375,21.128,NaN,NaN
10.2,5,190,10-Jul-2026 04:05:19,17.4,17.2424691264628,12.42475,21.335,NaN,NaN
10.2,5,190,10-Jul-2026 04:05:25,17.6,17.4406499605967,12.2026,21.4138571428571,NaN,NaN
10.2,5,190,10-Jul-2026 04:05:43,17.8,17.6388306023468,11.79076,21.5504,NaN,NaN
10.2,5,190,10-Jul-2026 04:09:53,18,17.8370110517151,11.3063181818182,21.6496363636364,NaN,NaN
10.2,5,190,10-Jul-2026 04:10:16,18.2,18.0351913087097,10.6407428571429,21.8297857142857,NaN,NaN
10.2,5,190,10-Jul-2026 04:10:22,18.4,18.2333713733455,10.0612090909091,22.1283636363636,NaN,NaN
10.2,5,190,10-Jul-2026 04:10:28,18.6,18.4315512455986,9.9088,22.207,NaN,NaN
10.2,5,190,10-Jul-2026 04:10:33,18.8,18.629730925471,9.86970769230769,22.2258461538462,NaN,NaN
10.2,5,190,10-Jul-2026 04:10:39,19,18.8279104129773,9.76804,22.256,NaN,NaN
10.2,5,190,10-Jul-2026 04:10:44,19.2,19.0260897081193,9.6475,22.2895,NaN,NaN
10.2,5,190,10-Jul-2026 04:10:50,19.4,19.2242688108926,9.54748461538462,22.315,NaN,NaN
10.2,5,190,10-Jul-2026 04:10:55,19.6,19.4224477212988,9.52703333333333,22.2940666666667,NaN,NaN
10.2,5,190,10-Jul-2026 04:11:01,19.8,19.6206264393334,9.48143636363636,22.3009090909091,NaN,NaN
10.2,5,190,10-Jul-2026 04:11:07,20,19.8188049650046,9.4458,22.2927,NaN,NaN
10.2,5,190,10-Jul-2026 04:11:14,20.2,20.0169832983142,9.4519,22.2797142857143,NaN,NaN
10.2,5,190,10-Jul-2026 04:11:20,20.4,20.215161439264,9.4415125,22.2781875,NaN,NaN
10.2,5,190,10-Jul-2026 04:11:28,20.6,20.4133393878363,9.41979285714286,22.2857142857143,NaN,NaN
10.2,5,190,10-Jul-2026 04:11:38,20.8,20.6115171440652,9.39890769230769,22.3007692307692,NaN,NaN
10.2,5,190,10-Jul-2026 04:11:50,21,20.8096947079266,9.38359230769231,22.3074615384615,NaN,NaN
10.2,5,190,10-Jul-2026 04:12:02,21.2,21.0078720794479,9.33814,22.3218,NaN,NaN
10.2,5,190,10-Jul-2026 04:12:14,21.4,21.206049258586,9.27317692307692,22.3436923076923,NaN,NaN
10.2,5,190,10-Jul-2026 04:12:27,21.6,21.4042262453874,9.24874615384615,22.348,NaN,NaN
10.2,5,190,10-Jul-2026 04:12:42,21.8,21.6024030398282,9.2076,22.3625384615385,NaN,NaN
10.2,5,190,10-Jul-2026 04:12:59,22,21.8005796419164,9.16631818181818,22.38,NaN,NaN
10.2,5,190,10-Jul-2026 04:13:16,22.2,21.9987560516536,9.1318,22.389,NaN,NaN
10.2,5,190,10-Jul-2026 04:13:35,22.4,22.1969322690417,9.08916666666667,22.407,NaN,NaN
10.2,5,190,10-Jul-2026 04:14:06,22.6,22.395108294082,8.99196,22.4404,NaN,NaN
10.2,5,190,10-Jul-2026 04:14:42,22.8,22.5932841267636,8.93840909090909,22.4621818181818,NaN,NaN
10.2,5,190,10-Jul-2026 04:15:02,23,22.7914597671136,8.87448461538462,22.4839230769231,NaN,NaN
10.2,5,190,10-Jul-2026 04:15:17,23.2,22.9896352151015,8.85437272727273,22.487,NaN,NaN
10.2,5,190,10-Jul-2026 04:15:30,23.4,23.1878104707546,8.8481,22.4892,NaN,NaN
10.2,5,190,10-Jul-2026 04:15:42,23.6,23.3859855340681,8.8453,22.4895,NaN,NaN
10.2,5,190,10-Jul-2026 04:15:56,23.8,23.5841604050242,8.83987272727273,22.4910909090909,NaN,NaN
10.2,5,190,10-Jul-2026 04:16:10,24,23.7823350836502,8.83062857142857,22.4948571428571,NaN,NaN
10.2,5,190,10-Jul-2026 04:16:29,24.2,23.9805095699347,8.80781818181818,22.503,NaN,NaN
10.2,5,190,10-Jul-2026 04:16:53,24.4,24.1786838638858,8.79664545454545,22.5077272727273,NaN,NaN
10.2,5,190,10-Jul-2026 04:17:22,24.6,24.3768579654856,8.78103333333333,22.51225,NaN,NaN
10.2,5,190,10-Jul-2026 04:18:07,24.8,24.5750318747613,8.745275,22.52775,NaN,NaN
10.2,5,190,10-Jul-2026 04:18:40,25,24.7732055917016,8.65131818181818,22.5590909090909,NaN,NaN
10.2,5,190,10-Jul-2026 04:19:04,25.2,24.9713791163016,8.58601538461538,22.5782307692308,NaN,NaN
10.2,5,190,10-Jul-2026 04:19:23,25.4,25.169552448569,8.55550833333333,22.5874166666667,NaN,NaN
10.2,5,190,10-Jul-2026 04:19:50,25.6,25.3677255885182,8.538175,22.5865,NaN,NaN
10.2,5,190,10-Jul-2026 04:20:05,25.8,25.565898536125,8.43467692307692,22.6263846153846,NaN,NaN
10.2,5,190,10-Jul-2026 04:20:11,26,25.7640712913971,8.41192,22.6326,NaN,NaN
10.2,5,190,10-Jul-2026 04:20:16,26.2,25.9622438543425,8.4163,22.628,NaN,NaN
10.2,5,190,10-Jul-2026 04:20:20,26.4,26.1604162249753,8.41724545454545,22.6282727272727,NaN,NaN
10.2,5,190,10-Jul-2026 04:20:24,26.6,26.3585884032649,8.42144545454545,22.6262727272727,NaN,NaN
10.2,5,190,10-Jul-2026 04:20:28,26.8,26.5567603892446,8.4256,22.623,NaN,NaN
10.2,5,190,10-Jul-2026 04:20:31,27,26.7549321828902,8.41945217391304,22.6241739130435,NaN,NaN
10.2,5,190,10-Jul-2026 04:20:35,27.2,26.9531037842159,8.41339444444444,22.627,NaN,NaN
10.2,5,190,10-Jul-2026 04:20:39,27.4,27.1512751932166,8.41251538461538,22.6263076923077,NaN,NaN
10.2,5,190,10-Jul-2026 04:20:42,27.6,27.3494464099193,8.40560909090909,22.6289090909091,NaN,NaN
10.2,5,190,10-Jul-2026 04:20:46,27.8,27.5476174342867,8.3988,22.6323636363636,NaN,NaN
10.2,5,190,10-Jul-2026 04:20:50,28,27.745788266333,8.3878,22.636,NaN,NaN
10.2,5,190,10-Jul-2026 04:20:53,28.2,27.9439589060724,8.38814782608696,22.6351304347826,NaN,NaN
10.2,5,190,10-Jul-2026 04:20:57,28.4,28.1421293534805,8.38429,22.6367,NaN,NaN
10.2,5,190,10-Jul-2026 04:21:01,28.6,28.3402996085904,8.37810909090909,22.6393636363636,NaN,NaN
10.2,5,190,10-Jul-2026 04:21:04,28.8,28.5384696713844,8.37701818181818,22.6392727272727,NaN,NaN
10.2,5,190,10-Jul-2026 04:21:08,29,28.7366395418636,8.37282105263158,22.6409473684211,NaN,NaN
10.2,5,190,10-Jul-2026 04:21:12,29.2,28.934809220042,8.37451666666667,22.6401666666667,NaN,NaN
10.2,5,190,10-Jul-2026 04:21:15,29.4,29.1329787058952,8.37050909090909,22.6419090909091,NaN,NaN
10.2,5,190,10-Jul-2026 04:21:19,29.6,29.3311479994501,8.36783636363636,22.6426363636364,NaN,NaN
10.2,5,190,10-Jul-2026 04:21:23,29.8,29.5293171006951,8.36494,22.6423,NaN,NaN
10.2,5,190,10-Jul-2026 04:21:27,30,29.7274860096376,8.3577,22.6442631578947,NaN,NaN
10.2,5,190,10-Jul-2026 04:21:31,30.2,29.9256547262789,8.34593333333333,22.647,NaN,NaN
10.2,5,190,10-Jul-2026 04:21:36,30.4,30.1238232506009,8.32815,22.651,NaN,NaN
10.2,5,190,10-Jul-2026 04:21:40,30.6,30.3219915826432,8.3127,22.653,NaN,NaN
10.2,5,190,10-Jul-2026 04:21:44,30.8,30.5201597223684,8.2909375,22.6608125,NaN,NaN
10.2,5,190,10-Jul-2026 04:21:49,31,30.7183276698033,8.25697647058823,22.6767058823529,NaN,NaN
10.2,5,190,10-Jul-2026 04:21:54,31.2,30.9164954249361,8.22405,22.6845,NaN,NaN
10.2,5,190,10-Jul-2026 04:22:00,31.4,31.114662987768,8.1686,22.705,NaN,NaN
10.2,5,190,10-Jul-2026 04:22:05,31.6,31.3128303583065,8.1702,22.693,NaN,NaN
10.2,5,190,10-Jul-2026 04:22:10,31.8,31.5109975365525,8.15819333333333,22.6946666666667,NaN,NaN
10.2,5,190,10-Jul-2026 04:22:16,32,31.7091645225008,8.14725714285714,22.6964285714286,NaN,NaN
10.2,5,190,10-Jul-2026 04:22:22,32.2,31.9073313161587,8.14194545454546,22.6975454545455,NaN,NaN
10.2,5,190,10-Jul-2026 04:22:29,32.4,32.1054979175274,8.13276363636364,22.7008181818182,NaN,NaN
10.2,5,190,10-Jul-2026 04:22:36,32.6,32.3036643266014,8.13717333333333,22.6928,NaN,NaN
10.2,5,190,10-Jul-2026 04:22:44,32.8,32.5018305433944,8.09261818181818,22.7110909090909,NaN,NaN
10.2,5,190,10-Jul-2026 04:22:53,33,32.6999965678948,8.06116666666667,22.7238,NaN,NaN
10.2,5,190,10-Jul-2026 04:23:02,33.2,32.8981624001098,8.057975,22.72325,NaN,NaN
10.2,5,190,10-Jul-2026 04:23:15,33.4,33.0963280400341,8.05043333333333,22.7273333333333,NaN,NaN
10.2,5,190,10-Jul-2026 04:23:32,33.6,33.2944934876813,8.0432,22.729,NaN,NaN
10.2,5,190,10-Jul-2026 04:24:54,33.8,33.4926587430396,8.04008,22.7288,NaN,NaN
10.2,5,190,10-Jul-2026 04:25:55,34,33.6908238061228,8.03087272727273,22.732,NaN,NaN
10.2,5,190,10-Jul-2026 04:26:46,34.2,33.8889886769189,8.03355454545455,22.7306363636364,NaN,NaN
10.2,5,190,10-Jul-2026 04:28:17,34.4,34.0871533554416,8.0296,22.7338,NaN,NaN
10.2,5,190,10-Jul-2026 04:29:45,34.6,34.2853178416727,8.02236363636364,22.7401818181818,NaN,NaN
10.2,5,190,10-Jul-2026 04:30:06,34.8,34.4834821356386,8.02171875,22.7416875,NaN,NaN
10.2,5,190,10-Jul-2026 04:30:12,35,34.6816462373338,8.02166428571428,22.742,NaN,NaN
10.2,5,190,10-Jul-2026 04:30:17,35.2,34.8798101467398,8.0205,22.7416315789474,NaN,NaN
10.2,5,290,14-Jul-2026 11:41:49,35.14,34.820360994111,8.0832,22.695,5.70150454128609,0.18568913127555
10.2,5,290,14-Jul-2026 12:41:50,35.15,34.8302691874067,8.1562,22.675,11.4072564474084,0.371509397817842
10.2,5,290,11-Jul-2026 19:40:44,35.17,34.8500855725923,7.9819,22.73,18.5332063640414,0.60362378903552
10.2,5,290,14-Jul-2026 10:41:48,35.17,34.8500855725923,8.0834,22.697,9.71374720794232,0.316362020375094
10.2,5,290,11-Jul-2026 20:40:45,35.18,34.85999376445,7.9847,22.729,16.1851901664256,0.527148221002801
10.2,5,290,11-Jul-2026 18:40:43,35.19,34.8699019558453,7.9698,22.731,16.3609163658702,0.532873667836
10.2,5,290,14-Jul-2026 09:41:47,35.19,34.8699019558453,8.0742,22.699,10.4235883876938,0.339481628712042
10.2,5,290,14-Jul-2026 13:41:51,35.19,34.8699019558453,8.2033,22.663,12.22437723123,0.398114079334682
10.2,5,290,14-Jul-2026 08:41:46,35.21,34.8897183371655,8.1601,22.674,13.5695767424652,0.441930991500472
10.2,5,290,14-Jul-2026 14:41:52,35.21,34.8897183371655,8.2869,22.643,14.5355310610516,0.473371879145739
10.2,5,290,11-Jul-2026 21:40:46,35.22,34.8996265271095,7.9849,22.727,15.7077018608668,0.511595985054695
10.2,5,290,12-Jul-2026 06:40:54,35.22,34.8996265271095,8.008,22.724,17.680325737371,0.575841175228857
10.2,5,290,12-Jul-2026 07:40:55,35.22,34.8996265271095,7.9918,22.727,20.2520839812841,0.659604615339412
10.2,5,290,13-Jul-2026 11:41:24,35.22,34.8996265271095,8.0799,22.698,10.4191284417956,0.339337290198615
10.2,5,290,11-Jul-2026 17:40:42,35.23,34.9095347165717,7.9687,22.733,18.6420712044931,0.607171882014312
10.2,5,290,12-Jul-2026 08:40:56,35.23,34.9095347165717,7.9626,22.732,11.0165010613239,0.35880737522116
10.2,5,290,10-Jul-2026 06:40:01,35.24,34.9194429055522,7.9705,22.749,NaN,NaN
10.2,5,290,14-Jul-2026 07:41:45,35.24,34.9194429055522,8.163,22.673,17.5658456738002,0.572079167707965
10.2,5,290,14-Jul-2026 15:41:53,35.24,34.9194429055522,8.2572,22.648,16.9693778902459,0.552636722400674
10.2,5,290,10-Jul-2026 17:40:17,35.25,34.9293510940509,8.1359,22.683,41.7637311677556,1.36016247644305
10.2,5,290,12-Jul-2026 05:40:53,35.25,34.9293510940509,8.0034,22.723,19.4336312120295,0.632945134931201
10.2,5,290,13-Jul-2026 10:41:23,35.25,34.9293510940509,8.0723,22.701,8.09175369438772,0.263538673027685
10.2,5,290,11-Jul-2026 06:40:31,35.26,34.9392592820741,8.0546,22.707,29.2023054348802,0.951090530165709
10.2,5,290,11-Jul-2026 22:40:47,35.26,34.9392592820741,7.9882,22.727,14.9352034974593,0.486435898823686
10.2,5,290,11-Jul-2026 07:40:32,35.27,34.949167469609,8.014,22.717,26.9841878348428,0.878858386167871
10.2,5,290,11-Jul-2026 16:40:41,35.27,34.949167469609,7.9753,22.73,22.7830576181202,0.742041159342432
10.2,5,290,13-Jul-2026 12:41:25,35.27,34.949167469609,8.0675,22.702,10.5680710024533,0.344189491484001
10.2,5,290,13-Jul-2026 13:41:26,35.27,34.949167469609,8.0916,22.696,16.2268698316259,0.52848566715128
10.2,5,290,14-Jul-2026 17:41:55,35.27,34.949167469609,8.3527,22.625,23.1280589534547,0.75318357377794
10.2,5,290,10-Jul-2026 07:40:07,35.28,34.9590756566748,7.9594,22.751,33.0654445467962,1.07695703411654
10.2,5,290,13-Jul-2026 09:41:22,35.28,34.9590756566748,8.0367,22.713,9.36965215637411,0.305162520736097
10.2,5,290,10-Jul-2026 16:40:16,35.29,34.9689838432522,8.0596,22.703,33.4929791039766,1.09082880201509
10.2,5,290,10-Jul-2026 18:40:18,35.29,34.9689838432522,8.1858,22.67,42.3149538270338,1.37809440367006
10.2,5,290,11-Jul-2026 08:40:33,35.29,34.9689838432522,8.0395,22.711,26.8724704415472,0.875213917465904
10.2,5,290,12-Jul-2026 09:40:57,35.29,34.9689838432522,7.9476,22.733,16.7701666180828,0.546205271068439
10.2,5,290,14-Jul-2026 06:41:43,35.29,34.9689838432522,8.1972,22.664,20.9864494420844,0.683473484239086
10.2,5,290,14-Jul-2026 16:41:54,35.29,34.9689838432522,8.3122,22.633,18.3097955853326,0.59627879626967
10.2,5,290,14-Jul-2026 18:41:56,35.29,34.9689838432522,8.3579,22.623,23.3237351288998,0.759554002447975
10.2,5,290,10-Jul-2026 08:40:08,35.3,34.9788920293411,8.0262,22.732,36.4337828949016,1.18663876627149
10.2,5,290,12-Jul-2026 04:40:52,35.3,34.9788920293411,7.9987,22.723,13.7450796067808,0.447671951752908
10.2,5,290,13-Jul-2026 07:41:20,35.3,34.9788920293411,7.9751,22.728,3.62969110290187,0.118218423972459
10.2,5,290,13-Jul-2026 14:41:27,35.3,34.9788920293411,8.0997,22.693,12.3606699879767,0.402568248649986
10.2,5,290,14-Jul-2026 19:41:57,35.3,34.9788920293411,8.2998,22.636,19.8047869175293,0.644966342030251
10.2,5,290,14-Jul-2026 20:41:58,35.3,34.9788920293411,8.0809,22.693,19.8581987489283,0.646743415952354
10.2,5,290,14-Jul-2026 21:41:59,35.3,34.9788920293411,8.2787,22.637,23.0016719330287,0.749082571561557
10.2,5,290,10-Jul-2026 15:40:15,35.31,34.9888002149608,8.0847,22.698,37.8884740429972,1.23397668105294
10.2,5,290,10-Jul-2026 19:40:19,35.31,34.9888002149608,8.1473,22.681,39.2441980223339,1.27810483822233
10.2,5,290,11-Jul-2026 05:40:30,35.31,34.9888002149608,8.0793,22.701,31.4109159664982,1.02301242780215
10.2,5,290,11-Jul-2026 15:40:40,35.31,34.9888002149608,7.9746,22.726,22.5992972580429,0.736054207583574
10.2,5,290,13-Jul-2026 08:41:21,35.31,34.9888002149608,7.9852,22.726,7.22429265983529,0.23529329006875
10.2,5,290,13-Jul-2026 15:41:27,35.31,34.9888002149608,8.0773,22.699,12.8414245523224,0.418228167421517
10.2,5,290,14-Jul-2026 22:41:59,35.31,34.9888002149608,8.2825,22.637,20.3044091975635,0.661240135905565
10.2,5,290,11-Jul-2026 09:40:34,35.32,34.998708400092,7.9595,22.726,25.3249384359685,0.824829620982573
10.2,5,290,11-Jul-2026 23:40:47,35.33,35.0086165847539,7.9904,22.727,14.527444823348,0.473155508772297
10.2,5,290,12-Jul-2026 10:40:58,35.33,35.0086165847539,7.966,22.73,15.9538798093754,0.519616540658654
10.2,5,290,13-Jul-2026 17:41:29,35.33,35.0086165847539,8.1165,22.688,4.70307528766782,0.153171075680005
10.2,5,290,13-Jul-2026 18:41:30,35.33,35.0086165847539,8.1307,22.683,12.0417965028176,0.392178285550337
10.2,5,290,14-Jul-2026 05:41:42,35.33,35.0086165847539,8.158,22.675,19.5973416273395,0.63824160077206
10.2,5,290,10-Jul-2026 14:40:14,35.34,35.0185247689271,8.0252,22.71,34.6215213876811,1.1275934731502
10.2,5,290,11-Jul-2026 11:40:36,35.34,35.0185247689271,8.0252,22.71,28.480899887271,0.927599968961893
10.2,5,290,12-Jul-2026 11:40:59,35.34,35.0185247689271,8.0148,22.722,16.5305619781809,0.538392593861331
10.2,5,290,12-Jul-2026 18:41:07,35.34,35.0185247689271,7.9751,22.719,11.5229757403077,0.375298758617575
10.2,5,290,12-Jul-2026 19:41:08,35.34,35.0185247689271,8.0064,22.715,16.8507543517865,0.548818841139695
10.2,5,290,13-Jul-2026 06:41:19,35.34,35.0185247689271,7.9629,22.731,5.35000785251022,0.174249675973691
10.2,5,290,13-Jul-2026 16:41:28,35.34,35.0185247689271,8.1024,22.692,13.1304940864692,0.427640078743189
10.2,5,290,13-Jul-2026 19:41:31,35.34,35.0185247689271,8.1278,22.683,13.7746259147051,0.448613760955343
10.2,5,290,14-Jul-2026 23:42:00,35.34,35.0185247689271,8.3416,22.626,NaN,NaN
10.2,5,290,11-Jul-2026 04:40:29,35.35,35.0284329526246,8.107,22.692,34.9466399028933,1.13815709112283
10.2,5,290,11-Jul-2026 10:40:35,35.35,35.0284329526246,7.9746,22.728,23.1058954034804,0.752555004450154
10.2,5,290,11-Jul-2026 13:40:38,35.35,35.0284329526246,7.974,22.726,23.3803532756474,0.761493003698677
10.2,5,290,12-Jul-2026 03:40:51,35.35,35.0284329526246,7.9899,22.726,18.1788456582704,0.592079623191012
10.2,5,290,13-Jul-2026 20:41:32,35.35,35.0284329526246,8.1087,22.688,12.2702541000179,0.399621268377064
10.2,5,290,13-Jul-2026 21:41:33,35.35,35.0284329526246,8.0133,22.713,6.79536171904985,0.221320112891962
10.2,5,290,13-Jul-2026 22:41:34,35.35,35.0284329526246,8.0197,22.715,2.77067634392778,0.0902390733264703
10.2,5,290,14-Jul-2026 04:41:41,35.35,35.0284329526246,8.1209,22.687,15.238457664557,0.496289309305471
10.2,5,290,10-Jul-2026 20:40:21,35.36,35.0383411358397,8.151,22.683,40.1571809019543,1.30783932257347
10.2,5,290,11-Jul-2026 14:40:39,35.36,35.0383411358397,7.9783,22.727,22.1988041877272,0.723010762109563
10.2,5,290,12-Jul-2026 00:40:48,35.36,35.0383411358397,7.9973,22.727,13.8954768958638,0.4525719169138
10.2,5,290,12-Jul-2026 20:41:09,35.36,35.0383411358397,8.017,22.718,21.0257514352588,0.684796659333942
10.2,5,290,13-Jul-2026 05:41:18,35.36,35.0383411358397,7.9367,22.737,4.18275922571142,0.136233325948821
10.2,5,290,10-Jul-2026 09:40:09,35.37,35.0482493185662,8.0301,22.732,36.6110913404246,1.19241365595396
10.2,5,290,10-Jul-2026 13:40:13,35.37,35.0482493185662,8.0482,22.703,36.0023320519955,1.17255766523025
10.2,5,290,12-Jul-2026 02:40:50,35.37,35.0482493185662,8.0052,22.726,15.8828114945651,0.517297870540854
10.2,5,290,12-Jul-2026 17:41:06,35.37,35.0482493185662,7.9805,22.722,18.6957953207523,0.608915354197045
10.2,5,290,13-Jul-2026 04:41:17,35.38,35.0581575008231,7.9296,22.732,6.72548748118826,0.219049983321931
10.2,5,290,10-Jul-2026 10:40:10,35.39,35.0680656825912,7.9907,22.726,34.3218147569871,1.11785269860006
10.2,5,290,11-Jul-2026 12:40:37,35.39,35.0680656825912,7.9763,22.723,22.294058105417,0.726110905597333
10.2,5,290,12-Jul-2026 01:40:49,35.39,35.0680656825912,8.0027,22.726,16.8052098038014,0.547340072527904
10.2,5,290,12-Jul-2026 12:41:01,35.39,35.0680656825912,8.033,22.719,18.049188227652,0.587850761843772
10.2,5,290,12-Jul-2026 16:41:05,35.39,35.0680656825912,8.0268,22.717,20.9581054624132,0.6825922065577
10.2,5,290,11-Jul-2026 03:40:28,35.4,35.0779738638832,8.1522,22.682,37.1687178955559,1.21051163857202
10.2,5,290,12-Jul-2026 13:41:02,35.4,35.0779738638832,8.0488,22.716,21.2396375992173,0.691759603829362
10.2,5,290,12-Jul-2026 15:41:04,35.4,35.0779738638832,8.0438,22.715,16.2192496963146,0.52824858897753
10.2,5,290,13-Jul-2026 23:41:35,35.4,35.0779738638832,7.9799,22.726,5.61773105611638,0.182968250811279
10.2,5,290,14-Jul-2026 02:41:38,35.4,35.0779738638832,8.1722,22.674,16.5554456910313,0.539173474364867
10.2,5,290,10-Jul-2026 21:40:22,35.41,35.0878820446928,8.1244,22.688,40.385527243414,1.31528012906622
10.2,5,290,12-Jul-2026 21:41:10,35.41,35.0878820446928,8.024,22.717,17.3715475112408,0.565781164243182
10.2,5,290,13-Jul-2026 03:41:16,35.41,35.0878820446928,7.9254,22.736,5.33206522878078,0.173666622425297
10.2,5,290,14-Jul-2026 03:41:39,35.41,35.0878820446928,8.1283,22.686,17.8274845991785,0.58060922602151
10.2,5,290,10-Jul-2026 11:40:11,35.42,35.0977902250135,7.9928,22.716,33.820030462689,1.10150045851644
10.2,5,290,10-Jul-2026 12:40:12,35.43,35.1076984048644,8.0201,22.708,34.9271005485841,1.13754610009135
10.2,5,290,12-Jul-2026 22:41:11,35.43,35.1076984048644,8.0325,22.715,16.285973359351,0.530423312091611
10.2,5,290,14-Jul-2026 00:41:36,35.43,35.1076984048644,7.9743,22.727,4.41499061885329,0.143795352344092
10.2,5,290,14-Jul-2026 01:41:37,35.43,35.1076984048644,8.0583,22.701,6.10889904068365,0.198959820414056
10.2,5,290,12-Jul-2026 23:41:12,35.44,35.1176065842391,7.9497,22.726,10.7659527504864,0.350646069792769
10.2,5,290,12-Jul-2026 14:41:03,35.45,35.1275147631248,8.0588,22.713,17.9014528119333,0.583035342733784
10.2,5,290,13-Jul-2026 02:41:15,35.45,35.1275147631248,7.9536,22.731,9.55378162749318,0.311166654687898
10.2,5,290,13-Jul-2026 00:41:13,35.46,35.1374229415213,7.9676,22.723,13.2694810797684,0.432183336282603
10.2,5,290,10-Jul-2026 22:40:23,35.47,35.1473311194544,8.151,22.683,36.9727956015369,1.20413211176592
10.2,5,290,11-Jul-2026 02:40:27,35.47,35.1473311194544,8.1508,22.683,38.697252661717,1.26029297346971
10.2,5,290,13-Jul-2026 01:41:14,35.47,35.1473311194544,7.9649,22.724,13.1732853727721,0.429051106182964
10.2,5,290,11-Jul-2026 01:40:26,35.48,35.1572392969046,8.1038,22.691,37.5153241545053,1.22181314307194
10.2,5,290,10-Jul-2026 23:40:24,35.51,35.1869638263585,8.2505,22.658,40.445589576448,1.31719722289185
10.2,5,290,11-Jul-2026 00:40:25,35.51,35.1869638263585,8.1694,22.678,39.2164784847826,1.27719570104896
10.2,5,590,NaT,0,0,NaN,NaN,NaN,NaN
10.2,5,590,NaT,0.2,0.198197575549084,NaN,NaN,NaN,NaN
10.2,5,590,15-Jul-2026 02:11:26,0.4,0.396394958602638,20.7253,17.604,NaN,NaN
10.2,5,590,15-Jul-2026 02:11:19,0.6,0.594592149189359,20.7249428571429,17.605,256.338893674254,8.29608087047559
10.2,5,590,15-Jul-2026 02:11:13,0.8,0.792789147292957,20.7267538461538,17.606,256.247134000448,8.29310931154283
10.2,5,590,15-Jul-2026 02:11:06,1,0.990985952922833,20.7196833333333,17.606,256.200672900674,8.29163293856976
10.2,5,590,15-Jul-2026 02:10:59,1.2,1.18918256608195,20.7202181818182,17.606,256.202651812501,8.29170223704717
10.2,5,590,15-Jul-2026 02:10:52,1.4,1.3873789867604,20.7171,17.605,256.228006833434,8.2925275615662
10.2,5,590,15-Jul-2026 02:10:45,1.6,1.58557521495471,20.7183,17.6035454545455,256.275944117641,8.29408614270811
10.2,5,590,15-Jul-2026 02:10:37,1.8,1.78377125068706,20.72085,17.6055,256.323087556017,8.29562195443125
10.2,5,590,15-Jul-2026 02:10:29,2,1.98196709394753,20.7210818181818,17.606,256.277641063574,8.2941598178701
10.2,5,590,15-Jul-2026 02:10:20,2.2,2.18016274473901,20.7183,17.606,256.289639386119,8.29455923005954
10.2,5,590,15-Jul-2026 02:10:10,2.4,2.37835820305796,20.7191285714286,17.6067142857143,256.340567321173,8.29621787350995
10.2,5,590,15-Jul-2026 02:10:00,2.6,2.57655346890084,20.7196166666667,17.6068333333333,256.372980053746,8.29727419947072
10.2,5,590,15-Jul-2026 02:09:49,2.8,2.7747485422962,20.7250909090909,17.6055454545455,256.423166595013,8.29889750889028
10.2,5,590,15-Jul-2026 02:09:37,3,2.97294342320192,20.7246235294118,17.6058235294118,256.538919909072,8.30267313262752
10.2,5,590,15-Jul-2026 02:09:26,3.2,3.1711381116594,20.72386,17.6058,256.754582300934,8.3097012321086
10.2,5,590,15-Jul-2026 02:09:12,3.4,3.36933260765859,20.7025615384615,17.6096153846154,256.930182831247,8.31543768669573
10.2,5,590,15-Jul-2026 02:08:59,3.6,3.56752691117663,20.69515,17.6095,257.212521081554,8.32466686795
10.2,5,590,15-Jul-2026 02:08:42,3.8,3.76572102225485,20.6641769230769,17.614,257.969778024028,8.34937903890242
10.2,5,590,15-Jul-2026 02:08:22,4,3.9639149408575,20.6586333333333,17.6133333333333,258.773147449304,8.37558537876093
10.2,5,590,15-Jul-2026 02:07:50,4.2,4.16210866700663,20.5846,17.6235,259.328074225791,8.39400277933401
10.2,5,590,15-Jul-2026 02:07:27,4.4,4.360302200705,20.3135083333333,17.7349166666667,259.91656498131,8.41383568985261
10.2,5,590,15-Jul-2026 02:07:10,4.6,4.55849554193609,20.204825,17.825,260.382654327892,8.42972908365322
10.2,5,590,15-Jul-2026 02:06:54,4.8,4.75668869070905,20.161875,17.867,260.742369704825,8.44174808707112
10.2,5,590,15-Jul-2026 02:06:40,5,4.95488164703947,20.1501916666667,17.88425,260.844560249564,8.44534000207787
10.2,5,590,15-Jul-2026 02:06:26,5.2,5.15307441091721,20.11883,17.9092,260.888049745739,8.44694390851972
10.2,5,590,15-Jul-2026 02:06:15,5.4,5.35126698233855,20.1242090909091,17.9136363636364,260.575333151648,8.43698330971603
10.2,5,590,15-Jul-2026 02:06:03,5.6,5.54945936131259,20.0911923076923,17.9653846153846,260.028310556922,8.42046700786294
10.2,5,590,15-Jul-2026 02:05:52,5.8,5.74765154782918,19.7968230769231,18.3045384615385,260.746994696366,8.44617870526129
10.2,5,590,15-Jul-2026 02:05:42,6,5.94584354191667,19.00838,18.5684,262.60948548035,8.50910959971496
10.2,5,590,15-Jul-2026 02:05:33,6.2,6.14403534354558,18.569,18.583,263.04138125999,8.52372955887457
10.2,5,590,15-Jul-2026 02:05:26,6.4,6.34222695272499,18.4003125,18.563625,262.837972940886,8.51735572555236
10.2,5,590,15-Jul-2026 02:05:16,6.6,6.54041836945752,18.32131,18.5579,262.123872710865,8.49509646796575
10.2,5,590,15-Jul-2026 02:05:07,6.8,6.7386095937522,18.2995,18.856,261.450948132973,8.47490051756995
10.2,5,590,15-Jul-2026 02:04:59,7,6.93680062561165,18.2742538461538,19.0393076923077,261.715051551531,8.48492872741995
10.2,5,590,15-Jul-2026 02:04:50,7.2,7.1349914650256,18.1959363636364,19.1103636363636,261.936936274805,8.4929007805923
10.2,5,590,15-Jul-2026 02:04:44,7.4,7.33318211199662,17.8123,19.138,261.887470382892,8.49163252950214
10.2,5,590,15-Jul-2026 02:04:35,7.6,7.53137256654014,17.7766,19.1926666666667,261.994033004479,8.49545555961768
10.2,5,590,15-Jul-2026 02:04:25,7.8,7.72956282863301,17.694,19.2291818181818,261.955530268895,8.49458797674857
10.2,5,590,15-Jul-2026 02:04:14,8,7.92775289829704,17.61726,19.321,261.491286359792,8.48072529009203
10.2,5,590,15-Jul-2026 02:04:02,8.2,8.12594277552191,17.5407,19.46,261.366138624106,8.47718794751938
10.2,5,590,15-Jul-2026 02:03:39,8.4,8.32413246031655,17.4622090909091,19.4900909090909,260.549832459098,8.45085700420023
10.2,5,590,15-Jul-2026 02:03:14,8.6,8.52232195267705,17.43412,19.4958,259.590151410254,8.41990269499208
10.2,5,590,15-Jul-2026 02:02:52,8.8,8.7205112526059,17.38745,19.4999,256.602123476531,8.32314035414062
10.2,5,590,15-Jul-2026 01:41:54,9,8.91870036010559,17.2167,19.4891428571429,254.169134086843,8.24479242151462
10.2,5,590,15-Jul-2026 01:40:27,9.2,9.11688927518497,16.9087,19.5280909090909,254.726261735997,8.26426162186661
10.2,5,590,15-Jul-2026 01:40:10,9.4,9.31507799782726,16.4407923076923,19.7423846153846,255.037221441012,8.27574085189104
10.2,5,590,15-Jul-2026 01:38:32,9.6,9.51326652803489,16.3408454545455,19.8458181818182,254.7999990247,8.26870793474414
10.2,5,590,15-Jul-2026 01:38:17,9.8,9.71145486583598,16.2955428571429,19.8897142857143,254.831741419369,8.27010213995058
10.2,5,590,15-Jul-2026 01:38:07,10,9.90964301120082,16.2183916666667,19.9694166666667,254.884356308443,8.27222758535595
10.2,5,590,15-Jul-2026 01:37:06,10.2,10.1078309641511,16.1679666666667,20.0241666666667,255.764134736827,8.30145905430166
10.2,5,590,15-Jul-2026 01:36:42,10.4,10.3060187246635,16.0929,20.102,254.171949731978,8.25022947177055
10.2,5,590,15-Jul-2026 01:36:29,10.6,10.5042062927725,16.0151625,20.120125,252.614605907904,8.19989575135521
10.2,5,590,15-Jul-2026 01:35:58,10.8,10.7023936684484,15.9222076923077,20.1449230769231,245.085410061085,7.95587624522707
10.2,5,590,15-Jul-2026 01:34:41,11,10.9005808517193,15.7523545454545,20.1698181818182,234.869797105645,7.62491880826662
10.2,5,590,15-Jul-2026 01:34:20,11.2,11.0987678425617,15.3181181818182,20.2942727272727,207.075678677567,6.72395511384862
10.2,5,590,15-Jul-2026 01:32:59,11.4,11.2969546410037,14.768675,20.46,183.337241061949,5.95493299647058
10.2,5,590,15-Jul-2026 01:32:50,11.6,11.4951412470155,14.3322,20.738,179.524102052538,5.83235669759033
10.2,5,590,15-Jul-2026 01:32:43,11.8,11.6933276606186,13.9759333333333,20.8093333333333,178.240981670397,5.7915866502285
10.2,5,590,15-Jul-2026 01:32:36,12,11.8915138818154,13.44605,20.9108,178.564729380827,5.80274115697896
10.2,5,590,15-Jul-2026 01:32:30,12.2,12.0896999105889,13.149,20.944,178.406903590065,5.7979436430788
10.2,5,590,15-Jul-2026 01:32:25,12.4,12.2878857469605,13.0749,20.994,177.713125403083,5.77563989110148
10.2,5,590,15-Jul-2026 01:32:19,12.6,12.4860713909198,12.9508833333333,21.0233333333333,177.162883159891,5.75800042086432
10.2,5,590,15-Jul-2026 01:32:14,12.8,12.6842568424818,12.8740142857143,21.0478571428571,176.881992871192,5.74905200605454
10.2,5,590,15-Jul-2026 01:32:08,13,12.8824421016166,12.7878307692308,21.0572307692308,176.765782050081,5.74536152378526
10.2,5,590,15-Jul-2026 01:32:02,13.2,13.0806271683585,12.7392666666667,21.062,176.68843468585,5.74290220036928
10.2,5,590,15-Jul-2026 01:31:55,13.4,13.278812042697,12.71055,21.072,176.451507661103,5.73528872288711
10.2,5,590,15-Jul-2026 01:31:47,13.6,13.476996724647,12.6746375,21.087375,176.410548469309,5.73405181793207
10.2,5,590,15-Jul-2026 01:31:39,13.8,13.6751812141786,12.6422,21.0972307692308,176.268485997774,5.72948441133247
10.2,5,590,15-Jul-2026 01:31:31,14,13.8733655113132,12.6366307692308,21.096,176.051486778696,5.72243658394721
10.2,5,590,15-Jul-2026 01:31:20,14.2,14.0715496160402,12.6343333333333,21.096,175.860654091815,5.71623883742087
10.2,5,590,15-Jul-2026 01:31:10,14.4,14.269733528381,12.62635,21.09625,175.629505424194,5.7087423098077
10.2,5,590,15-Jul-2026 01:30:56,14.6,14.4679172483184,12.6286,21.096,174.815663385184,5.6822848815174
10.2,5,590,15-Jul-2026 01:30:35,14.8,14.6661007758609,12.6199727272727,21.0979090909091,171.471218288437,5.57360507588721
10.2,5,590,15-Jul-2026 01:28:29,15,14.8642841110043,12.6142583333333,21.098,169.292188760372,5.50281813355326
10.2,5,590,15-Jul-2026 01:28:20,15.2,15.0624672537699,12.6005454545455,21.1047272727273,168.917054108208,5.49069833070717
10.2,5,590,15-Jul-2026 01:28:11,15.4,15.2606502041341,12.5661,21.1155625,168.793354068705,5.48684840079001
10.2,5,590,15-Jul-2026 01:27:48,15.6,15.4588329621054,12.4433857142857,21.1911428571429,167.265052836949,5.4374453858191
10.2,5,590,15-Jul-2026 01:26:17,15.8,15.6570155276859,12.4421,21.1912,166.991910012045,5.42857052212567
10.2,5,590,15-Jul-2026 01:25:59,16,15.855197900884,12.4278,21.197,164.54205079707,5.34900365713024
10.2,5,590,15-Jul-2026 01:24:21,16.2,16.0533800816824,12.3876363636364,21.215,159.203952667587,5.17557359141306
10.2,5,590,15-Jul-2026 01:24:10,16.4,16.2515620701089,12.3329,21.217,153.154332013668,4.97897232627614
10.2,5,590,15-Jul-2026 01:22:23,16.6,16.4497438661527,12.2573333333333,21.2316666666667,149.440759442499,4.85841038994518
10.2,5,590,15-Jul-2026 01:21:52,16.8,16.6479254697964,11.9797,21.3183333333333,131.613718112863,4.2790860712615
10.2,5,590,15-Jul-2026 01:20:25,17,16.8461068810614,11.8075333333333,21.33,128.318893207451,4.17256159356338
10.2,5,590,15-Jul-2026 01:20:11,17.2,17.0442880999495,11.4496461538462,21.4579230769231,128.311530521109,4.17290239896766
10.2,5,590,15-Jul-2026 01:19:06,17.4,17.2424691264628,11.2816,21.5604545454545,121.386020170808,3.94808819431677
10.2,5,590,15-Jul-2026 01:18:33,17.6,17.4406499605967,11.169075,21.5946666666667,114.629004447455,3.7283935732617
10.2,5,590,15-Jul-2026 01:18:13,17.8,17.6388306023468,10.9827454545455,21.6281818181818,105.862444462455,3.44345092458844
10.2,5,590,15-Jul-2026 01:17:51,18,17.8370110517151,10.8883909090909,21.6691818181818,93.3308723042029,3.03597912752205
10.2,5,590,15-Jul-2026 01:17:34,18.2,18.0351913087097,10.7771727272727,21.7246363636364,81.1765258723716,2.64084704117896
10.2,5,590,15-Jul-2026 01:17:23,18.4,18.2333713733455,10.53940625,21.849375,73.2278159244384,2.38264523383423
10.2,5,590,15-Jul-2026 01:17:15,18.6,18.4315512455986,9.9591,22.08825,69.1075167339827,2.24903399476457
10.2,5,590,15-Jul-2026 01:17:07,18.8,18.629730925471,9.7851,22.1708571428571,65.2851647619101,2.12483799863802
10.2,5,590,15-Jul-2026 01:17:00,19,18.8279104129773,9.68875,22.197,63.2182909332752,2.05758276630171
10.2,5,590,15-Jul-2026 01:16:52,19.2,19.0260897081193,9.65745714285714,22.2035714285714,61.384139294844,1.99793052768568
10.2,5,590,15-Jul-2026 01:16:46,19.4,19.2242688108926,9.51823636363636,22.2436363636364,59.7827098466165,1.94588128278993
10.2,5,590,15-Jul-2026 01:16:40,19.6,19.4224477212988,9.47444545454545,22.2494545454545,58.0850315642603,1.89063827581986
10.2,5,590,15-Jul-2026 01:16:34,19.8,19.6206264393334,9.44815,22.259625,56.6984306852271,1.845526755902
10.2,5,590,15-Jul-2026 01:16:28,20,19.8188049650046,9.429,22.2645,55.5872936731471,1.80937482676873
10.2,5,590,15-Jul-2026 01:16:22,20.2,20.0169832983142,9.41578823529412,22.2684705882353,54.7516205280202,1.78218248842003
10.2,5,590,15-Jul-2026 01:16:16,20.4,20.215161439264,9.39927692307692,22.2753846153846,53.31039255633,1.73528688204905
10.2,5,590,15-Jul-2026 01:16:10,20.6,20.4133393878363,9.38420714285714,22.2797857142857,52.3640370923374,1.70449941508785
10.2,5,590,15-Jul-2026 01:16:02,20.8,20.6115171440652,9.35703636363636,22.2890909090909,51.22382427767,1.66739923002292
10.2,5,590,15-Jul-2026 01:15:54,21,20.8096947079266,9.34042857142857,22.2937142857143,49.5015024592031,1.61134510030569
10.2,5,590,15-Jul-2026 01:15:46,21.2,21.0078720794479,9.33992307692308,22.2925384615385,47.8562611245534,1.5577965089035
10.2,5,590,15-Jul-2026 01:15:38,21.4,21.206049258586,9.33785,22.2946428571429,46.6763519268462,1.5193946823649
10.2,5,590,15-Jul-2026 01:15:30,21.6,21.4042262453874,9.32313636363636,22.2978181818182,45.2550908776863,1.47314144260083
10.2,5,590,15-Jul-2026 01:15:25,21.8,21.6024030398282,9.30328888888889,22.3054444444444,43.7665547814668,1.424699789621
10.2,5,590,15-Jul-2026 01:15:18,22,21.8005796419164,9.28885333333333,22.3092666666667,42.6624687485171,1.38877182333571
10.2,5,590,15-Jul-2026 01:15:13,22.2,21.9987560516536,9.2658,22.3173125,42.0101078258963,1.36754595696072
10.2,5,590,15-Jul-2026 01:15:08,22.4,22.1969322690417,9.20538571428571,22.3341428571429,41.2599241630953,1.34315615531653
10.2,5,590,15-Jul-2026 01:15:04,22.6,22.395108294082,9.178,22.336,40.7506781040996,1.32658821195027
10.2,5,590,15-Jul-2026 01:14:59,22.8,22.5932841267636,9.14072352941176,22.3475882352941,39.9916823086148,1.30190792694943
10.2,5,590,15-Jul-2026 01:14:55,23,22.7914597671136,9.05926,22.3822,39.0551797410078,1.27146355821356
10.2,5,590,15-Jul-2026 01:14:51,23.2,22.9896352151015,9.00754,22.4062,38.1909201377677,1.24336744737723
10.2,5,590,15-Jul-2026 01:14:47,23.4,23.1878104707546,8.94037368421053,22.4272105263158,37.6382416299184,1.22540460580377
10.2,5,590,15-Jul-2026 01:14:43,23.6,23.3859855340681,8.85995,22.4602,37.0690107805266,1.20689966720395
10.2,5,590,15-Jul-2026 01:14:39,23.8,23.5841604050242,8.77789230769231,22.4948461538462,36.4832275895923,1.18785263157778
10.2,5,590,15-Jul-2026 01:14:36,24,23.7823350836502,8.75654545454545,22.494,36.1214224369629,1.17609114218655
10.2,5,590,15-Jul-2026 01:14:32,24.2,23.9805095699347,8.73267368421053,22.5044210526316,35.9835953226385,1.17161519903025
10.2,5,590,15-Jul-2026 01:14:28,24.4,24.1786838638858,8.68915,22.5225,36.0399389137891,1.17347311987163
10.2,5,590,15-Jul-2026 01:14:25,24.6,24.3768579654856,8.65143636363636,22.5349090909091,36.0679616989893,1.17439904839159
10.2,5,590,15-Jul-2026 01:14:21,24.8,24.5750318747613,8.64651538461539,22.535,36.0676636782391,1.17439298459012
10.2,5,590,15-Jul-2026 01:14:17,25,24.7732055917016,8.61206363636364,22.5505454545455,36.0411415098418,1.17354351436481
10.2,5,590,15-Jul-2026 01:14:14,25.2,24.9713791163016,8.58245,22.5575,36.0146193414444,1.17269404413951
10.2,5,590,15-Jul-2026 01:14:10,25.4,25.169552448569,8.57253333333333,22.5598333333333,35.9716935596922,1.17129887286281
10.2,5,590,15-Jul-2026 01:14:06,25.6,25.3677255885182,8.5721,22.5602941176471,35.9444233093826,1.17041302172848
10.2,5,590,15-Jul-2026 01:14:02,25.8,25.565898536125,8.5715,22.561,35.9328085905156,1.1700364907365
10.2,5,590,15-Jul-2026 01:13:58,26,25.7640712913971,8.56808888888889,22.5618888888889,35.9790547370312,1.17154549966157
10.2,5,590,15-Jul-2026 01:13:54,26.2,25.9622438543425,8.5639,22.564,36.0253008835467,1.17305450858665
10.2,5,590,15-Jul-2026 01:13:50,26.4,26.1604162249753,8.56017272727273,22.5649090909091,36.1126433716961,1.17590052415814
10.2,5,590,15-Jul-2026 01:13:45,26.6,26.3585884032649,8.54740769230769,22.5713076923077,36.122436115297,1.17622824512743
10.2,5,590,15-Jul-2026 01:13:41,26.8,26.5567603892446,8.54278888888889,22.572,36.0797130985584,1.17483913682194
10.2,5,590,15-Jul-2026 01:13:36,27,26.7549321828902,8.5399125,22.572,36.0079598253635,1.17250424164956
10.2,5,590,15-Jul-2026 01:13:32,27.2,26.9531037842159,8.53885238095238,22.572,35.9071762957121,1.16922355961029
10.2,5,590,15-Jul-2026 01:13:28,27.4,27.1512751932166,8.5371,22.5728888888889,35.7906086636501,1.16543046314071
10.2,5,590,15-Jul-2026 01:13:24,27.6,27.3494464099193,8.5355,22.573,35.6549994152298,1.16101638491848
10.2,5,590,15-Jul-2026 01:13:20,27.8,27.5476174342867,8.5355,22.5725,35.5003485504513,1.1559813249436
10.2,5,590,15-Jul-2026 01:13:15,28,27.745788266333,8.5353,22.573,35.2743781124066,1.14862420229235
10.2,5,590,15-Jul-2026 01:13:11,28.2,27.9439589060724,8.53598888888889,22.572,35.0894659912818,1.14260373788823
10.2,5,590,15-Jul-2026 01:13:07,28.4,28.1421293534805,8.5359,22.5724,34.9006707601494,1.13645743798938
10.2,5,590,15-Jul-2026 01:13:03,28.6,28.3402996085904,8.5359,22.5722631578947,34.7079924190094,1.13018530259578
10.2,5,590,15-Jul-2026 01:12:58,28.8,28.5384696713844,8.53545882352941,22.572,34.4202687208351,1.1208172653842
10.2,5,590,15-Jul-2026 01:12:54,29,28.7366395418636,8.53512,22.572,34.0583597022425,1.10903399116598
10.2,5,590,15-Jul-2026 01:12:50,29.2,28.934809220042,8.53418,22.572,33.6222653632315,1.0948354799411
10.2,5,590,15-Jul-2026 01:12:46,29.4,29.1329787058952,8.52798235294118,22.5729411764706,32.8615511695757,1.07006976910417
10.2,5,590,15-Jul-2026 01:12:41,29.6,29.3311479994501,8.49448571428571,22.5849285714286,32.4589384276486,1.05696679787218
10.2,5,590,15-Jul-2026 01:12:38,29.8,29.5293171006951,8.47703,22.5847,32.0563256857215,1.04386382664019
10.2,5,590,15-Jul-2026 01:12:34,30,29.7274860096376,8.46544736842105,22.5876842105263,31.5065668357801,1.02596564099373
10.2,5,590,15-Jul-2026 01:12:30,30.2,29.9256547262789,8.45734545454545,22.5900909090909,30.9628432674782,1.00826347548919
10.2,5,590,15-Jul-2026 01:12:27,30.4,30.1238232506009,8.45475,22.593,30.425154980816,0.990757330126565
10.2,5,590,15-Jul-2026 01:12:23,30.6,30.3219915826432,8.45575,22.5930833333333,30.0414756390342,0.978264910252699
10.2,5,590,15-Jul-2026 01:12:20,30.8,30.5201597223684,8.45740769230769,22.5946923076923,29.6577962972525,0.965772490378834
10.2,5,590,15-Jul-2026 01:12:17,31,30.7183276698033,8.45621538461538,22.5969230769231,29.2574592628897,0.952740150923277
10.2,5,590,15-Jul-2026 01:12:14,31.2,30.9164954249361,8.4486,22.6008333333333,28.8571222285268,0.939707811467721
10.2,5,590,15-Jul-2026 01:12:10,31.4,31.114662987768,8.44556666666667,22.6025833333333,28.1731771534742,0.917437932914403
10.2,5,590,15-Jul-2026 01:12:07,31.6,31.3128303583065,8.43958461538462,22.6038461538462,27.5655361066484,0.897652525814945
10.2,5,590,15-Jul-2026 01:12:04,31.8,31.5109975365525,8.43701538461539,22.6036923076923,27.0341990880495,0.880351590169345
10.2,5,590,15-Jul-2026 01:12:01,32,31.7091645225008,8.43176363636364,22.6054545454545,26.4169853281783,0.860256650253008
10.2,5,590,15-Jul-2026 01:11:57,32.2,31.9073313161587,8.41471818181818,22.6109090909091,25.8210844955896,0.840855748611077
10.2,5,590,15-Jul-2026 01:11:54,32.4,32.1054979175274,8.40359230769231,22.6115384615385,25.3323733315556,0.824942889514287
10.2,5,590,15-Jul-2026 01:11:50,32.6,32.3036643266014,8.3999,22.611,24.4794386497508,0.797167385203053
10.2,5,590,15-Jul-2026 01:11:47,32.8,32.5018305433944,8.39952727272727,22.611,23.6235001943197,0.769294632102306
10.2,5,590,15-Jul-2026 01:11:43,33,32.6999965678948,8.39915333333333,22.611,22.9594564510498,0.747671145739675
10.2,5,590,15-Jul-2026 01:11:41,33.2,32.8981624001098,8.39679230769231,22.6114615384615,22.4873074199411,0.732296926115158
10.2,5,590,15-Jul-2026 01:11:38,33.4,33.0963280400341,8.3926,22.612,22.0151583888324,0.71692270649064
10.2,5,590,15-Jul-2026 01:11:34,33.6,33.2944934876813,8.37825384615385,22.6173076923077,21.2358997841471,0.691551596099004
10.2,5,590,15-Jul-2026 01:11:31,33.8,33.4926587430396,8.34947142857143,22.621,20.5564343251061,0.669427841061491
10.2,5,590,15-Jul-2026 01:11:28,34,33.6908238061228,8.3465,22.621,19.9767620117096,0.650551441378103
10.2,5,590,15-Jul-2026 01:11:25,34.2,33.8889886769189,8.34035454545455,22.6233636363636,19.446566692777,0.633287241812563
10.2,5,590,15-Jul-2026 01:11:21,34.4,34.0871533554416,8.32545,22.6258333333333,18.9658483683083,0.617635242364872
10.2,5,590,15-Jul-2026 01:11:18,34.6,34.2853178416727,8.30803333333333,22.6316666666667,18.5385085409594,0.603720469057078
10.2,5,590,15-Jul-2026 01:11:14,34.8,34.4834821356386,8.29662,22.634,18.1645472107305,0.591542921889182
10.2,5,590,15-Jul-2026 01:11:10,35,34.6816462373338,8.28834,22.6372,18.1778462702176,0.591976489592772
10.2,5,590,15-Jul-2026 01:11:06,35.2,34.8798101467398,8.2848,22.636,17.477166360766,0.569161271094669
10.2,5,700,15-Jul-2026 02:22:14,-0.1,-0.0990988599548819,17.6449,8.856,268.353481924673,8.63461701937894
10.2,5,700,15-Jul-2026 02:23:14,-0.1,-0.0990988599548819,17.6175,8.799,NaN,NaN
10.2,5,700,15-Jul-2026 02:21:44,0,0,17.4539,8.909,268.814887299645,8.64957519174273
10.2,5,700,15-Jul-2026 02:21:54,0,0,17.466,8.919,268.603659408549,8.64305092222847
10.2,5,700,15-Jul-2026 02:22:24,0,0,17.6613,8.845,268.389998603301,8.63572808390742
10.2,5,700,15-Jul-2026 02:22:04,0.01,0.00990988334653659,17.5417,8.883,268.396566251761,8.63618856035299
10.2,5,700,15-Jul-2026 02:23:04,0.01,0.00990988334653659,17.6863,8.812,268.428644730986,8.63670120890082
10.2,5,700,15-Jul-2026 02:21:24,0.02,0.0198197662161875,17.5882,0.572,NaN,NaN
10.2,5,700,15-Jul-2026 02:21:34,0.02,0.0198197662161875,17.5265,8.702,272.927916443445,8.76793062858864
10.2,5,700,15-Jul-2026 02:22:34,0.03,0.0297296486089114,17.6513,8.855,268.354803867045,8.63457731248656
10.2,5,700,15-Jul-2026 02:22:44,0.05,0.0495494119248564,17.6731,8.839,268.324118507853,8.63352062994788
10.2,5,700,15-Jul-2026 02:22:54,0.05,0.0495494119248564,17.6988,8.83,268.306780555273,8.63286237268449
11.2,6,190,NaT,0,0,NaN,NaN,NaN,NaN
11.2,6,190,15-Jul-2026 02:49:28,0.2,0.198197575549084,19.04748,3.732,NaN,NaN
11.2,6,190,15-Jul-2026 02:52:18,0.4,0.396394958602638,20.6765090909091,8.32145454545454,NaN,NaN
11.2,6,190,15-Jul-2026 02:54:24,0.6,0.594592149189359,20.6856,8.326,NaN,NaN
11.2,6,190,15-Jul-2026 02:54:38,0.8,0.792789147292957,20.677175,15.25925,NaN,NaN
11.2,6,190,15-Jul-2026 02:54:45,1,0.990985952922833,20.6516875,17.585125,NaN,NaN
11.2,6,190,15-Jul-2026 02:54:50,1.2,1.18918256608195,20.6517333333333,17.587,NaN,NaN
11.2,6,190,15-Jul-2026 02:54:56,1.4,1.3873789867604,20.6552,17.587,NaN,NaN
11.2,6,190,15-Jul-2026 02:55:00,1.6,1.58557521495471,20.65705,17.58725,NaN,NaN
11.2,6,190,15-Jul-2026 02:55:06,1.8,1.78377125068706,20.65785,17.589,NaN,NaN
11.2,6,190,15-Jul-2026 02:55:11,2,1.98196709394753,20.65865,17.59075,NaN,NaN
11.2,6,190,15-Jul-2026 02:55:16,2.2,2.18016274473901,20.65702,17.5936,NaN,NaN
11.2,6,190,15-Jul-2026 02:55:22,2.4,2.37835820305796,20.6534333333333,17.598,NaN,NaN
11.2,6,190,15-Jul-2026 02:55:30,2.6,2.57655346890084,20.6446,17.606,NaN,NaN
11.2,6,190,15-Jul-2026 02:55:38,2.8,2.7747485422962,20.6414636363636,17.6097272727273,NaN,NaN
11.2,6,190,15-Jul-2026 02:55:49,3,2.97294342320192,20.6445272727273,17.6121818181818,NaN,NaN
11.2,6,190,15-Jul-2026 02:56:02,3.2,3.1711381116594,20.6487,17.614,NaN,NaN
11.2,6,190,15-Jul-2026 02:56:16,3.4,3.36933260765859,20.6529272727273,17.6133636363636,NaN,NaN
11.2,6,190,15-Jul-2026 02:56:32,3.6,3.56752691117663,20.6559,17.6105,NaN,NaN
11.2,6,190,15-Jul-2026 02:56:52,3.8,3.76572102225485,20.6541818181818,17.6076363636364,NaN,NaN
11.2,6,190,15-Jul-2026 02:57:16,4,3.9639149408575,20.6457909090909,17.6058181818182,NaN,NaN
11.2,6,190,15-Jul-2026 02:58:04,4.2,4.16210866700663,20.6056,17.607,NaN,NaN
11.2,6,190,15-Jul-2026 03:00:33,4.4,4.360302200705,20.45978,17.6147,NaN,NaN
11.2,6,190,15-Jul-2026 03:02:07,4.6,4.55849554193609,20.37497,17.6243,NaN,NaN
11.2,6,190,15-Jul-2026 03:03:16,4.8,4.75668869070905,20.3599363636364,17.6203636363636,NaN,NaN
11.2,6,190,15-Jul-2026 03:04:22,5,4.95488164703947,20.32538,17.6272,NaN,NaN
11.2,6,190,15-Jul-2026 03:05:18,5.2,5.15307441091721,20.29148,17.634,NaN,NaN
11.2,6,190,15-Jul-2026 03:05:40,5.4,5.35126698233855,20.2842,17.635,NaN,NaN
11.2,6,190,15-Jul-2026 03:07:00,5.6,5.54945936131259,20.2422727272727,17.8243636363636,NaN,NaN
11.2,6,190,15-Jul-2026 03:08:18,5.8,5.74765154782918,20.2182454545455,17.8947272727273,NaN,NaN
11.2,6,190,15-Jul-2026 03:09:12,6,5.94584354191667,19.35874,18.5159,NaN,NaN
11.2,6,190,15-Jul-2026 03:09:45,6.2,6.14403534354558,18.46455,18.595,NaN,NaN
11.2,6,190,15-Jul-2026 03:10:15,6.4,6.34222695272499,18.20478,18.6458,NaN,NaN
11.2,6,190,15-Jul-2026 03:10:25,6.6,6.54041836945752,18.1206764705882,18.8125294117647,NaN,NaN
11.2,6,190,15-Jul-2026 03:10:33,6.8,6.7386095937522,18.0311363636364,18.9752727272727,NaN,NaN
11.2,6,190,15-Jul-2026 03:10:39,7,6.93680062561165,18.1381,19.018,NaN,NaN
11.2,6,190,15-Jul-2026 03:10:45,7.2,7.1349914650256,18.0119384615385,19.0524615384615,NaN,NaN
11.2,6,190,15-Jul-2026 03:10:52,7.4,7.33318211199662,17.95968,19.1502666666667,NaN,NaN
11.2,6,190,15-Jul-2026 03:11:00,7.6,7.53137256654014,17.9274928571429,19.2725714285714,NaN,NaN
11.2,6,190,15-Jul-2026 03:11:27,7.8,7.72956282863301,17.7775,19.3916,NaN,NaN
11.2,6,190,15-Jul-2026 03:11:49,8,7.92775289829704,17.6455285714286,19.4429285714286,NaN,NaN
11.2,6,190,15-Jul-2026 03:12:00,8.2,8.12594277552191,17.4684833333333,19.482,NaN,NaN
11.2,6,190,15-Jul-2026 03:12:13,8.4,8.32413246031655,17.3669,19.538,NaN,NaN
11.2,6,190,15-Jul-2026 03:12:22,8.6,8.52232195267705,16.9066461538462,19.5820769230769,NaN,NaN
11.2,6,190,15-Jul-2026 03:12:30,8.8,8.7205112526059,16.4796363636364,19.7233636363636,NaN,NaN
11.2,6,190,15-Jul-2026 03:12:37,9,8.91870036010559,16.3850666666667,19.7863333333333,NaN,NaN
11.2,6,190,15-Jul-2026 03:12:44,9.2,9.11688927518497,16.3378,19.807,NaN,NaN
11.2,6,190,15-Jul-2026 03:12:52,9.4,9.31507799782726,16.31868125,19.85775,NaN,NaN
11.2,6,190,15-Jul-2026 03:13:00,9.6,9.51326652803489,16.304775,19.89925,NaN,NaN
11.2,6,190,15-Jul-2026 03:13:12,9.8,9.71145486583598,16.2551090909091,19.9347272727273,NaN,NaN
11.2,6,190,15-Jul-2026 03:13:30,10,9.90964301120082,16.2143727272727,19.9797272727273,NaN,NaN
11.2,6,190,15-Jul-2026 03:14:13,10.2,10.1078309641511,16.17431,19.9963,NaN,NaN
11.2,6,190,15-Jul-2026 03:17:28,10.4,10.3060187246635,16.1539727272727,20.0304545454545,NaN,NaN
11.2,6,190,15-Jul-2026 03:20:30,10.6,10.5042062927725,16.0907,20.1004545454546,NaN,NaN
11.2,6,190,15-Jul-2026 03:20:47,10.8,10.7023936684484,16.0225846153846,20.1230769230769,NaN,NaN
11.2,6,190,15-Jul-2026 03:24:07,11,10.9005808517193,15.91995,20.14525,NaN,NaN
11.2,6,190,15-Jul-2026 03:25:28,11.2,11.0987678425617,15.78442,20.1842666666667,NaN,NaN
11.2,6,190,15-Jul-2026 03:25:47,11.4,11.2969546410037,15.31118,20.3056,NaN,NaN
11.2,6,190,15-Jul-2026 03:27:34,11.6,11.4951412470155,14.607175,20.57,NaN,NaN
11.2,6,190,15-Jul-2026 03:30:39,11.8,11.6933276606186,13.9018,20.829,NaN,NaN
11.2,6,190,15-Jul-2026 03:30:52,12,11.8915138818154,13.3506454545455,20.9186363636364,NaN,NaN
11.2,6,190,15-Jul-2026 03:31:19,12.2,12.0896999105889,13.19358,20.953,NaN,NaN
11.2,6,190,15-Jul-2026 03:33:29,12.4,12.2878857469605,13.1476727272727,20.9761818181818,NaN,NaN
11.2,6,190,15-Jul-2026 03:35:28,12.6,12.4860713909198,13.1102933333333,20.9938666666667,NaN,NaN
11.2,6,190,15-Jul-2026 03:35:36,12.8,12.6842568424818,13.0449142857143,21.0022857142857,NaN,NaN
11.2,6,190,15-Jul-2026 03:35:45,13,12.8824421016166,12.9938333333333,21.0036666666667,NaN,NaN
11.2,6,190,15-Jul-2026 03:35:54,13.2,13.0806271683585,12.96146,21.0056,NaN,NaN
11.2,6,190,15-Jul-2026 03:36:05,13.4,13.278812042697,12.924625,21.0155,NaN,NaN
11.2,6,190,15-Jul-2026 03:36:17,13.6,13.476996724647,12.8974,21.025,NaN,NaN
11.2,6,190,15-Jul-2026 03:36:36,13.8,13.6751812141786,12.8704272727273,21.0312727272727,NaN,NaN
11.2,6,190,15-Jul-2026 03:37:07,14,13.8733655113132,12.8377,21.04,NaN,NaN
11.2,6,190,15-Jul-2026 03:40:42,14.2,14.0715496160402,12.7976230769231,21.0488461538462,NaN,NaN
11.2,6,190,15-Jul-2026 03:40:49,14.4,14.269733528381,12.77205,21.058,NaN,NaN
11.2,6,190,15-Jul-2026 03:40:56,14.6,14.4679172483184,12.727,21.0716666666667,NaN,NaN
11.2,6,190,15-Jul-2026 03:41:03,14.8,14.6661007758609,12.71565,21.0768,NaN,NaN
11.2,6,190,15-Jul-2026 03:41:12,15,14.8642841110043,12.7094416666667,21.0768333333333,NaN,NaN
11.2,6,190,15-Jul-2026 03:41:19,15.2,15.0624672537699,12.7047454545455,21.0782727272727,NaN,NaN
11.2,6,190,15-Jul-2026 03:41:28,15.4,15.2606502041341,12.6990454545455,21.0793636363636,NaN,NaN
11.2,6,190,15-Jul-2026 03:41:39,15.6,15.4588329621054,12.6872909090909,21.0828181818182,NaN,NaN
11.2,6,190,15-Jul-2026 03:41:53,15.8,15.6570155276859,12.65067,21.1078,NaN,NaN
11.2,6,190,15-Jul-2026 03:42:08,16,15.855197900884,12.566725,21.153,NaN,NaN
11.2,6,190,15-Jul-2026 03:42:27,16.2,16.0533800816824,12.5239,21.1672,NaN,NaN
11.2,6,190,15-Jul-2026 03:43:07,16.4,16.2515620701089,12.4389181818182,21.1877272727273,NaN,NaN
11.2,6,190,15-Jul-2026 03:44:46,16.6,16.4497438661527,12.14585,21.273,NaN,NaN
11.2,6,190,15-Jul-2026 03:45:24,16.8,16.6479254697964,11.8245909090909,21.3328181818182,NaN,NaN
11.2,6,190,15-Jul-2026 03:45:33,17,16.8461068810614,11.7154615384615,21.3695384615385,NaN,NaN
11.2,6,190,15-Jul-2026 03:45:43,17.2,17.0442880999495,11.6400454545455,21.4029090909091,NaN,NaN
11.2,6,190,15-Jul-2026 03:45:55,17.4,17.2424691264628,11.5607,21.4428,NaN,NaN
11.2,6,190,15-Jul-2026 03:46:42,17.6,17.4406499605967,11.4043416666667,21.5140833333333,NaN,NaN
11.2,6,190,15-Jul-2026 03:50:08,17.8,17.6388306023468,11.2974142857143,21.5556428571429,NaN,NaN
11.2,6,190,15-Jul-2026 03:50:31,18,17.8370110517151,11.0440545454545,21.6167272727273,NaN,NaN
11.2,6,190,15-Jul-2026 03:50:51,18.2,18.0351913087097,10.9368909090909,21.6514545454545,NaN,NaN
11.2,6,190,15-Jul-2026 03:55:32,18.4,18.2333713733455,10.6975,21.7736,NaN,NaN
11.2,6,190,15-Jul-2026 03:55:40,18.6,18.4315512455986,10.5952230769231,21.8243076923077,NaN,NaN
11.2,6,190,15-Jul-2026 03:55:50,18.8,18.629730925471,10.53878,21.8476,NaN,NaN
11.2,6,190,15-Jul-2026 03:56:04,19,18.8279104129773,10.4631,21.8835384615385,NaN,NaN
11.2,6,190,15-Jul-2026 03:56:21,19.2,19.0260897081193,10.35983,21.9384,NaN,NaN
11.2,6,190,15-Jul-2026 03:56:47,19.4,19.2242688108926,10.2432666666667,21.993,NaN,NaN
11.2,6,190,15-Jul-2026 04:00:17,19.6,19.4224477212988,10.2257538461538,21.9991538461538,NaN,NaN
11.2,6,190,15-Jul-2026 04:00:38,19.8,19.6206264393334,10.2192923076923,22.0007692307692,NaN,NaN
11.2,6,190,15-Jul-2026 04:00:43,20,19.8188049650046,10.2053333333333,22.006,NaN,NaN
11.2,6,190,15-Jul-2026 04:00:49,20.2,20.0169832983142,10.1649923076923,22.0224615384615,NaN,NaN
11.2,6,190,15-Jul-2026 04:00:55,20.4,20.215161439264,10.113975,22.0401875,NaN,NaN
11.2,6,190,15-Jul-2026 04:01:01,20.6,20.4133393878363,9.95367692307692,22.1127692307692,NaN,NaN
11.2,6,190,15-Jul-2026 04:01:08,20.8,20.6115171440652,9.92193333333333,22.1161666666667,NaN,NaN
11.2,6,190,15-Jul-2026 04:01:15,21,20.8096947079266,9.80870000000001,22.1686363636364,NaN,NaN
11.2,6,190,15-Jul-2026 04:01:23,21.2,21.0078720794479,9.78272727272727,22.1760909090909,NaN,NaN
11.2,6,190,15-Jul-2026 04:01:32,21.4,21.206049258586,9.70366666666667,22.2105,NaN,NaN
11.2,6,190,15-Jul-2026 04:01:42,21.6,21.4042262453874,9.65059090909091,22.2170909090909,NaN,NaN
11.2,6,190,15-Jul-2026 04:01:54,21.8,21.6024030398282,9.61795454545455,22.2307272727273,NaN,NaN
11.2,6,190,15-Jul-2026 04:02:09,22,21.8005796419164,9.53753333333334,22.2513333333333,NaN,NaN
11.2,6,190,15-Jul-2026 04:02:29,22.2,21.9987560516536,9.44943636363636,22.2794545454545,NaN,NaN
11.2,6,190,15-Jul-2026 04:03:14,22.4,22.1969322690417,9.38011666666667,22.2841666666667,NaN,NaN
11.2,6,190,15-Jul-2026 04:04:06,22.6,22.395108294082,9.30806363636364,22.3102727272727,NaN,NaN
11.2,6,190,15-Jul-2026 04:04:37,22.8,22.5932841267636,9.21602307692308,22.3396153846154,NaN,NaN
11.2,6,190,15-Jul-2026 04:05:03,23,22.7914597671136,9.16282,22.3475,NaN,NaN
11.2,6,190,15-Jul-2026 04:05:34,23.2,22.9896352151015,9.10618,22.3608,NaN,NaN
11.2,6,190,15-Jul-2026 04:05:59,23.4,23.1878104707546,9.02611538461538,22.4053076923077,NaN,NaN
11.2,6,190,15-Jul-2026 04:06:23,23.6,23.3859855340681,8.99505714285714,22.4154285714286,NaN,NaN
11.2,6,190,15-Jul-2026 04:06:45,23.8,23.5841604050242,8.98358461538461,22.4174615384615,NaN,NaN
11.2,6,190,15-Jul-2026 04:07:17,24,23.7823350836502,8.95586,22.4236,NaN,NaN
11.2,6,190,15-Jul-2026 04:08:09,24.2,23.9805095699347,8.82876363636364,22.4752727272727,NaN,NaN
11.2,6,190,15-Jul-2026 04:09:35,24.4,24.1786838638858,8.76474,22.4944,NaN,NaN
11.2,6,190,15-Jul-2026 04:10:20,24.6,24.3768579654856,8.74825,22.4995,NaN,NaN
11.2,6,190,15-Jul-2026 04:10:27,24.8,24.5750318747613,8.7333,22.5060714285714,NaN,NaN
11.2,6,190,15-Jul-2026 04:10:32,25,24.7732055917016,8.72820625,22.50875,NaN,NaN
11.2,6,190,15-Jul-2026 04:10:37,25.2,24.9713791163016,8.71681875,22.511,NaN,NaN
11.2,6,190,15-Jul-2026 04:10:43,25.4,25.169552448569,8.6688,22.5325294117647,NaN,NaN
11.2,6,190,15-Jul-2026 04:10:48,25.6,25.3677255885182,8.64145,22.543,NaN,NaN
11.2,6,190,15-Jul-2026 04:10:53,25.8,25.565898536125,8.6146,22.5518571428571,NaN,NaN
11.2,6,190,15-Jul-2026 04:10:58,26,25.7640712913971,8.5994,22.5568,NaN,NaN
11.2,6,190,15-Jul-2026 04:11:03,26.2,25.9622438543425,8.59315882352941,22.5576470588235,NaN,NaN
11.2,6,190,15-Jul-2026 04:11:09,26.4,26.1604162249753,8.58055,22.564,NaN,NaN
11.2,6,190,15-Jul-2026 04:11:14,26.6,26.3585884032649,8.58304666666667,22.5615333333333,NaN,NaN
11.2,6,190,15-Jul-2026 04:11:19,26.8,26.5567603892446,8.57858461538462,22.5637692307692,NaN,NaN
11.2,6,190,15-Jul-2026 04:11:25,27,26.7549321828902,8.57112857142857,22.5651428571429,NaN,NaN
11.2,6,190,15-Jul-2026 04:11:32,27.2,26.9531037842159,8.57216666666667,22.5623333333333,NaN,NaN
11.2,6,190,15-Jul-2026 04:11:39,27.4,27.1512751932166,8.554,22.572,NaN,NaN
11.2,6,190,15-Jul-2026 04:11:45,27.6,27.3494464099193,8.56273333333333,22.5666666666667,NaN,NaN
11.2,6,190,15-Jul-2026 04:11:52,27.8,27.5476174342867,8.56592666666667,22.564,NaN,NaN
11.2,6,190,15-Jul-2026 04:11:57,28,27.745788266333,8.56515714285714,22.564,NaN,NaN
11.2,6,190,15-Jul-2026 04:12:05,28.2,27.9439589060724,8.5543,22.5681818181818,NaN,NaN
11.2,6,190,15-Jul-2026 04:12:12,28.4,28.1421293534805,8.54964166666667,22.5708333333333,NaN,NaN
11.2,6,190,15-Jul-2026 04:12:21,28.6,28.3402996085904,8.5326,22.576,NaN,NaN
11.2,6,190,15-Jul-2026 04:12:29,28.8,28.5384696713844,8.51863076923077,22.5798461538462,NaN,NaN
11.2,6,190,15-Jul-2026 04:12:39,29,28.7366395418636,8.51729090909091,22.5787272727273,NaN,NaN
11.2,6,190,15-Jul-2026 04:12:49,29.2,28.934809220042,8.51613636363636,22.5774545454545,NaN,NaN
11.2,6,190,15-Jul-2026 04:13:00,29.4,29.1329787058952,8.50465,22.580625,NaN,NaN
11.2,6,190,15-Jul-2026 04:13:14,29.6,29.3311479994501,8.49660909090909,22.5811818181818,NaN,NaN
11.2,6,190,15-Jul-2026 04:13:34,29.8,29.5293171006951,8.48792,22.585,NaN,NaN
11.2,6,190,15-Jul-2026 04:15:00,30,29.7274860096376,8.47743636363636,22.5935454545455,NaN,NaN
11.2,6,190,15-Jul-2026 04:17:16,30.2,29.9256547262789,8.4744,22.597,NaN,NaN
11.2,6,190,15-Jul-2026 04:17:55,30.4,30.1238232506009,8.48105,22.59325,NaN,NaN
11.2,6,190,15-Jul-2026 04:18:31,30.6,30.3219915826432,8.4767,22.5941818181818,NaN,NaN
11.2,6,190,15-Jul-2026 04:19:11,30.8,30.5201597223684,8.46553,22.5993,NaN,NaN
11.2,6,190,15-Jul-2026 04:19:46,31,30.7183276698033,8.46183333333333,22.5998333333333,NaN,NaN
11.2,6,190,15-Jul-2026 04:20:13,31.2,30.9164954249361,8.45192857142857,22.6011428571429,NaN,NaN
11.2,6,190,15-Jul-2026 04:20:22,31.4,31.114662987768,8.43113529411765,22.6142352941176,NaN,NaN
11.2,6,190,15-Jul-2026 04:20:28,31.6,31.3128303583065,8.46069090909091,22.6015454545455,NaN,NaN
11.2,6,190,15-Jul-2026 04:20:32,31.8,31.5109975365525,8.44764444444445,22.6052222222222,NaN,NaN
11.2,6,190,15-Jul-2026 04:20:37,32,31.7091645225008,8.44198461538462,22.6052307692308,NaN,NaN
11.2,6,190,15-Jul-2026 04:20:40,32.2,31.9073313161587,8.43006666666667,22.6097777777778,NaN,NaN
11.2,6,190,15-Jul-2026 04:20:44,32.4,32.1054979175274,8.4174,22.6136666666667,NaN,NaN
11.2,6,190,15-Jul-2026 04:20:48,32.6,32.3036643266078,8.41261,22.6149,NaN,NaN
11.2,6,190,15-Jul-2026 04:20:52,32.8,32.5018305433944,8.41317368421053,22.6125263157895,NaN,NaN
11.2,6,190,15-Jul-2026 04:20:55,33,32.6999965678948,8.41055,22.6135,NaN,NaN
11.2,6,190,15-Jul-2026 04:20:59,33.2,32.8981624001098,8.40688,22.6144,NaN,NaN
11.2,6,190,15-Jul-2026 04:21:03,33.4,33.0963280400341,8.40931428571429,22.6131428571429,NaN,NaN
11.2,6,190,15-Jul-2026 04:21:07,33.6,33.2944934876813,8.40557777777778,22.6141111111111,NaN,NaN
11.2,6,190,15-Jul-2026 04:21:11,33.8,33.4926587430396,8.40329090909091,22.615,NaN,NaN
11.2,6,190,15-Jul-2026 04:21:15,34,33.6908238061228,8.38947222222222,22.6178888888889,NaN,NaN
11.2,6,190,15-Jul-2026 04:21:19,34.2,33.8889886769189,8.37722222222222,22.6187777777778,NaN,NaN
11.2,6,190,15-Jul-2026 04:21:24,34.4,34.0871533554416,8.35961428571429,22.6261428571429,NaN,NaN
11.2,6,190,15-Jul-2026 04:21:28,34.6,34.2853178416727,8.34175714285714,22.6293571428571,NaN,NaN
11.2,6,190,15-Jul-2026 04:21:32,34.8,34.4834821356386,8.329475,22.6309166666667,NaN,NaN
11.2,6,190,15-Jul-2026 04:21:37,35,34.6816462373338,8.33880666666667,22.623,NaN,NaN
11.2,6,190,15-Jul-2026 04:21:42,35.2,34.8798101467398,8.32568181818182,22.6309090909091,NaN,NaN
11.2,6,190,15-Jul-2026 04:21:47,35.4,35.0779738638832,8.30851111111111,22.6377222222222,NaN,NaN
11.2,6,190,15-Jul-2026 04:21:51,35.6,35.276137388752,8.31540625,22.633,NaN,NaN
11.2,6,190,15-Jul-2026 04:21:56,35.8,35.4743007213406,8.32162666666667,22.6292666666667,NaN,NaN
11.2,6,190,15-Jul-2026 04:22:02,36,35.672463861669,8.30676923076923,22.637,NaN,NaN
11.2,6,190,15-Jul-2026 04:22:07,36.2,35.8706268097251,8.2724,22.6416666666667,NaN,NaN
11.2,6,190,15-Jul-2026 04:22:13,36.4,36.0687895655098,8.25460714285714,22.6460714285714,NaN,NaN
11.2,6,190,15-Jul-2026 04:22:19,36.6,36.2669521290302,8.24402,22.653,NaN,NaN
11.2,6,190,15-Jul-2026 04:22:26,36.8,36.4651145002934,8.204775,22.6705,NaN,NaN
11.2,6,190,15-Jul-2026 04:22:32,37,36.6632766792875,8.2075,22.6643076923077,NaN,NaN
11.2,6,190,15-Jul-2026 04:22:39,37.2,36.861438666013,8.21305714285714,22.6617142857143,NaN,NaN
11.2,6,190,15-Jul-2026 04:22:46,37.4,37.05960046049,8.20191176470588,22.6655882352941,NaN,NaN
11.2,6,290,18-Jul-2026 12:41:34,37.04,36.7029090920134,8.1643,22.657,3.22023793390323,0.104875201765484
11.2,6,290,18-Jul-2026 10:41:32,37.07,36.7326333965085,8.0212,22.695,-0.284430574807715,-0.00926365034959507
11.2,6,290,18-Jul-2026 11:41:33,37.07,36.7326333965085,8.1009,22.674,1.08462642995507,0.0353243795223424
11.2,6,290,18-Jul-2026 13:41:35,37.07,36.7326333965085,8.1801,22.652,7.20012050189681,0.234488977384759
11.2,6,290,18-Jul-2026 14:41:37,37.07,36.7326333965085,8.1779,22.651,8.08941231560834,0.263450628510915
11.2,6,290,18-Jul-2026 15:41:38,37.14,36.8019900901901,8.2077,22.646,8.87344199034781,0.288982398485642
11.2,6,290,18-Jul-2026 09:41:31,37.15,36.8118981873573,8.0274,22.692,-0.155652664144874,-0.0050694517023402
11.2,6,290,18-Jul-2026 16:41:39,37.15,36.8118981873573,8.2264,22.644,8.9847676256145,0.292607142277521
11.2,6,290,18-Jul-2026 17:41:40,37.17,36.831714380261,8.2349,22.643,8.89533506437184,0.289694021470076
11.2,6,290,18-Jul-2026 18:41:41,37.17,36.831714380261,8.2351,22.643,9.9016824946262,0.322467767181492
11.2,6,290,18-Jul-2026 21:41:44,37.17,36.831714380261,8.1076,22.669,1.61857488254241,0.0527138786810788
11.2,6,290,18-Jul-2026 20:41:43,37.18,36.8416224759973,8.113,22.667,2.88170554537733,0.0938513553379287
11.2,6,290,18-Jul-2026 22:41:45,37.18,36.8416224759973,8.1085,22.67,1.36727559974769,0.0445296307391839
11.2,6,290,18-Jul-2026 23:41:46,37.19,36.8515305712437,8.0783,22.678,0.133065642733909,0.00433373604170323
11.2,6,290,18-Jul-2026 19:41:42,37.2,36.861438666013,8.1706,22.658,8.12388406147089,0.264574503813924
11.2,6,290,18-Jul-2026 08:41:30,37.23,36.8911629474451,8.126,22.669,2.25874989388419,0.0735630991466687
11.2,6,290,19-Jul-2026 00:41:47,37.24,36.9010710402863,8.1104,22.669,1.20719034991453,0.0393159343160254
11.2,6,290,18-Jul-2026 07:41:29,37.25,36.9109791326632,8.0978,22.676,1.07131135163898,0.0348908295247733
11.2,6,290,19-Jul-2026 01:41:48,37.26,36.9208872245369,8.1337,22.663,1.96732926039986,0.0640717222351657
11.2,6,290,17-Jul-2026 11:41:11,37.29,36.9506114973258,7.9889,22.709,-0.311277740177124,-0.0101381909249144
11.2,6,290,17-Jul-2026 13:41:12,37.29,36.9506114973258,8.0533,22.691,-0.233998191069824,-0.00762106886880528
11.2,6,290,17-Jul-2026 12:41:12,37.3,36.9605195872769,8.0098,22.702,-0.315552952764404,-0.0102773584618368
11.2,6,290,18-Jul-2026 06:41:28,37.3,36.9605195872769,8.1283,22.668,2.15580580533715,0.0702103505594939
11.2,6,290,17-Jul-2026 10:41:10,37.31,36.9704276767633,8.0019,22.706,-0.315498996315389,-0.0102756568740912
11.2,6,290,18-Jul-2026 04:41:26,37.31,36.9704276767633,8.0903,22.682,1.26286186308797,0.0411294430566065
11.2,6,290,18-Jul-2026 00:41:22,37.32,36.9803357657657,8.0577,22.69,-0.251003067288518,-0.00817487712568803
11.2,6,290,18-Jul-2026 03:41:25,37.32,36.9803357657657,8.0938,22.68,0.182613690424849,0.00594744808446254
11.2,6,290,18-Jul-2026 05:41:27,37.32,36.9803357657657,8.1676,22.659,3.73587398240199,0.121668733344772
11.2,6,290,18-Jul-2026 01:41:23,37.33,36.9902438542905,8.0406,22.691,-0.307095417403991,-0.0100017817043789
11.2,6,290,18-Jul-2026 02:41:24,37.33,36.9902438542905,8.059,22.689,-0.30595581278532,-0.00996462848113893
11.2,6,290,19-Jul-2026 02:41:49,37.33,36.9902438542905,8.1456,22.661,2.0025125873211,0.0652174235861856
11.2,6,290,17-Jul-2026 14:41:13,37.35,37.0100600298876,8.0481,22.693,-0.0224104174856368,-0.000729884342795693
11.2,6,290,17-Jul-2026 09:41:09,37.36,37.0199681169727,8.0525,22.694,1.22953549009209,0.0400446477823438
11.2,6,290,17-Jul-2026 15:41:14,37.36,37.0199681169727,8.054,22.691,-0.170663332530292,-0.00555831599705825
11.2,6,290,17-Jul-2026 23:41:22,37.36,37.0199681169727,8.0493,22.691,-0.306287646025698,-0.00997547405583507
11.2,6,290,19-Jul-2026 03:41:50,37.36,37.0199681169727,8.1045,22.672,0.572731944046303,0.0186528811444011
11.2,6,290,17-Jul-2026 22:41:21,37.37,37.0298762035673,8.0352,22.696,-0.317212223057227,-0.0103313271863742
11.2,6,290,19-Jul-2026 11:41:58,37.38,37.0397842896968,8.1193,22.667,-0.072472484088374,-0.00236028885086791
11.2,6,290,16-Jul-2026 10:40:45,37.4,37.05960046049,7.9936,22.716,1.68328942498521,0.054824315743449
11.2,6,290,17-Jul-2026 08:41:08,37.4,37.05960046049,8.1171,22.673,2.92945044355219,0.0954070314229803
11.2,6,290,17-Jul-2026 16:41:15,37.4,37.05960046049,8.0658,22.688,-0.215469044928195,-0.00701756787756575
11.2,6,290,17-Jul-2026 21:41:20,37.4,37.05960046049,8.052,22.692,-0.271443840796282,-0.00884064374200574
11.2,6,290,19-Jul-2026 04:41:51,37.4,37.05960046049,8.0732,22.678,-0.254688395029815,-0.00829482933496683
11.2,6,290,17-Jul-2026 17:41:16,37.41,37.0695085451601,8.0806,22.683,0.167603143153258,0.00545860533393895
11.2,6,290,19-Jul-2026 14:42:01,37.41,37.0695085451601,8.0818,22.675,-0.302665074506174,-0.00985731422469854
11.2,6,290,19-Jul-2026 15:42:02,37.41,37.0695085451601,8.0869,22.675,-0.294607709143519,-0.0095948998793009
11.2,6,290,16-Jul-2026 12:40:47,37.42,37.0794166293585,8.1136,22.677,6.47499518691384,0.210880028561088
11.2,6,290,17-Jul-2026 20:41:19,37.42,37.0794166293585,8.0628,22.689,-0.105816583085415,-0.00344632167171729
11.2,6,290,19-Jul-2026 10:41:57,37.42,37.0794166293585,8.116,22.668,-0.103569529566285,-0.00337306295231987
11.2,6,290,19-Jul-2026 12:41:59,37.42,37.0794166293585,8.1068,22.67,-0.201094171102075,-0.00654927278772631
11.2,6,290,19-Jul-2026 13:42:00,37.42,37.0794166293585,8.1067,22.669,-0.2279650308253,-0.0074244043151908
11.2,6,290,16-Jul-2026 11:40:46,37.43,37.0893247130725,8.0329,22.699,1.4354770337899,0.0467523488780106
11.2,6,290,16-Jul-2026 09:40:44,37.44,37.0992327963084,7.9898,22.714,0.665554659814791,0.0216769535499135
11.2,6,290,17-Jul-2026 18:41:17,37.44,37.0992327963084,8.0753,22.684,-0.0137417497891253,-0.00044755085801238
11.2,6,290,19-Jul-2026 09:41:56,37.44,37.0992327963084,8.1076,22.67,-0.0298556186488957,-0.000972343366360973
11.2,6,290,17-Jul-2026 19:41:18,37.45,37.1091408790597,8.0737,22.685,-0.0595720458381634,-0.00194018316964379
11.2,6,290,15-Jul-2026 09:40:21,37.46,37.1190489613264,7.9595,22.722,3.40605049388118,0.110935306724255
11.2,6,290,16-Jul-2026 08:40:43,37.46,37.1190489613264,7.9629,22.72,-0.100411920698158,-0.00327041911761551
11.2,6,290,16-Jul-2026 13:40:48,37.46,37.1190489613264,8.1041,22.678,4.57509256870058,0.149003568834756
11.2,6,290,17-Jul-2026 07:41:07,37.46,37.1190489613264,8.0463,22.697,-0.216457444101821,-0.0070498502840522
11.2,6,290,19-Jul-2026 08:41:55,37.46,37.1190489613264,8.0854,22.676,-0.0568629252793056,-0.00185193532418085
11.2,6,290,15-Jul-2026 10:40:22,37.47,37.1289570431277,8.0288,22.71,10.4525429915315,0.340434109765923
11.2,6,290,17-Jul-2026 05:41:05,37.47,37.1289570431277,8.0466,22.696,-0.313963060657275,-0.0102254865376179
11.2,6,290,17-Jul-2026 06:41:06,37.47,37.1289570431277,8.0353,22.7,-0.317589561928663,-0.010343629104147
11.2,6,290,19-Jul-2026 05:41:52,37.47,37.1289570431277,8.0908,22.675,-0.257748569948319,-0.00839445731946592
11.2,6,290,19-Jul-2026 06:41:53,37.47,37.1289570431277,8.0834,22.676,-0.145415379592384,-0.00473595474709851
11.2,6,290,19-Jul-2026 07:41:54,37.47,37.1289570431277,8.0983,22.673,0.0640295375473552,0.00208533087514963
11.2,6,290,19-Jul-2026 18:42:04,37.47,37.1289570431277,8.1506,22.657,0.449013433241534,0.0146233154550387
11.2,6,290,15-Jul-2026 11:40:23,37.48,37.138865124438,8.0679,22.697,9.9712906238358,0.324755173314708
11.2,6,290,16-Jul-2026 14:40:49,37.48,37.138865124438,8.1315,22.669,4.42270273613887,0.144039149097301
11.2,6,290,16-Jul-2026 23:40:59,37.48,37.138865124438,8.0746,22.688,2.45063943410757,0.0798141814715135
11.2,6,290,17-Jul-2026 00:41:00,37.48,37.138865124438,8.095,22.68,1.94351863920649,0.0632974459700469
11.2,6,290,17-Jul-2026 01:41:01,37.48,37.138865124438,7.9832,22.712,-0.315424258388251,-0.0102732733698395
11.2,6,290,19-Jul-2026 16:42:02,37.48,37.138865124438,8.0854,22.676,-0.311056645146739,-0.0101306220111987
11.2,6,290,15-Jul-2026 08:40:20,37.49,37.1487732052699,7.9826,22.718,5.89696503819045,0.192063302874847
11.2,6,290,16-Jul-2026 22:40:58,37.49,37.1487732052699,8.062,22.69,-0.0100260681662647,-0.000326542248854169
11.2,6,290,17-Jul-2026 02:41:02,37.49,37.1487732052699,7.9853,22.712,-0.30264050654883,-0.00985691188178885
11.2,6,290,17-Jul-2026 03:41:03,37.49,37.1487732052699,8.0138,22.705,-0.30950010700141,-0.0100802611845173
11.2,6,290,15-Jul-2026 12:40:24,37.5,37.1586812856235,8.0488,22.704,10.5942560251484,0.345046395414609
11.2,6,290,16-Jul-2026 07:40:43,37.5,37.1586812856235,8.0424,22.699,2.75508025134872,0.0897306651243248
11.2,6,290,19-Jul-2026 19:42:04,37.5,37.1586812856235,8.2024,22.648,3.11482804141245,0.101441550172271
11.2,6,290,15-Jul-2026 07:40:19,37.51,37.1685893654859,8.0303,22.708,11.624501816272,0.378603817282865
11.2,6,290,15-Jul-2026 20:40:32,37.51,37.1685893654859,8.0045,22.712,3.13056218533954,0.101961294683179
11.2,6,290,15-Jul-2026 23:40:35,37.51,37.1685893654859,8.0618,22.698,4.40294492390389,0.143399957014991
11.2,6,290,16-Jul-2026 06:40:42,37.51,37.1685893654859,7.9611,22.717,-0.268206163400417,-0.00873547395103549
11.2,6,290,16-Jul-2026 15:40:50,37.51,37.1685893654859,8.1316,22.673,5.70766628913291,0.185888447784389
11.2,6,290,16-Jul-2026 21:40:56,37.51,37.1685893654859,8.0322,22.703,0.218048187157567,0.00710167641623367
11.2,6,290,17-Jul-2026 04:41:04,37.51,37.1685893654859,8.0354,22.699,-0.307072199828241,-0.010001096671114
11.2,6,290,19-Jul-2026 17:42:03,37.51,37.1685893654859,8.0997,22.672,-0.278293629725953,-0.00906355408966024
11.2,6,290,15-Jul-2026 13:40:25,37.52,37.1784974448762,7.9657,22.722,2.17556076482093,0.0708581181424989
11.2,6,290,15-Jul-2026 22:40:34,37.53,37.1884055237945,8.0146,22.708,2.66723588966349,0.0868705479714817
11.2,6,290,16-Jul-2026 05:40:41,37.53,37.1884055237945,8.0287,22.703,1.59661220716455,0.0520006066459286
11.2,6,290,16-Jul-2026 16:40:51,37.53,37.1884055237945,8.0661,22.688,6.66522928228623,0.217078312767183
11.2,6,290,16-Jul-2026 18:40:53,37.53,37.1884055237945,8.0426,22.699,0.961235404589584,0.0313067106189605
11.2,6,290,19-Jul-2026 20:42:05,37.53,37.1884055237945,8.2235,22.648,3.89305707252597,0.126785907498398
11.2,6,290,19-Jul-2026 21:42:06,37.53,37.1884055237945,8.2095,22.647,3.07017361073703,0.0999870699854941
11.2,6,290,15-Jul-2026 14:40:26,37.54,37.1983136022215,7.9742,22.722,2.1099140674102,0.0687199140912617
11.2,6,290,15-Jul-2026 21:40:33,37.54,37.1983136022215,7.9947,22.713,0.710205835777732,0.0231311947244373
11.2,6,290,16-Jul-2026 00:40:36,37.54,37.1983136022215,8.0296,22.704,2.53542453304172,0.0825770705364025
11.2,6,290,16-Jul-2026 19:40:54,37.54,37.1983136022215,8.0508,22.696,0.955138190325692,0.0311079181319737
11.2,6,290,16-Jul-2026 20:40:55,37.54,37.1983136022215,8.1072,22.678,5.89852971456087,0.192105723103752
11.2,6,290,19-Jul-2026 22:42:07,37.55,37.2082216801635,8.2108,22.647,2.99064188336248,0.0973966991689193
11.2,6,290,19-Jul-2026 23:42:08,37.55,37.2082216801635,8.235,22.641,NaN,NaN
11.2,6,290,15-Jul-2026 16:40:28,37.56,37.2181297576332,8.0051,22.714,7.7897999933422,0.253711394540429
11.2,6,290,15-Jul-2026 19:40:31,37.56,37.2181297576332,8.0242,22.711,7.73129602909223,0.251804765681353
11.2,6,290,16-Jul-2026 01:40:37,37.56,37.2181297576332,8.0206,22.705,1.46587251375589,0.047742631995595
11.2,6,290,16-Jul-2026 17:40:52,37.56,37.2181297576332,7.9333,22.724,-0.117504294448067,-0.00382714572245803
11.2,6,290,15-Jul-2026 06:40:13,37.57,37.2280378346116,8.0568,22.702,NaN,NaN
11.2,6,290,15-Jul-2026 18:40:30,37.57,37.2280378346116,8.003,22.716,6.0016484872929,0.195472380072157
11.2,6,290,16-Jul-2026 04:40:40,37.57,37.2280378346116,8.0348,22.701,2.91093555995273,0.0948069961914663
11.2,6,290,15-Jul-2026 15:40:27,37.58,37.2379459111176,8.0319,22.702,8.25915095819736,0.268995231295435
11.2,6,290,15-Jul-2026 17:40:29,37.6,37.2577620626871,8.0095,22.714,5.16114877782423,0.168097112064499
11.2,6,290,16-Jul-2026 02:40:38,37.6,37.2577620626871,7.9933,22.712,-0.062777154967772,-0.00204463335885473
11.2,6,290,16-Jul-2026 03:40:39,37.6,37.2577620626871,8.0275,22.704,1.39957759694326,0.0455833756914912
11.2,6,590,NaT,0,0,NaN,NaN,NaN,NaN
11.2,6,590,NaT,0.2,0.198197575549084,NaN,NaN,NaN,NaN
11.2,6,590,20-Jul-2026 02:06:23,0.4,0.396394958602638,18.9639307692308,18.1762307692308,245.45854931846,7.95062922261861
11.2,6,590,20-Jul-2026 02:06:16,0.6,0.594592149189359,18.9618166666667,18.1780555555556,245.46315632103,7.95080178026662
11.2,6,590,20-Jul-2026 02:06:11,0.8,0.792789147292957,18.96231,18.1787,245.448919768755,7.95035198135141
11.2,6,590,20-Jul-2026 02:06:01,1,0.990985952922833,18.9621933333333,18.1788666666667,245.471602704128,7.95109473909661
11.2,6,590,20-Jul-2026 02:05:54,1.2,1.18918256608195,18.9612538461538,18.178,245.366605589733,7.94769485983923
11.2,6,590,20-Jul-2026 02:05:49,1.4,1.3873789867604,18.9614333333333,18.1775238095238,245.395598945685,7.94862514475226
11.2,6,590,20-Jul-2026 02:05:45,1.6,1.58557521495471,18.96234,18.177,245.403572567409,7.94888251817527
11.2,6,590,20-Jul-2026 02:05:40,1.8,1.78377125068706,18.96324,18.177,245.390526454907,7.94846698010826
11.2,6,590,20-Jul-2026 02:05:36,2,1.98196709394753,18.9640631578947,18.177,245.348688480083,7.9471188403981
11.2,6,590,20-Jul-2026 02:05:31,2.2,2.18016274473901,18.9639,18.177,245.331831520995,7.9465977326845
11.2,6,590,20-Jul-2026 02:05:24,2.4,2.37835820305796,18.96125,18.17775,245.318244337603,7.94616664587797
11.2,6,590,20-Jul-2026 02:05:18,2.6,2.57655346890084,18.9616047619048,18.177,245.235314224784,7.94347804507255
11.2,6,590,20-Jul-2026 02:05:12,2.8,2.7747485422962,18.9626428571429,18.1769285714286,245.13941880458,7.94037443970226
11.2,6,590,20-Jul-2026 02:05:07,3,2.97294342320192,18.9623894736842,18.1767368421053,245.09990100642,7.939113343766
11.2,6,590,20-Jul-2026 02:05:03,3.2,3.1711381116594,18.9611666666667,18.178,245.040395111665,7.93718495587674
11.2,6,590,20-Jul-2026 02:05:00,3.4,3.36933260765859,18.96174,18.1784,245.011317628456,7.93624615515702
11.2,6,590,20-Jul-2026 02:04:56,3.6,3.56752691117663,18.9624181818182,18.178,245.012668556793,7.93629694160685
11.2,6,590,20-Jul-2026 02:04:52,3.8,3.76572102225485,18.96294,18.178,245.01484023162,7.93637134454831
11.2,6,590,20-Jul-2026 02:04:49,4,3.9639149408575,18.9646,18.1770833333333,245.017011906446,7.93644574748978
11.2,6,590,20-Jul-2026 02:04:44,4.2,4.16210866700663,18.9602090909091,18.1791818181818,244.973743426562,7.93508690395441
11.2,6,590,20-Jul-2026 02:04:40,4.4,4.360302200705,18.9550133333333,18.1807333333333,244.987272693302,7.93554008198955
11.2,6,590,20-Jul-2026 02:04:35,4.6,4.55849554193609,18.9539,18.183,244.876994077816,7.93196114173721
11.2,6,590,20-Jul-2026 02:04:30,4.8,4.75668869070905,18.9625352941176,18.1788235294118,244.725028386853,7.92702694092849
11.2,6,590,20-Jul-2026 02:04:25,5,4.95488164703947,18.96225,18.178375,244.655183502637,7.92476959785086
11.2,6,590,20-Jul-2026 02:04:20,5.2,5.15307441091721,18.9594333333333,18.181,244.664422655765,7.92508626272251
11.2,6,590,20-Jul-2026 02:04:15,5.4,5.35126698233855,18.95849375,18.182,244.673661808892,7.92540292759417
11.2,6,590,20-Jul-2026 02:04:07,5.6,5.54945936131259,18.9541615384615,18.1849230769231,244.824202473715,7.93032185917605
11.2,6,590,20-Jul-2026 02:03:53,5.8,5.74765154782918,18.9474857142857,18.1894285714286,244.842326152608,7.9309634425188
11.2,6,590,20-Jul-2026 02:02:53,6,5.94584354191667,18.9148846153846,18.212,244.747722918042,7.92794165007973
11.2,6,590,20-Jul-2026 02:01:58,6.2,6.14403534354558,18.9587923076923,18.1775384615385,244.429266015759,7.91783442653718
11.2,6,590,20-Jul-2026 02:00:16,6.4,6.34222695272499,18.8867142857143,18.2401428571429,244.181059674606,7.91008603530554
11.2,6,590,20-Jul-2026 01:58:28,6.6,6.54041836945752,18.83665,18.2755,244.030061408638,7.90533338133376
11.2,6,590,20-Jul-2026 01:57:53,6.8,6.7386095937522,18.82115,18.2836666666667,242.987360709686,7.87203522213207
11.2,6,590,20-Jul-2026 01:56:06,7,6.93680062561165,18.6339636363636,18.4018181818182,242.25034760851,7.84913377145758
11.2,6,590,20-Jul-2026 01:55:52,7.2,7.1349914650256,18.49132,18.4909333333333,242.44212673546,7.85636626485
11.2,6,590,20-Jul-2026 01:55:38,7.4,7.33318211199662,18.2452857142857,18.6928571428571,242.338350545722,7.85415358360326
11.2,6,590,20-Jul-2026 01:52:56,7.6,7.53137256654014,17.33133,19.3013,238.999843405954,7.75173827402165
11.2,6,590,20-Jul-2026 01:40:21,7.8,7.72956282863301,16.02866,20.0496,226.828701808409,7.36339296952943
11.2,6,590,20-Jul-2026 01:40:11,8,7.92775289829704,15.4043,20.3694545454545,226.899317786173,7.36812380063954
11.2,6,590,20-Jul-2026 01:40:01,8.2,8.12594277552191,15.0910153846154,20.5043076923077,227.258892022899,7.38018024627695
11.2,6,590,20-Jul-2026 01:39:06,8.4,8.32413246031655,15.06904,20.524,226.061880219038,7.34152829654237
11.2,6,590,20-Jul-2026 01:38:12,8.6,8.52232195267705,15.0558923076923,20.5492307692308,224.307793488537,7.28465699122381
11.2,6,590,20-Jul-2026 01:38:02,8.8,8.7205112526059,15.0092833333333,20.5591666666667,223.764118910979,7.26709212746644
11.2,6,590,20-Jul-2026 01:37:54,9,8.91870036010559,15.0251692307692,20.5676153846154,223.521891753379,7.25927306407212
11.2,6,590,20-Jul-2026 01:37:48,9.2,9.11688927518497,15.0492666666667,20.581,223.370210976737,7.25438239926766
11.2,6,590,20-Jul-2026 01:37:42,9.4,9.31507799782726,15.0284,20.5844,223.46646288154,7.25755838393462
11.2,6,590,20-Jul-2026 01:37:03,9.6,9.51326652803489,15.03047,20.5833,222.740233636681,7.23395634354039
11.2,6,590,20-Jul-2026 01:36:21,9.8,9.71145486583598,15.1009,20.599,220.80325981033,7.17107741131651
11.2,6,590,20-Jul-2026 01:35:58,10,9.90964301120082,15.1586090909091,20.6211818181818,219.152651445067,7.11769635567576
11.2,6,590,20-Jul-2026 01:35:45,10.2,10.1078309641511,15.11475,20.6905,218.176671972723,7.0863120433866
11.2,6,590,20-Jul-2026 01:35:31,10.4,10.3060187246635,14.9289,20.838,218.275120665797,7.09049308420042
11.2,6,590,20-Jul-2026 01:34:35,10.6,10.5042062927725,14.85222,20.89,216.127577510772,7.02117541326822
11.2,6,590,20-Jul-2026 01:34:06,10.8,10.7023936684484,14.77185,20.9415,215.473478011895,7.0003547044897
11.2,6,590,20-Jul-2026 01:32:43,11,10.9005808517193,14.7076,20.9873333333333,210.257838277568,6.83115641963912
11.2,6,590,20-Jul-2026 01:32:05,11.2,11.0987678425617,14.6067,21.042,207.056150281074,6.7277781472501
11.2,6,590,20-Jul-2026 01:31:54,11.4,11.2969546410037,14.48885,21.1165,205.946110262485,6.69214098060257
11.2,6,590,20-Jul-2026 01:31:45,11.6,11.4951412470155,14.4277,21.149,205.281566697986,6.670711470071
11.2,6,590,20-Jul-2026 01:31:35,11.8,11.6933276606186,14.397675,21.16125,204.805847738856,6.65535782590117
11.2,6,590,20-Jul-2026 01:31:19,12,11.8915138818154,14.221,21.199,200.707749923211,6.52246685699752
11.2,6,590,20-Jul-2026 01:30:07,12.2,12.0896999105889,14.2116363636364,21.2015454545455,197.483487275767,6.41784471721199
11.2,6,590,20-Jul-2026 01:29:58,12.4,12.2878857469605,14.2055363636364,21.1990909090909,195.38112442432,6.34957233537843
11.2,6,590,20-Jul-2026 01:29:51,12.6,12.4860713909198,14.1758090909091,21.2005454545455,194.479876808008,6.32044509880963
11.2,6,590,20-Jul-2026 01:29:43,12.8,12.6842568424818,13.9772181818182,21.237,194.53167979903,6.32238207867178
11.2,6,590,20-Jul-2026 01:29:36,13,12.8824421016166,13.78324,21.2578,195.314452247664,6.3481025797458
11.2,6,590,20-Jul-2026 01:29:24,13.2,13.0806271683585,13.6873,21.3001538461538,195.337382038228,6.34915724250966
11.2,6,590,20-Jul-2026 01:28:43,13.4,13.278812042697,13.9800384615385,21.4389230769231,193.459412931352,6.28840712398599
11.2,6,590,20-Jul-2026 01:28:23,13.6,13.476996724647,14.06336875,21.4915,191.133503976074,6.21295742074649
11.2,6,590,20-Jul-2026 01:28:11,13.8,13.6751812141786,14.05827,21.4821,189.814645682577,6.17021126689388
11.2,6,590,20-Jul-2026 01:28:03,14,13.8733655113132,14.0825142857143,21.5347142857143,188.809721659896,6.13772930416663
11.2,6,590,20-Jul-2026 01:27:56,14.2,14.0715496160402,14.0693692307692,21.5568461538462,187.574908733449,6.09763555614007
11.2,6,590,20-Jul-2026 01:27:48,14.4,14.269733528381,14.0703,21.55025,186.552984099264,6.06451951092803
11.2,6,590,20-Jul-2026 01:27:43,14.6,14.4679172483184,14.0071,21.588,185.743947757342,6.03838116853051
11.2,6,590,20-Jul-2026 01:27:36,14.8,14.6661007758609,14.0092764705882,21.6155294117647,185.365657267225,6.02634214702187
11.2,6,590,20-Jul-2026 01:27:28,15,14.8642841110043,13.97745,21.6486875,184.978898619588,6.01413997446728
11.2,6,590,20-Jul-2026 01:27:18,15.2,15.0624672537699,13.8407,21.742,184.416235978182,5.99620263358693
11.2,6,590,20-Jul-2026 01:27:08,15.4,15.2606502041341,13.6908,21.8140909090909,183.677669343007,5.97253012438081
11.2,6,590,20-Jul-2026 01:26:58,15.6,15.4588329621054,13.6868,21.8157142857143,182.14532005034,5.92272763721149
11.2,6,590,20-Jul-2026 01:26:50,15.8,15.6570155276859,13.7329,21.8335,180.379875856814,5.8654640176342
11.2,6,590,20-Jul-2026 01:26:39,16,15.855197900884,13.8608090909091,21.8955454545455,178.520000487935,5.80516658397327
11.2,6,590,20-Jul-2026 01:26:31,16.2,16.0533800816824,13.9643,21.946,176.565693943702,5.74183533622871
11.2,6,590,20-Jul-2026 01:26:22,16.4,16.2515620701089,13.5572,21.9969230769231,176.571148858199,5.7425328529883
11.2,6,590,20-Jul-2026 01:26:13,16.6,16.4497438661527,13.3487857142857,21.9971428571429,177.028387076043,5.75750777886427
11.2,6,590,20-Jul-2026 01:26:05,16.8,16.6479254697964,13.2166923076923,21.9719230769231,176.808602794328,5.75036010211975
11.2,6,590,20-Jul-2026 01:25:57,17,16.8461068810614,13.232725,21.97875,176.420233156792,5.73774885194576
11.2,6,590,20-Jul-2026 01:25:49,17.2,17.0442880999495,13.24092,21.985,175.752140614282,5.71607477679046
11.2,6,590,20-Jul-2026 01:25:42,17.4,17.2424691264628,13.25365,22.0015,174.772528523822,5.68430361571934
11.2,6,590,20-Jul-2026 01:25:34,17.6,17.4406499605967,13.2735909090909,22.0265454545455,173.592534434567,5.64603462028423
11.2,6,590,20-Jul-2026 01:25:22,17.8,17.6388306023468,13.2700818181818,22.0420909090909,171.983885602923,5.59376702462316
11.2,6,590,20-Jul-2026 01:25:07,18,17.8370110517151,13.2074,22.0465,170.187181908463,5.53541966686951
11.2,6,590,20-Jul-2026 01:24:53,18.2,18.0351913087097,13.1428285714286,22.049,169.251040805492,5.50506659182916
11.2,6,590,20-Jul-2026 01:24:39,18.4,18.2333713733455,13.0763272727273,22.0634545454545,168.102481386237,5.4678368173212
11.2,6,590,20-Jul-2026 01:24:23,18.6,18.4315512455986,13.0381416666667,22.0681666666667,167.065537700055,5.43414435643372
11.2,6,590,20-Jul-2026 01:24:04,18.8,18.629730925471,12.9593636363636,22.0678181818182,166.104491056074,5.40301122013535
11.2,6,590,20-Jul-2026 01:23:50,19,18.8279104129773,12.9358833333333,22.1435833333333,165.760652542897,5.39213023416128
11.2,6,590,20-Jul-2026 01:23:34,19.2,19.0260897081193,12.8387,22.186,166.22050615827,5.40730640895762
11.2,6,590,20-Jul-2026 01:22:35,19.4,19.2242688108926,12.8758636363636,22.2063636363636,166.14443515886,5.40495081190423
11.2,6,590,20-Jul-2026 01:22:24,19.6,19.4224477212988,12.93046,22.268,165.341901063984,5.37900721453439
11.2,6,590,20-Jul-2026 01:22:11,19.8,19.6206264393334,12.940625,22.313,164.611209528373,5.35537172373305
11.2,6,590,20-Jul-2026 01:20:05,20,19.8188049650046,12.93578,22.3078,150.696281606955,4.90286649335278
11.2,6,590,20-Jul-2026 01:18:29,20.2,20.0169832983142,12.8501181818182,22.3138181818182,129.349792504494,4.20837858035662
11.2,6,590,20-Jul-2026 01:16:10,20.4,20.215161439264,12.16655,22.2945,91.9400163918551,2.99163442604925
11.2,6,590,20-Jul-2026 01:15:53,20.6,20.4133393878363,11.9845333333333,22.2913333333333,86.7760360104722,2.82366084239487
11.2,6,590,20-Jul-2026 01:15:45,20.8,20.6115171440652,11.929,22.304,79.449371324583,2.58531425031198
11.2,6,590,20-Jul-2026 01:15:37,21,20.8096947079266,11.9723125,22.331,71.2483220809817,2.31850958499668
11.2,6,590,20-Jul-2026 01:15:32,21.2,21.0078720794479,12.0072857142857,22.3531428571429,64.0245260567709,2.083606631326
11.2,6,590,20-Jul-2026 01:15:26,21.4,21.206049258586,11.975,22.5230714285714,56.2854929014255,1.83191336283449
11.2,6,590,20-Jul-2026 01:15:20,21.6,21.4042262453874,11.8966941176471,22.5349411764706,49.5378305821133,1.61234096701599
11.2,6,590,20-Jul-2026 01:15:16,21.8,21.6024030398282,11.9449368421053,22.5432631578947,43.9857297025653,1.43166653513985
11.2,6,590,20-Jul-2026 01:15:12,22,21.8005796419164,11.8999833333333,22.5635,39.9085665971481,1.2990425464614
11.2,6,590,20-Jul-2026 01:15:08,22.2,21.9987560516536,11.6414307692308,22.6162307692308,37.3063412658619,1.21446900098063
11.2,6,590,20-Jul-2026 01:15:05,22.4,22.1969322690417,10.8511090909091,22.7088181818182,35.1433385927597,1.14411572917205
11.2,6,590,20-Jul-2026 01:15:01,22.6,22.395108294082,10.2888,22.53,33.4195585778417,1.08798273103567
11.2,6,590,20-Jul-2026 01:14:58,22.8,22.5932841267636,9.9954,22.5220769230769,32.0795429663806,1.04435926574347
11.2,6,590,20-Jul-2026 01:14:55,23,22.7914597671136,9.96597142857143,22.499,30.7395273549195,1.00073580045127
11.2,6,590,20-Jul-2026 01:14:52,23.2,22.9896352151015,9.83212307692308,22.5394615384615,29.930388438562,0.974443150827707
11.2,6,590,20-Jul-2026 01:14:49,23.4,23.1878104707546,9.467025,22.5459166666667,29.1212495222045,0.948150501204141
11.2,6,590,20-Jul-2026 01:14:46,23.6,23.3859855340681,9.12222307692308,22.5139230769231,28.419872836445,0.925303116534322
11.2,6,590,20-Jul-2026 01:14:43,23.8,23.5841604050242,9.01168235294118,22.4834117647059,27.7184961506856,0.902455731864504
11.2,6,590,20-Jul-2026 01:14:41,24,23.7823350836502,8.9855,22.477,26.8014200076859,0.872601034836109
11.2,6,590,20-Jul-2026 01:14:38,24.2,23.9805095699347,8.96686923076923,22.4799230769231,25.8843438646862,0.842746337807715
11.2,6,590,20-Jul-2026 01:14:35,24.4,24.1786838638858,8.94962142857143,22.4800714285714,25.0372646554113,0.815158659891779
11.2,6,590,20-Jul-2026 01:14:32,24.6,24.3768579654856,8.97762777777778,22.4811111111111,24.1901854461364,0.787570981975845
11.2,6,590,20-Jul-2026 01:14:30,24.8,24.5750318747613,9.05980588235294,22.4938235294118,23.3638429543686,0.760673626802299
11.2,6,590,20-Jul-2026 01:14:27,25,24.7732055917016,9.07416666666667,22.5416666666667,22.558237180108,0.734466594371141
11.2,6,590,20-Jul-2026 01:14:25,25.2,24.9713791163016,9.00541875,22.5334375,21.7526314058473,0.708259561939985
11.2,6,590,20-Jul-2026 01:14:22,25.4,25.169552448569,8.95976666666667,22.516,20.8608348183931,0.679223033795541
11.2,6,590,20-Jul-2026 01:14:20,25.6,25.3677255885182,8.97805789473684,22.5270526315789,19.9690382309389,0.650186505651097
11.2,6,590,20-Jul-2026 01:14:17,25.8,25.565898536125,9.02862352941176,22.5276470588235,19.0682859710865,0.620863923652826
11.2,6,590,20-Jul-2026 01:14:15,26,25.7640712913971,8.996225,22.56475,18.1585780388358,0.591255287800727
11.2,6,590,20-Jul-2026 01:14:12,26.2,25.9622438543425,8.87397368421053,22.5582631578947,17.4204680777387,0.567226945394646
11.2,6,590,20-Jul-2026 01:14:10,26.4,26.1604162249753,8.83045294117647,22.5445294117647,16.8539560877949,0.548778896434584
11.2,6,590,20-Jul-2026 01:14:08,26.6,26.3585884032649,8.82317142857143,22.5455238095238,16.2989316130395,0.530711234700298
11.2,6,590,20-Jul-2026 01:14:06,26.8,26.5567603892446,8.78202222222222,22.5582222222222,15.770775628146,0.513519092686325
11.2,6,590,20-Jul-2026 01:14:04,27,26.7549321828902,8.72193,22.5493,15.2580006179261,0.496822083166888
11.2,6,590,20-Jul-2026 01:14:02,27.2,26.9531037842159,8.68571176470588,22.5415882352941,14.7452256077062,0.480125073647452
11.2,6,590,20-Jul-2026 01:14:00,27.4,27.1512751932166,8.64576842105263,22.5427894736842,14.1162362988643,0.459645227226646
11.2,6,590,20-Jul-2026 01:13:57,27.6,27.3494464099193,8.62278888888889,22.547,13.3710326914004,0.435382543904472
11.2,6,590,20-Jul-2026 01:13:55,27.8,27.5476174342867,8.62544,22.5476,12.7265257452266,0.41439548296921
11.2,6,590,20-Jul-2026 01:13:53,28,27.745788266333,8.66415789473684,22.5366315789474,12.1382891498742,0.395245862814859
11.2,6,590,20-Jul-2026 01:13:51,28.2,27.9439589060724,8.74792173913043,22.5480869565217,11.5500525545218,0.376096242660509
11.2,6,590,20-Jul-2026 01:13:49,28.4,28.1421293534805,8.78506666666667,22.582,10.9618159591694,0.356946622506158
11.2,6,590,20-Jul-2026 01:13:47,28.6,28.3402996085904,8.76446666666667,22.5986666666667,10.5600292090157,0.343866275041021
11.2,6,590,20-Jul-2026 01:13:45,28.8,28.5384696713844,8.72875555555556,22.599,10.158242458862,0.330785927575884
11.2,6,590,20-Jul-2026 01:13:43,29,28.7366395418636,8.59311428571429,22.615,9.82848743396692,0.320056646224497
11.2,6,590,20-Jul-2026 01:13:41,29.2,28.934809220042,8.4988,22.596,9.46772174056367,0.30830768170612
11.2,6,590,20-Jul-2026 01:13:39,29.4,29.1329787058952,8.46088571428571,22.5922857142857,9.10695604716041,0.296558717187744
11.2,6,590,20-Jul-2026 01:13:37,29.6,29.3311479994501,8.44430526315789,22.594,8.74619035375715,0.284809752669367
11.2,6,590,20-Jul-2026 01:13:35,29.8,29.5293171006951,8.430925,22.59775,8.38356982637129,0.273002369365437
11.2,6,590,20-Jul-2026 01:13:33,30,29.7274860096376,8.41076315789474,22.6021578947368,8.02094929898542,0.261194986061507
11.2,6,590,20-Jul-2026 01:13:31,30.2,29.9256547262789,8.39931052631579,22.6021578947368,7.65832877159956,0.249387602757578
11.2,6,590,20-Jul-2026 01:13:29,30.4,30.1238232506009,8.397745,22.60115,7.34106893427881,0.239056456981724
11.2,6,590,20-Jul-2026 01:13:27,30.6,30.3219915826432,8.39668,22.601,7.02380909695806,0.228725311205871
11.2,6,590,20-Jul-2026 01:13:25,30.8,30.5201597223684,8.39757368421053,22.6001052631579,6.7065492596373,0.218394165430018
11.2,6,590,20-Jul-2026 01:13:22,31,30.7183276698033,8.3919,22.6025555555556,6.3810802631954,0.207796732509019
11.2,6,590,20-Jul-2026 01:13:20,31.2,30.9164954249361,8.37621578947368,22.6072105263158,6.1597596457,0.200590367964598
11.2,6,590,20-Jul-2026 01:13:18,31.4,31.114662987768,8.36403888888889,22.6082777777778,6.0425874071511,0.196775071796757
11.2,6,590,20-Jul-2026 01:13:16,31.6,31.3128303583065,8.35986666666667,22.609,5.74521399915193,0.187091529148919
11.2,6,590,20-Jul-2026 01:13:14,31.8,31.5109975365525,8.35742857142857,22.6095714285714,5.40103955432995,0.175884040641514
11.2,6,590,20-Jul-2026 01:13:12,32,31.7091645225008,8.35253125,22.611625,5.21284055934429,0.169756093199686
11.2,6,590,20-Jul-2026 01:13:10,32.2,31.9073313161587,8.34477142857143,22.6142857142857,5.04721688156748,0.164363386203005
11.2,6,590,20-Jul-2026 01:13:08,32.4,32.1054979175274,8.33215789473684,22.6189473684211,4.88159320379066,0.158970679206323
11.2,6,590,20-Jul-2026 01:13:06,32.6,32.3036643266078,8.311785,22.6194,4.74593502454861,0.154553667503467
11.2,6,590,20-Jul-2026 01:13:04,32.8,32.5018305433944,8.29663636363636,22.6203181818182,4.6402423438413,0.151112351094434
11.2,6,590,20-Jul-2026 01:13:02,33,32.6999965678948,8.28703684210526,22.6291052631579,4.534549663134,0.147671034685402
11.2,6,590,20-Jul-2026 01:13:00,33.2,32.8981624001098,8.2778,22.6313333333333,4.4326454327457,0.144352882874917
11.2,6,590,20-Jul-2026 01:12:58,33.4,33.0963280400341,8.27324,22.6322,4.3345296526764,0.141157895662978
11.2,6,590,20-Jul-2026 01:12:56,33.6,33.2944934876813,8.27157142857143,22.633,4.23872207220603,0.138038016907444
11.2,6,590,20-Jul-2026 01:12:54,33.8,33.4926587430396,8.27048,22.63315,4.14638664460046,0.135031172784841
11.2,6,590,20-Jul-2026 01:12:52,34,33.6908238061228,8.26972857142857,22.634,4.05521517026075,0.132062254838766
11.2,6,590,20-Jul-2026 01:12:50,34.2,33.8889886769189,8.26911904761905,22.6340952380952,3.96742464244654,0.129203459826862
11.2,6,590,20-Jul-2026 01:12:48,34.4,34.0871533554416,8.26732380952381,22.635,3.88707579408781,0.126586975888203
11.2,6,590,20-Jul-2026 01:12:47,34.6,34.2853178416727,8.2658,22.635,3.81078767865905,0.124102680088615
11.2,6,590,20-Jul-2026 01:12:45,34.8,34.4834821356386,8.26498181818182,22.635,3.73449956323029,0.121618384289028
11.2,6,590,20-Jul-2026 01:12:43,35,34.6816462373338,8.26387142857143,22.635,3.63704527273552,0.118444778458906
11.2,6,590,20-Jul-2026 01:12:41,35.2,34.8798101467398,8.26361904761905,22.635,3.5471277583447,0.115516605941911
11.2,6,590,20-Jul-2026 01:12:39,35.4,35.0779738638832,8.26250526315789,22.635,3.45721024395387,0.112588433424916
11.2,6,590,20-Jul-2026 01:12:37,35.6,35.276137388752,8.26162,22.635,3.36729272956305,0.10966026090792
11.2,6,590,20-Jul-2026 01:12:35,35.8,35.4743007213406,8.26051578947368,22.6358947368421,3.30536918288647,0.107643803437968
11.2,6,590,20-Jul-2026 01:12:33,36,35.672463861669,8.25914,22.636,3.24344563620988,0.105627345968017
11.2,6,590,20-Jul-2026 01:12:31,36.2,35.8706268097251,8.2577,22.636,3.1815220895333,0.103610888498065
11.2,6,590,20-Jul-2026 01:12:28,36.4,36.0687895655098,8.25251111111111,22.6381666666667,3.1391464500943,0.102231170567158
11.2,6,590,20-Jul-2026 01:12:26,36.6,36.2669521290302,8.23816470588235,22.6413529411765,3.09677081065529,0.100851452636252
11.2,6,590,20-Jul-2026 01:12:24,36.8,36.4651145002934,8.23335,22.64225,3.060658504987,0.099675458158224
11.2,6,590,20-Jul-2026 01:12:21,37,36.6632766792875,8.23244615384615,22.641,3.03080953308943,0.0987031871330736
11.2,6,590,20-Jul-2026 01:12:18,37.2,36.861438666013,8.23023809523809,22.6422380952381,2.85514294872068,0.0929825029143189
11.2,6,590,20-Jul-2026 01:01:40,37.4,37.05960046049,8.22784444444444,22.6427777777778,2.53365875188074,0.0825134055019592
11.2,6,700,20-Jul-2026 02:17:21,-0.19,-0.188287875056399,17.8705,18.353,259.016259685857,8.39670616783276
11.2,6,700,20-Jul-2026 02:17:31,-0.1,-0.0990988599548819,17.8523,18.372,259.908386172657,8.42616894441097
11.2,6,700,20-Jul-2026 02:17:01,-0.06,-0.0594593102007508,17.8508,18.409,255.889086118505,8.29549710478597
11.2,6,700,20-Jul-2026 02:17:41,-0.06,-0.0594593102007508,17.4816,18.527,259.282337001216,8.40636287030697
11.2,6,700,20-Jul-2026 02:17:11,-0.05,-0.0495494239616365,17.8595,18.361,257.633490172515,8.35166524419592
11.2,6,700,20-Jul-2026 02:16:41,-0.01,-0.00990988382980743,17.3392,18.632,260.890275906908,8.43683897744688
11.2,6,700,20-Jul-2026 02:17:51,0.01,0.00990988334653659,17.4169,18.529,258.793344553871,8.39083965859104
11.2,6,700,20-Jul-2026 02:18:21,0.01,0.00990988334653659,17.4442,18.493,NaN,NaN
11.2,6,700,20-Jul-2026 02:16:31,0.02,0.0198197662161875,17.0065,4.734,NaN,NaN
11.2,6,700,20-Jul-2026 02:18:11,0.02,0.0198197662161875,17.513,18.48,253.08714026332,8.2047213116983
11.2,6,700,20-Jul-2026 02:16:51,0.05,0.0495494119248564,16.991,18.778,254.815298512233,8.26160434344847
11.2,6,700,20-Jul-2026 02:18:01,0.08,0.0792790533207813,17.2455,18.602,250.312564478648,8.1146059636158
12.2,7,190,20-Jul-2026 02:35:43,0,0,17.6059,2.33775,NaN,NaN
12.2,7,190,20-Jul-2026 02:39:48,0.2,0.198197575549084,18.2222916666667,17.4510833333333,NaN,NaN
12.2,7,190,20-Jul-2026 02:44:37,0.4,0.396394958602638,18.9279333333333,18.1466666666667,NaN,NaN
12.2,7,190,20-Jul-2026 02:46:24,0.6,0.594592149189359,18.9247666666667,18.1638333333333,NaN,NaN
12.2,7,190,20-Jul-2026 02:47:57,0.8,0.792789147292957,18.9267428571429,18.1687142857143,NaN,NaN
12.2,7,190,20-Jul-2026 02:48:12,1,0.990985952922833,18.9251625,18.169,NaN,NaN
12.2,7,190,20-Jul-2026 02:48:18,1.2,1.18918256608195,18.92265,18.1695,NaN,NaN
12.2,7,190,20-Jul-2026 02:48:40,1.4,1.3873789867604,18.9189263157895,18.1714736842105,NaN,NaN
12.2,7,190,20-Jul-2026 02:48:52,1.6,1.58557521495471,18.9174,18.172,NaN,NaN
12.2,7,190,20-Jul-2026 02:50:26,1.8,1.78377125068706,18.9218578947368,18.1731052631579,NaN,NaN
12.2,7,190,20-Jul-2026 02:52:45,2,1.98196709394753,18.92443125,18.1756875,NaN,NaN
12.2,7,190,20-Jul-2026 02:56:28,2.2,2.18016274473901,18.9225181818182,18.1756363636364,NaN,NaN
12.2,7,190,20-Jul-2026 02:57:06,2.4,2.37835820305796,18.9233923076923,18.1751538461538,NaN,NaN
12.2,7,190,20-Jul-2026 02:58:26,2.6,2.57655346890084,18.9243545454545,18.1751818181818,NaN,NaN
12.2,7,190,20-Jul-2026 03:01:59,2.8,2.7747485422962,18.9245538461538,18.174,NaN,NaN
12.2,7,190,20-Jul-2026 03:02:09,3,2.97294342320192,18.9245928571429,18.1749285714286,NaN,NaN
12.2,7,190,20-Jul-2026 03:02:21,3.2,3.1711381116594,18.9246,18.175,NaN,NaN
12.2,7,190,20-Jul-2026 03:02:30,3.4,3.36933260765859,18.9232923076923,18.1757692307692,NaN,NaN
12.2,7,190,20-Jul-2026 03:02:36,3.6,3.56752691117663,18.9245214285714,18.176,NaN,NaN
12.2,7,190,20-Jul-2026 03:02:43,3.8,3.76572102225485,18.9248,18.176,NaN,NaN
12.2,7,190,20-Jul-2026 03:02:50,4,3.9639149408575,18.924975,18.1760833333333,NaN,NaN
12.2,7,190,20-Jul-2026 03:02:56,4.2,4.16210866700663,18.9241214285714,18.177,NaN,NaN
12.2,7,190,20-Jul-2026 03:03:02,4.4,4.360302200705,18.9243,18.178,NaN,NaN
12.2,7,190,20-Jul-2026 03:03:12,4.6,4.55849554193609,18.9239727272727,18.178,NaN,NaN
12.2,7,190,20-Jul-2026 03:03:26,4.8,4.75668869070905,18.9242571428571,18.179,NaN,NaN
12.2,7,190,20-Jul-2026 03:03:43,5,4.95488164703947,18.9249666666667,18.179,NaN,NaN
12.2,7,190,20-Jul-2026 03:04:00,5.2,5.15307441091721,18.92284,18.179,NaN,NaN
12.2,7,190,20-Jul-2026 03:04:23,5.4,5.35126698233855,18.9212272727273,18.179,NaN,NaN
12.2,7,190,20-Jul-2026 03:04:42,5.6,5.54945936131259,18.901,18.1943076923077,NaN,NaN
12.2,7,190,20-Jul-2026 03:05:03,5.8,5.74765154782918,18.87272,18.2179333333333,NaN,NaN
12.2,7,190,20-Jul-2026 03:11:19,6,5.94584354191667,18.8675,18.21,NaN,NaN
12.2,7,190,20-Jul-2026 03:19:14,6.2,6.14403534354558,18.87826,18.1968,NaN,NaN
12.2,7,190,20-Jul-2026 03:20:02,6.4,6.34222695272499,18.7406,18.302,NaN,NaN
12.2,7,190,20-Jul-2026 03:21:44,6.6,6.54041836945752,18.7827,18.2753636363636,NaN,NaN
12.2,7,190,20-Jul-2026 03:23:57,6.8,6.7386095937522,18.7558461538462,18.2921538461538,NaN,NaN
12.2,7,190,20-Jul-2026 03:24:44,7,6.93680062561165,18.6455666666667,18.3716666666667,NaN,NaN
12.2,7,190,20-Jul-2026 03:26:30,7.2,7.1349914650256,18.3878833333333,18.5483333333333,NaN,NaN
12.2,7,190,20-Jul-2026 03:27:43,7.4,7.33318211199662,17.874625,18.91375,NaN,NaN
12.2,7,190,20-Jul-2026 03:29:13,7.6,7.53137256654014,16.5803909090909,19.7208181818182,NaN,NaN
12.2,7,190,20-Jul-2026 03:30:44,7.8,7.72956282863301,15.5790636363636,20.2945454545455,NaN,NaN
12.2,7,190,20-Jul-2026 03:33:53,8,7.92775289829704,15.5093090909091,20.3375454545455,NaN,NaN
12.2,7,190,20-Jul-2026 03:34:26,8.2,8.12594277552191,15.3172,20.476,NaN,NaN
12.2,7,190,20-Jul-2026 03:35:26,8.4,8.32413246031655,15.04412,20.6072,NaN,NaN
12.2,7,190,20-Jul-2026 03:36:55,8.6,8.52232195267705,15.00172,20.6272,NaN,NaN
12.2,7,190,20-Jul-2026 03:39:19,8.8,8.7205112526059,14.88909,20.6701,NaN,NaN
12.2,7,190,20-Jul-2026 03:39:30,9,8.91870036010559,14.8527733333333,20.7041333333333,NaN,NaN
12.2,7,190,20-Jul-2026 03:39:40,9.2,9.11688927518497,14.84665,20.73625,NaN,NaN
12.2,7,190,20-Jul-2026 03:39:55,9.4,9.31507799782726,14.9003090909091,20.7897272727273,NaN,NaN
12.2,7,190,20-Jul-2026 03:43:40,9.6,9.51326652803489,14.8312333333333,20.857,NaN,NaN
12.2,7,190,20-Jul-2026 03:44:30,9.8,9.71145486583598,14.7594384615385,20.9304615384615,NaN,NaN
12.2,7,190,20-Jul-2026 03:44:39,10,9.90964301120082,14.72111,20.9688,NaN,NaN
12.2,7,190,20-Jul-2026 03:44:51,10.2,10.1078309641511,14.69435,20.9873,NaN,NaN
12.2,7,190,20-Jul-2026 03:45:11,10.4,10.3060187246635,14.63901,21.0242,NaN,NaN
12.2,7,190,20-Jul-2026 03:45:31,10.6,10.5042062927725,14.5881,21.05775,NaN,NaN
12.2,7,190,20-Jul-2026 03:45:50,10.8,10.7023936684484,14.5510666666667,21.081,NaN,NaN
12.2,7,190,20-Jul-2026 03:46:24,11,10.9005808517193,14.4253,21.1739090909091,NaN,NaN
12.2,7,190,20-Jul-2026 03:47:07,11.2,11.0987678425617,14.31505,21.22425,NaN,NaN
12.2,7,190,20-Jul-2026 03:47:50,11.4,11.2969546410037,14.2846727272727,21.2199090909091,NaN,NaN
12.2,7,190,20-Jul-2026 03:49:00,11.6,11.4951412470155,14.1926,21.22,NaN,NaN
12.2,7,190,20-Jul-2026 03:49:16,11.8,11.6933276606186,14.03286,21.2818,NaN,NaN
12.2,7,190,20-Jul-2026 03:49:23,12,11.8915138818154,13.8511705882353,21.3408823529412,NaN,NaN
12.2,7,190,20-Jul-2026 03:49:31,12.2,12.0896999105889,13.7649875,21.365375,NaN,NaN
12.2,7,190,20-Jul-2026 03:49:38,12.4,12.2878857469605,13.6934666666667,21.4042666666667,NaN,NaN
12.2,7,190,20-Jul-2026 03:49:46,12.6,12.4860713909198,13.6722,21.4495,NaN,NaN
12.2,7,190,20-Jul-2026 03:49:57,12.8,12.6842568424818,13.9097454545455,21.5445454545455,NaN,NaN
12.2,7,190,20-Jul-2026 03:50:08,13,12.8824421016166,13.98663,21.5701,NaN,NaN
12.2,7,190,20-Jul-2026 03:50:24,13.2,13.0806271683585,14.0169,21.574,NaN,NaN
12.2,7,190,20-Jul-2026 03:50:42,13.4,13.278812042697,14.0132,21.586,NaN,NaN
12.2,7,190,20-Jul-2026 03:51:05,13.6,13.476996724647,13.9979,21.6040909090909,NaN,NaN
12.2,7,190,20-Jul-2026 03:51:33,13.8,13.6751812141786,13.9946,21.607,NaN,NaN
12.2,7,190,20-Jul-2026 03:53:54,14,13.8733655113132,13.9693230769231,21.6278461538461,NaN,NaN
12.2,7,190,20-Jul-2026 03:54:23,14.2,14.0715496160402,13.9627,21.6316666666667,NaN,NaN
12.2,7,190,20-Jul-2026 03:54:30,14.4,14.269733528381,13.9524,21.635,NaN,NaN
12.2,7,190,20-Jul-2026 03:54:36,14.6,14.4679172483184,13.9074071428571,21.6610714285714,NaN,NaN
12.2,7,190,20-Jul-2026 03:54:42,14.8,14.6661007758609,13.8855833333333,21.6821666666667,NaN,NaN
12.2,7,190,20-Jul-2026 03:54:49,15,14.8642841110043,13.8517352941176,21.7159411764706,NaN,NaN
12.2,7,190,20-Jul-2026 03:54:56,15.2,15.0624672537699,13.8207,21.7489333333333,NaN,NaN
12.2,7,190,20-Jul-2026 03:55:05,15.4,15.2606502041341,13.8472,21.7875,NaN,NaN
12.2,7,190,20-Jul-2026 03:55:14,15.6,15.4588329621054,13.8736636363636,21.8111818181818,NaN,NaN
12.2,7,190,20-Jul-2026 03:55:25,15.8,15.6570155276859,13.8918,21.8413333333333,NaN,NaN
12.2,7,190,20-Jul-2026 03:55:39,16,15.855197900884,13.9492818181818,21.9656363636364,NaN,NaN
12.2,7,190,20-Jul-2026 03:55:58,16.2,16.0533800816824,13.98227,22.044,NaN,NaN
12.2,7,190,20-Jul-2026 03:56:25,16.4,16.2515620701089,13.9153727272727,22.1257272727273,NaN,NaN
12.2,7,190,20-Jul-2026 03:56:53,16.6,16.4497438661527,13.6794363636364,22.102,NaN,NaN
12.2,7,190,20-Jul-2026 03:57:20,16.8,16.6479254697964,13.6024923076923,22.1004615384615,NaN,NaN
12.2,7,190,20-Jul-2026 03:57:38,17,16.8461068810614,13.7927909090909,22.1568181818182,NaN,NaN
12.2,7,190,20-Jul-2026 03:57:59,17.2,17.0442880999495,13.8858,22.2101818181818,NaN,NaN
12.2,7,190,20-Jul-2026 03:58:26,17.4,17.2424691264628,14.0058,22.247,NaN,NaN
12.2,7,190,20-Jul-2026 03:58:40,17.6,17.4406499605967,13.9425,22.2215384615385,NaN,NaN
12.2,7,190,20-Jul-2026 03:58:54,17.8,17.6388306023468,13.8724333333333,22.2266666666667,NaN,NaN
12.2,7,190,20-Jul-2026 03:59:03,18,17.8370110517151,13.9362230769231,22.2496923076923,NaN,NaN
12.2,7,190,20-Jul-2026 03:59:14,18.2,18.0351913087097,13.9523727272727,22.2603636363636,NaN,NaN
12.2,7,190,20-Jul-2026 03:59:25,18.4,18.2333713733455,13.98645,22.25075,NaN,NaN
12.2,7,190,20-Jul-2026 03:59:35,18.6,18.4315512455986,13.7989083333333,22.237,NaN,NaN
12.2,7,190,20-Jul-2026 03:59:44,18.8,18.629730925471,13.5379846153846,22.1964615384615,NaN,NaN
12.2,7,190,20-Jul-2026 03:59:56,19,18.8279104129773,13.0492583333333,22.2055833333333,NaN,NaN
12.2,7,190,20-Jul-2026 04:00:11,19.2,19.0260897081193,12.9997,22.2385,NaN,NaN
12.2,7,190,20-Jul-2026 04:00:26,19.4,19.2242688108926,12.9113909090909,22.2415454545455,NaN,NaN
12.2,7,190,20-Jul-2026 04:00:42,19.6,19.4224477212988,12.837275,22.2378333333333,NaN,NaN
12.2,7,190,20-Jul-2026 04:00:59,19.8,19.6206264393334,12.846975,22.23975,NaN,NaN
12.2,7,190,20-Jul-2026 04:01:24,20,19.8188049650046,12.81764,22.228,NaN,NaN
12.2,7,190,20-Jul-2026 04:02:43,20.2,20.0169832983142,12.7701,22.2195,NaN,NaN
12.2,7,190,20-Jul-2026 04:04:10,20.4,20.215161439264,12.7165857142857,22.2165714285714,NaN,NaN
12.2,7,190,20-Jul-2026 04:04:18,20.6,20.4133393878363,12.6511,22.186,NaN,NaN
12.2,7,190,20-Jul-2026 04:04:26,20.8,20.6115171440652,12.4566,22.177,NaN,NaN
12.2,7,190,20-Jul-2026 04:04:34,21,20.8096947079266,11.9800416666667,22.2415,NaN,NaN
12.2,7,190,20-Jul-2026 04:04:41,21.2,21.0078720794479,11.9426181818182,22.2895454545455,NaN,NaN
12.2,7,190,20-Jul-2026 04:04:50,21.4,21.206049258586,11.5434375,22.2824375,NaN,NaN
12.2,7,190,20-Jul-2026 04:05:06,21.6,21.4042262453874,11.3998,22.2636153846154,NaN,NaN
12.2,7,190,20-Jul-2026 04:06:05,21.8,21.6024030398282,11.7476818181818,22.4544545454545,NaN,NaN
12.2,7,190,20-Jul-2026 04:08:24,22,21.8005796419164,11.9926,22.593,NaN,NaN
12.2,7,190,20-Jul-2026 04:09:15,22.2,21.9987560516536,12.1600285714286,22.6272857142857,NaN,NaN
12.2,7,190,20-Jul-2026 04:09:20,22.4,22.1969322690417,11.879725,22.595375,NaN,NaN
12.2,7,190,20-Jul-2026 04:09:28,22.6,22.395108294082,11.3991454545455,22.5868181818182,NaN,NaN
12.2,7,190,20-Jul-2026 04:09:34,22.8,22.5932841267636,11.2205153846154,22.5695384615385,NaN,NaN
12.2,7,190,20-Jul-2026 04:09:41,23,22.7914597671136,11.0232,22.5882,NaN,NaN
12.2,7,190,20-Jul-2026 04:09:49,23.2,22.9896352151015,10.9396153846154,22.589,NaN,NaN
12.2,7,190,20-Jul-2026 04:10:01,23.4,23.1878104707546,10.90085,22.589,NaN,NaN
12.2,7,190,20-Jul-2026 04:10:18,23.6,23.3859855340681,10.92244,22.6196,NaN,NaN
12.2,7,190,20-Jul-2026 04:11:56,23.8,23.5841604050242,10.8736333333333,22.6446666666667,NaN,NaN
12.2,7,190,20-Jul-2026 04:14:25,24,23.7823350836502,10.90902,22.6192,NaN,NaN
12.2,7,190,20-Jul-2026 04:14:29,24.2,23.9805095699347,10.8977611111111,22.6403888888889,NaN,NaN
12.2,7,190,20-Jul-2026 04:14:33,24.4,24.1786838638858,10.87925,22.6748888888889,NaN,NaN
12.2,7,190,20-Jul-2026 04:14:38,24.6,24.3768579654856,10.86672,22.7024,NaN,NaN
12.2,7,190,20-Jul-2026 04:14:43,24.8,24.5750318747613,10.8505777777778,22.7035555555556,NaN,NaN
12.2,7,190,20-Jul-2026 04:14:47,25,24.7732055917016,10.8412210526316,22.6989473684211,NaN,NaN
12.2,7,190,20-Jul-2026 04:14:52,25.2,24.9713791163016,10.8296076923077,22.6940769230769,NaN,NaN
12.2,7,190,20-Jul-2026 04:14:57,25.4,25.169552448569,10.6305,22.7036153846154,NaN,NaN
12.2,7,190,20-Jul-2026 04:15:02,25.6,25.3677255885182,10.48702,22.6888,NaN,NaN
12.2,7,190,20-Jul-2026 04:15:07,25.8,25.565898536125,10.1686384615385,22.7535384615385,NaN,NaN
12.2,7,190,20-Jul-2026 04:15:13,26,25.7640712913971,10.03016,22.6654,NaN,NaN
12.2,7,190,20-Jul-2026 04:15:19,26.2,25.9622438543425,9.81463636363637,22.669,NaN,NaN
12.2,7,190,20-Jul-2026 04:15:26,26.4,26.1604162249753,9.6339,22.684,NaN,NaN
12.2,7,190,20-Jul-2026 04:15:32,26.6,26.3585884032649,9.51027272727273,22.6472727272727,NaN,NaN
12.2,7,190,20-Jul-2026 04:15:39,26.8,26.5567603892446,9.4078,22.6103529411765,NaN,NaN
12.2,7,190,20-Jul-2026 04:15:47,27,26.7549321828902,9.26398181818182,22.6029090909091,NaN,NaN
12.2,7,190,20-Jul-2026 04:15:55,27.2,26.9531037842159,9.23576666666667,22.628,NaN,NaN
12.2,7,190,20-Jul-2026 04:16:04,27.4,27.1512751932166,8.953375,22.5708333333333,NaN,NaN
12.2,7,190,20-Jul-2026 04:16:13,27.6,27.3494464099193,8.77602142857143,22.6103571428571,NaN,NaN
12.2,7,190,20-Jul-2026 04:16:22,27.8,27.5476174342867,8.77454285714286,22.5762857142857,NaN,NaN
12.2,7,190,20-Jul-2026 04:16:32,28,27.745788266333,8.7773,22.549,NaN,NaN
12.2,7,190,20-Jul-2026 04:16:42,28.2,27.9439589060724,8.77846666666666,22.5643333333333,NaN,NaN
12.2,7,190,20-Jul-2026 04:16:51,28.4,28.1421293534805,8.794625,22.5645,NaN,NaN
12.2,7,190,20-Jul-2026 04:17:00,28.6,28.3402996085904,8.88744,22.5258,NaN,NaN
12.2,7,190,20-Jul-2026 04:17:11,28.8,28.5384696713844,8.77357272727273,22.5794545454545,NaN,NaN
12.2,7,190,20-Jul-2026 04:17:21,29,28.7366395418636,8.78685,22.5686428571429,NaN,NaN
12.2,7,190,20-Jul-2026 04:17:31,29.2,28.934809220042,8.72075714285714,22.5917142857143,NaN,NaN
12.2,7,190,20-Jul-2026 04:17:42,29.4,29.1329787058952,8.73518333333333,22.5846666666667,NaN,NaN
12.2,7,190,20-Jul-2026 04:17:53,29.6,29.3311479994501,8.74776666666667,22.5683333333333,NaN,NaN
12.2,7,190,20-Jul-2026 04:18:06,29.8,29.5293171006951,8.6734,22.5926428571429,NaN,NaN
12.2,7,190,20-Jul-2026 04:18:17,30,29.7274860096376,8.5722,22.5999166666667,NaN,NaN
12.2,7,190,20-Jul-2026 04:18:30,30.2,29.9256547262789,8.51682,22.6069333333333,NaN,NaN
12.2,7,190,20-Jul-2026 04:18:44,30.4,30.1238232506009,8.50537272727273,22.6009090909091,NaN,NaN
12.2,7,190,20-Jul-2026 04:18:58,30.6,30.3219915826432,8.4709125,22.61,NaN,NaN
12.2,7,190,20-Jul-2026 04:19:12,30.8,30.5201597223684,8.46608461538461,22.602,NaN,NaN
12.2,7,190,20-Jul-2026 04:19:29,31,30.7183276698033,8.47651818181818,22.5974545454545,NaN,NaN
12.2,7,190,20-Jul-2026 04:19:46,31.2,30.9164954249361,8.45062,22.595,NaN,NaN
12.2,7,190,20-Jul-2026 04:19:59,31.4,31.114662987768,8.44554,22.5992,NaN,NaN
12.2,7,190,20-Jul-2026 04:20:16,31.6,31.3128303583065,8.44635454545455,22.5951818181818,NaN,NaN
12.2,7,190,20-Jul-2026 04:20:27,31.8,31.5109975365525,8.42531428571429,22.6019285714286,NaN,NaN
12.2,7,190,20-Jul-2026 04:20:40,32,31.7091645225008,8.4027,22.6175,NaN,NaN
12.2,7,190,20-Jul-2026 04:20:54,32.2,31.9073313161587,8.41813636363636,22.6070909090909,NaN,NaN
12.2,7,190,20-Jul-2026 04:21:03,32.4,32.1054979175274,8.40773571428571,22.6066428571429,NaN,NaN
12.2,7,190,20-Jul-2026 04:21:15,32.6,32.3036643266078,8.3712,22.6231818181818,NaN,NaN
12.2,7,190,20-Jul-2026 04:21:26,32.8,32.5018305433944,8.35943076923077,22.622,NaN,NaN
12.2,7,190,20-Jul-2026 04:21:36,33,32.6999965678948,8.34270909090909,22.6249090909091,NaN,NaN
12.2,7,190,20-Jul-2026 04:21:46,33.2,32.8981624001098,8.32269166666667,22.6281666666667,NaN,NaN
12.2,7,190,20-Jul-2026 04:21:56,33.4,33.0963280400341,8.3111,22.631,NaN,NaN
12.2,7,190,20-Jul-2026 04:22:05,33.6,33.2944934876813,8.31291428571429,22.6272857142857,NaN,NaN
12.2,7,190,20-Jul-2026 04:22:14,33.8,33.4926587430396,8.3114125,22.62625,NaN,NaN
12.2,7,190,20-Jul-2026 04:22:24,34,33.6908238061228,8.30352857142857,22.6292857142857,NaN,NaN
12.2,7,190,20-Jul-2026 04:22:33,34.2,33.8889886769189,8.30283076923077,22.628,NaN,NaN
12.2,7,190,20-Jul-2026 04:22:43,34.4,34.0871533554416,8.30284,22.6278,NaN,NaN
12.2,7,190,20-Jul-2026 04:22:53,34.6,34.2853178416727,8.30392727272727,22.6272727272727,NaN,NaN
12.2,7,190,20-Jul-2026 04:23:04,34.8,34.4834821356386,8.3018,22.628,NaN,NaN
12.2,7,190,20-Jul-2026 04:23:17,35,34.6816462373338,8.29965,22.6286428571429,NaN,NaN
12.2,7,190,20-Jul-2026 04:23:34,35.2,34.8798101467398,8.29853333333333,22.629,NaN,NaN
12.2,7,190,20-Jul-2026 04:23:55,35.4,35.0779738638832,8.297,22.629,NaN,NaN
12.2,7,190,20-Jul-2026 04:26:17,35.6,35.276137388752,8.293,22.6297272727273,NaN,NaN
12.2,7,190,20-Jul-2026 04:29:12,35.8,35.4743007213406,8.28884615384615,22.6300769230769,NaN,NaN
12.2,7,190,20-Jul-2026 04:29:18,36,35.672463861669,8.28111428571428,22.6321428571429,NaN,NaN
12.2,7,190,20-Jul-2026 04:29:24,36.2,35.8706268097251,8.268325,22.6350833333333,NaN,NaN
12.2,7,190,20-Jul-2026 04:29:28,36.4,36.0687895655098,8.26195625,22.6376875,NaN,NaN
12.2,7,190,20-Jul-2026 04:29:32,36.6,36.2669521290302,8.25323157894737,22.6403684210526,NaN,NaN
12.2,7,190,20-Jul-2026 04:29:36,36.8,36.4651145002934,8.2452125,22.6411875,NaN,NaN
12.2,7,190,20-Jul-2026 04:29:41,37,36.6632766792875,8.24339166666667,22.6425833333333,NaN,NaN
12.2,7,190,20-Jul-2026 04:29:46,37.2,36.861438666013,8.2262,22.65,NaN,NaN
12.2,7,190,20-Jul-2026 04:29:52,37.4,37.05960046049,8.22254,22.6432,NaN,NaN
12.2,7,290,22-Jul-2026 15:40:05,37,36.6632766792875,8.692,22.597,15.6151132897694,0.50849028235752
12.2,7,290,22-Jul-2026 08:39:59,37.01,36.6731847831851,8.7703,22.597,24.1914565515571,0.787761008468221
12.2,7,290,22-Jul-2026 14:40:04,37.01,36.6731847831851,8.6971,22.597,17.5226046606525,0.570605736663303
12.2,7,290,22-Jul-2026 17:40:07,37.01,36.6731847831851,8.5828,22.606,12.5939899253999,0.410117909540009
12.2,7,290,22-Jul-2026 06:39:57,37.04,36.7029090920134,8.7756,22.594,23.6691268733605,0.770750385728701
12.2,7,290,22-Jul-2026 07:39:58,37.04,36.7029090920134,8.7476,22.596,23.4907843516562,0.764947905656844
12.2,7,290,22-Jul-2026 11:40:02,37.04,36.7029090920134,8.5453,22.609,15.1746221355573,0.494159162426215
12.2,7,290,22-Jul-2026 13:40:03,37.04,36.7029090920134,8.6717,22.601,17.2442898485683,0.561545087028773
12.2,7,290,22-Jul-2026 16:40:06,37.04,36.7029090920134,8.5859,22.605,11.0425472359167,0.359595530466414
12.2,7,290,22-Jul-2026 12:40:03,37.05,36.7128171939862,8.6592,22.602,16.2455399121631,0.529023450907981
12.2,7,290,22-Jul-2026 04:39:55,37.06,36.7227252954952,8.6449,22.6,13.5378764984749,0.440850328158771
12.2,7,290,22-Jul-2026 05:39:56,37.06,36.7227252954952,8.6912,22.594,14.9311918114149,0.486217833788664
12.2,7,290,22-Jul-2026 09:40:00,37.07,36.7326333965085,8.8096,22.595,26.0368126964363,0.847849101956865
12.2,7,290,22-Jul-2026 10:40:01,37.07,36.7326333965085,8.7345,22.599,23.6386794794581,0.769762954420314
12.2,7,290,22-Jul-2026 18:40:08,37.07,36.7326333965085,8.5175,22.602,7.74637668461229,0.252258883635931
12.2,7,290,24-Jul-2026 06:40:44,37.09,36.7524495970988,8.6613,22.602,6.59161849089092,0.214650667829431
12.2,7,290,22-Jul-2026 19:40:09,37.1,36.7623576966886,8.5246,22.598,7.06605576408903,0.230103714117398
12.2,7,290,24-Jul-2026 07:40:46,37.11,36.7722657957824,8.6941,22.6,8.09130176185053,0.263485343811695
12.2,7,290,24-Jul-2026 08:40:46,37.11,36.7722657957824,8.7205,22.598,8.57971637464904,0.279388637567674
12.2,7,290,22-Jul-2026 03:39:54,37.12,36.7821738943929,8.5285,22.603,9.05662102277005,0.294927334900001
12.2,7,290,24-Jul-2026 05:40:43,37.12,36.7821738943929,8.7061,22.604,9.8985478115837,0.322336764715372
12.2,7,290,21-Jul-2026 17:39:45,37.14,36.8019900901901,8.5875,22.616,10.1594538810188,0.330841333765342
12.2,7,290,21-Jul-2026 18:39:46,37.15,36.8118981873573,8.6474,22.611,13.4682011932583,0.43858588489117
12.2,7,290,22-Jul-2026 20:40:10,37.15,36.8118981873573,8.4917,22.601,5.78189158782072,0.188286535601961
12.2,7,290,24-Jul-2026 18:40:56,37.15,36.8118981873573,8.8116,22.589,3.93158242450255,0.128025111694466
12.2,7,290,24-Jul-2026 04:40:42,37.16,36.8218062840477,8.6601,22.605,6.64361586990913,0.216344748380382
12.2,7,290,24-Jul-2026 19:40:57,37.16,36.8218062840477,8.8146,22.588,6.49959294669325,0.211647732550733
12.2,7,290,22-Jul-2026 02:39:53,37.17,36.831714380261,8.5227,22.605,11.6079438872383,0.378010936607678
12.2,7,290,24-Jul-2026 09:40:47,37.17,36.831714380261,8.6918,22.601,2.81466092433394,0.0916566431687965
12.2,7,290,24-Jul-2026 17:40:55,37.17,36.831714380261,8.8234,22.587,8.23161044408768,0.268047649964073
12.2,7,290,24-Jul-2026 20:40:58,37.17,36.831714380261,8.8235,22.588,9.21261803172315,0.29999224202679
12.2,7,290,21-Jul-2026 16:39:44,37.19,36.8515305712437,8.4677,22.613,7.84895312491385,0.255603101371359
12.2,7,290,22-Jul-2026 21:40:11,37.19,36.8515305712437,8.5053,22.6,7.92472706043008,0.258067027957347
12.2,7,290,21-Jul-2026 19:39:47,37.2,36.861438666013,8.6447,22.609,16.2257481673541,0.528382929346836
12.2,7,290,24-Jul-2026 21:40:59,37.2,36.861438666013,8.81,22.59,15.7516963033617,0.512926852499449
12.2,7,290,21-Jul-2026 15:39:43,37.21,36.8713467603052,8.4136,22.617,3.62375162161961,0.118009653640006
12.2,7,290,23-Jul-2026 17:40:31,37.21,36.8713467603052,8.6157,22.597,4.26288274291904,0.138817958242874
12.2,7,290,24-Jul-2026 10:40:48,37.21,36.8713467603052,8.6966,22.599,1.8384880048282,0.059868543075813
12.2,7,290,24-Jul-2026 16:40:54,37.22,36.8812548541138,8.8339,22.594,4.01813595458799,0.130844115154532
12.2,7,290,24-Jul-2026 22:41:00,37.22,36.8812548541138,8.8367,22.59,12.3857709032868,0.403320502497926
12.2,7,290,22-Jul-2026 22:40:12,37.23,36.8911629474451,8.678,22.597,17.3317032585859,0.564390515952088
12.2,7,290,21-Jul-2026 20:39:48,37.24,36.9010710402863,8.6674,22.615,13.1884427194634,0.429475593798074
12.2,7,290,24-Jul-2026 03:40:41,37.24,36.9010710402863,8.6286,22.602,6.01579282737144,0.195900557407168
12.2,7,290,21-Jul-2026 14:39:42,37.25,36.9109791326632,8.3931,22.618,2.97533207964303,0.0968938071341936
12.2,7,290,22-Jul-2026 01:39:52,37.25,36.9109791326632,8.4902,22.61,9.60856140058818,0.312903841093055
12.2,7,290,22-Jul-2026 23:40:13,37.25,36.9109791326632,8.6094,22.601,13.0331014457524,0.424415618832354
12.2,7,290,23-Jul-2026 16:40:31,37.25,36.9109791326632,8.5955,22.601,5.38115169996093,0.175234376084113
12.2,7,290,24-Jul-2026 23:41:02,37.25,36.9109791326632,8.817,22.592,NaN,NaN
12.2,7,290,21-Jul-2026 21:39:48,37.26,36.9208872245369,8.5067,22.612,11.6786185208722,0.380316088108594
12.2,7,290,21-Jul-2026 22:39:49,37.26,36.9208872245369,8.4265,22.617,6.79669315743069,0.221337320499515
12.2,7,290,21-Jul-2026 23:39:50,37.26,36.9208872245369,8.5226,22.619,8.63003191214866,0.281038806367683
12.2,7,290,22-Jul-2026 00:39:51,37.26,36.9208872245369,8.548,22.618,8.14657669254366,0.265294130073553
12.2,7,290,23-Jul-2026 18:40:32,37.26,36.9208872245369,8.6085,22.599,2.83590196694546,0.0923494073073796
12.2,7,290,24-Jul-2026 11:40:49,37.26,36.9208872245369,8.7359,22.598,3.35159949065509,0.109140903058367
12.2,7,290,23-Jul-2026 19:40:33,37.27,36.9307953159526,8.6079,22.6,4.20499913460578,0.13693332044155
12.2,7,290,24-Jul-2026 14:40:52,37.27,36.9307953159526,8.7151,22.604,0.719493844967252,0.0234296299141054
12.2,7,290,24-Jul-2026 15:40:53,37.27,36.9307953159526,8.7305,22.596,1.6257266864277,0.0529397753807065
12.2,7,290,21-Jul-2026 13:39:42,37.28,36.9407034068779,8.3545,22.62,4.80559578885955,0.156498659907028
12.2,7,290,24-Jul-2026 12:40:50,37.28,36.9407034068779,8.7389,22.597,3.45334799369511,0.112454143357675
12.2,7,290,23-Jul-2026 00:40:14,37.29,36.9506114973258,8.5251,22.602,7.08231708155547,0.230634161397838
12.2,7,290,23-Jul-2026 02:40:16,37.29,36.9506114973258,8.4712,22.608,1.32165544340068,0.0430398931582164
12.2,7,290,23-Jul-2026 15:40:30,37.29,36.9506114973258,8.6818,22.598,8.88655642713531,0.289382165330661
12.2,7,290,23-Jul-2026 20:40:34,37.29,36.9506114973258,8.6125,22.6,3.48493371211506,0.113484817850484
12.2,7,290,23-Jul-2026 01:40:15,37.3,36.9605195872769,8.4804,22.608,2.67827988068679,0.087218446862534
12.2,7,290,24-Jul-2026 02:40:40,37.3,36.9605195872769,8.5788,22.604,2.46240110236274,0.0801871654167447
12.2,7,290,24-Jul-2026 13:40:51,37.31,36.9704276767633,8.692,22.602,1.11491205384281,0.0363059744250519
12.2,7,290,23-Jul-2026 03:40:17,37.32,36.9803357657657,8.4958,22.608,1.93697885775408,0.0630778449381049
12.2,7,290,23-Jul-2026 14:40:29,37.32,36.9803357657657,8.6851,22.601,11.1619767213328,0.363479977202016
12.2,7,290,21-Jul-2026 12:39:41,37.33,36.9902438542905,8.3326,22.624,3.3512626244914,0.109137607818742
12.2,7,290,23-Jul-2026 21:40:35,37.33,36.9902438542905,8.6092,22.601,3.78711988517763,0.123325480036436
12.2,7,290,23-Jul-2026 13:40:28,37.35,37.0100600298876,8.6836,22.604,9.70250713367009,0.315954746737647
12.2,7,290,23-Jul-2026 22:40:36,37.35,37.0100600298876,8.5906,22.6,2.52763690062419,0.0823111544422024
12.2,7,290,24-Jul-2026 01:40:39,37.35,37.0100600298876,8.5872,22.606,4.91846731960879,0.160168201725388
12.2,7,290,20-Jul-2026 14:39:19,37.36,37.0199681169727,8.3217,22.623,9.93742570036375,0.32362312294921
12.2,7,290,21-Jul-2026 11:39:40,37.36,37.0199681169727,8.3,22.627,2.31550400219929,0.0754074214512023
12.2,7,290,23-Jul-2026 04:40:19,37.36,37.0199681169727,8.5212,22.604,5.07225722954401,0.165177322210826
12.2,7,290,23-Jul-2026 05:40:20,37.36,37.0199681169727,8.5026,22.611,1.90891804845212,0.0621641146069748
12.2,7,290,23-Jul-2026 23:40:37,37.36,37.0199681169727,8.5677,22.604,1.17165100572135,0.0381544486331918
12.2,7,290,24-Jul-2026 00:40:38,37.36,37.0199681169727,8.563,22.605,2.5752443706074,0.083861990047673
12.2,7,290,20-Jul-2026 13:39:18,37.37,37.0298762035673,8.3497,22.618,10.6828904291279,0.347897810283471
12.2,7,290,23-Jul-2026 12:40:27,37.37,37.0298762035673,8.679,22.607,7.25341476954672,0.236202459363753
12.2,7,290,20-Jul-2026 12:39:17,37.38,37.0397842896968,8.3633,22.614,10.7429611256386,0.349852564631006
12.2,7,290,20-Jul-2026 10:39:15,37.4,37.05960046049,8.3319,22.62,9.24167615341008,0.300964956639817
12.2,7,290,23-Jul-2026 06:40:21,37.4,37.05960046049,8.5226,22.609,2.27253648899638,0.0740051329996164
12.2,7,290,20-Jul-2026 11:39:16,37.41,37.0695085451601,8.3525,22.616,9.72715486981627,0.316773091390536
12.2,7,290,21-Jul-2026 10:39:39,37.41,37.0695085451601,8.2923,22.627,1.99909171547772,0.0651032319655421
12.2,7,290,20-Jul-2026 07:39:12,37.42,37.0794166293585,8.0995,22.672,-0.277960568248703,-0.00905268652318582
12.2,7,290,20-Jul-2026 09:39:14,37.42,37.0794166293585,8.2713,22.628,3.86605758137789,0.125904004936078
12.2,7,290,20-Jul-2026 06:39:06,37.43,37.0893247130725,8.1451,22.66,NaN,NaN
12.2,7,290,20-Jul-2026 08:39:13,37.43,37.0893247130725,8.2104,22.646,0.968805751663949,0.0315512497049056
12.2,7,290,20-Jul-2026 15:39:20,37.43,37.0893247130725,8.3172,22.624,7.98974241933072,0.26019564424602
12.2,7,290,23-Jul-2026 11:40:26,37.43,37.0893247130725,8.6491,22.607,2.28096888127784,0.0742784861739739
12.2,7,290,23-Jul-2026 08:40:23,37.44,37.0992327963084,8.5601,22.606,2.23666162631864,0.0728364204131476
12.2,7,290,23-Jul-2026 10:40:25,37.44,37.0992327963084,8.6406,22.608,3.49942508136643,0.1139569421731
12.2,7,290,20-Jul-2026 16:39:21,37.45,37.1091408790597,8.336,22.624,9.66295796400779,0.314685164120072
12.2,7,290,21-Jul-2026 09:39:37,37.45,37.1091408790597,8.2921,22.627,1.55984885626841,0.0507986720387825
12.2,7,290,23-Jul-2026 07:40:22,37.46,37.1190489613264,8.5359,22.608,1.35084451865183,0.0439901484659363
12.2,7,290,23-Jul-2026 09:40:24,37.48,37.138865124438,8.6107,22.606,2.81483407032485,0.0916639132031712
12.2,7,290,20-Jul-2026 17:39:22,37.5,37.1586812856235,8.342,22.621,11.5772892994207,0.377026381544729
12.2,7,290,21-Jul-2026 08:39:36,37.51,37.1685893654859,8.2848,22.628,3.32219980549592,0.108192375912763
12.2,7,290,21-Jul-2026 02:39:30,37.52,37.1784974448762,8.1892,22.648,0.384361014315825,0.0125176006216676
12.2,7,290,21-Jul-2026 01:39:29,37.53,37.1884055237945,8.3012,22.629,5.20498791506,0.169507670441238
12.2,7,290,21-Jul-2026 04:39:32,37.53,37.1884055237945,8.241,22.637,1.08017223482607,0.0351778289574205
12.2,7,290,21-Jul-2026 07:39:35,37.53,37.1884055237945,8.2516,22.635,0.854471034812709,0.0278273655745326
12.2,7,290,20-Jul-2026 18:39:23,37.54,37.1983136022215,8.3252,22.624,9.8774970766933,0.321672419820879
12.2,7,290,21-Jul-2026 03:39:31,37.54,37.1983136022215,8.1967,22.645,-0.120920337974222,-0.00393804165480727
12.2,7,290,21-Jul-2026 05:39:33,37.54,37.1983136022215,8.2204,22.64,0.262417798905581,0.0085461661484366
12.2,7,290,21-Jul-2026 06:39:34,37.55,37.2082216801635,8.2314,22.639,0.896717338223889,0.0292033207533231
12.2,7,290,20-Jul-2026 23:39:27,37.57,37.2280378346116,8.3361,22.626,6.77904790426137,0.220767526516527
12.2,7,290,20-Jul-2026 22:39:26,37.58,37.2379459111176,8.3065,22.629,5.71912640896606,0.186251306000981
12.2,7,290,21-Jul-2026 00:39:28,37.58,37.2379459111176,8.4014,22.617,10.0193003127197,0.326285463345485
12.2,7,290,20-Jul-2026 19:39:23,37.59,37.247853987145,8.2937,22.631,6.51740300078014,0.212248880435196
12.2,7,290,20-Jul-2026 20:39:24,37.6,37.2577620626871,8.2979,22.631,3.71348311184008,0.120935077322144
12.2,7,290,20-Jul-2026 21:39:25,37.62,37.2775782123349,8.3074,22.629,6.04579179986892,0.196889713327065
12.2,7,590,NaT,0,0,NaN,NaN,NaN,NaN
12.2,7,590,NaT,0.2,0.198197575549084,NaN,NaN,NaN,NaN
12.2,7,590,NaT,0.4,0.396394958602638,NaN,NaN,NaN,NaN
12.2,7,590,NaT,0.6,0.594592149189359,NaN,NaN,NaN,NaN
12.2,7,590,NaT,0.8,0.792789147292957,NaN,NaN,NaN,NaN
12.2,7,590,NaT,1,0.990985952922833,NaN,NaN,NaN,NaN
12.2,7,590,NaT,1.2,1.18918256608195,NaN,NaN,NaN,NaN
12.2,7,590,NaT,1.4,1.3873789867604,NaN,NaN,NaN,NaN
12.2,7,590,NaT,1.6,1.58557521495471,NaN,NaN,NaN,NaN
12.2,7,590,NaT,1.8,1.78377125068706,NaN,NaN,NaN,NaN
12.2,7,590,NaT,2,1.98196709394753,NaN,NaN,NaN,NaN
12.2,7,590,NaT,2.2,2.18016274473901,NaN,NaN,NaN,NaN
12.2,7,590,NaT,2.4,2.37835820305796,NaN,NaN,NaN,NaN
12.2,7,590,NaT,2.6,2.57655346890084,NaN,NaN,NaN,NaN
12.2,7,590,NaT,2.8,2.7747485422962,NaN,NaN,NaN,NaN
12.2,7,590,NaT,3,2.97294342320192,NaN,NaN,NaN,NaN
12.2,7,590,NaT,3.2,3.1711381116594,NaN,NaN,NaN,NaN
12.2,7,590,25-Jul-2026 01:36:54,3.4,3.36933260765859,17.3839,20.4143,244.911756411335,7.94900518873402
12.2,7,590,25-Jul-2026 01:36:00,3.6,3.56752691117663,17.3876727272727,20.4110909090909,244.536264655915,7.93681445723799
12.2,7,590,25-Jul-2026 01:35:34,3.8,3.76572102225485,17.389975,20.4095833333333,244.482019902939,7.93505695413979
12.2,7,590,25-Jul-2026 01:35:00,4,3.9639149408575,17.3833909090909,20.4141818181818,244.225487886428,7.92678710891879
12.2,7,590,25-Jul-2026 01:34:26,4.2,4.16210866700663,17.3739,20.4245,243.617585699118,7.90712053489808
12.2,7,590,25-Jul-2026 01:34:10,4.4,4.360302200705,17.37373,20.4259,243.511511492779,7.9036905993194
12.2,7,590,25-Jul-2026 01:33:57,4.6,4.55849554193609,17.378,20.42,243.505930885639,7.90346535720258
12.2,7,590,25-Jul-2026 01:33:37,4.8,4.75668869070905,17.3847,20.4123333333333,243.31241983521,7.89716952938223
12.2,7,590,25-Jul-2026 01:33:18,5,4.95488164703947,17.3810727272727,20.4162727272727,243.290552693471,7.89647473033112
12.2,7,590,25-Jul-2026 01:33:02,5.2,5.15307441091721,17.379825,20.4170833333333,243.18728848179,7.8931841250147
12.2,7,590,25-Jul-2026 01:32:51,5.4,5.35126698233855,17.3702363636364,20.4298181818182,243.025189911439,7.88798041395794
12.2,7,590,25-Jul-2026 01:32:41,5.6,5.54945936131259,17.3722571428571,20.429,242.885654052356,7.88345940342615
12.2,7,590,25-Jul-2026 01:32:33,5.8,5.74765154782918,17.3764,20.4224545454545,242.736078500326,7.87858698727122
12.2,7,590,25-Jul-2026 01:32:26,6,5.94584354191667,17.3710333333333,20.4278333333333,242.350475196371,7.86610775509596
12.2,7,590,25-Jul-2026 01:32:20,6.2,6.14403534354558,17.3709,20.4291764705882,241.996079441951,7.85464630156547
12.2,7,590,25-Jul-2026 01:32:15,6.4,6.34222695272499,17.3734846153846,20.4283076923077,241.636435753968,7.84297218526633
12.2,7,590,25-Jul-2026 01:32:11,6.6,6.54041836945752,17.373,20.43,241.158675067053,7.82749015050391
12.2,7,590,25-Jul-2026 01:32:05,6.8,6.7386095937522,17.3634,20.438,240.672995282042,7.81178454219143
12.2,7,590,25-Jul-2026 01:32:02,7,6.93680062561165,17.3573928571429,20.4444285714286,240.297513397864,7.79966327879216
12.2,7,590,25-Jul-2026 01:31:57,7.2,7.1349914650256,17.3416,20.4692857142857,239.803662686019,7.78377774392991
12.2,7,590,25-Jul-2026 01:31:52,7.4,7.33318211199662,17.3423,20.4666,239.270406355929,7.76646111684726
12.2,7,590,25-Jul-2026 01:31:47,7.6,7.53137256654014,17.3479,20.458,238.599888461488,7.74466884017295
12.2,7,590,25-Jul-2026 01:31:41,7.8,7.72956282863301,17.33906,20.4688,238.15135427397,7.73015539773086
12.2,7,590,25-Jul-2026 01:31:31,8,7.92775289829704,17.33875,20.47325,237.417288605843,7.70634775262383
12.2,7,590,25-Jul-2026 01:31:19,8.2,8.12594277552191,17.343,20.4666153846154,236.249170065848,7.66842077098275
12.2,7,590,25-Jul-2026 01:31:07,8.4,8.32413246031655,17.3443933333333,20.4642666666667,235.342667697494,7.63900187535574
12.2,7,590,25-Jul-2026 01:30:58,8.6,8.52232195267705,17.34202,20.4674,234.846302892042,7.62291619961188
12.2,7,590,25-Jul-2026 01:30:50,8.8,8.7205112526059,17.34,20.468,234.138738167119,7.59996451400028
12.2,7,590,25-Jul-2026 01:30:43,9,8.91870036010559,17.3264615384615,20.4790769230769,233.592491364232,7.58233672045815
12.2,7,590,25-Jul-2026 01:30:36,9.2,9.11688927518497,17.3257846153846,20.4794615384615,233.311563764699,7.57322886755043
12.2,7,590,25-Jul-2026 01:30:29,9.4,9.31507799782726,17.3114882352941,20.4871764705882,233.031649473253,7.5642328557898
12.2,7,590,25-Jul-2026 01:30:23,9.6,9.51326652803489,17.30184,20.491,232.780739017845,7.55609055883181
12.2,7,590,25-Jul-2026 01:30:17,9.8,9.71145486583598,17.3069176470588,20.4874705882353,232.579998292636,7.54960539243565
12.2,7,590,25-Jul-2026 01:30:11,10,9.90964301120082,17.2774,20.502,232.40758835527,7.54407231914149
12.2,7,590,25-Jul-2026 01:30:04,10.2,10.1078309641511,17.26794,20.5058,232.213339475548,7.53783420838751
12.2,7,590,25-Jul-2026 01:29:59,10.4,10.3060187246635,17.2465666666667,20.5182,232.111155091418,7.53461944995132
12.2,7,590,25-Jul-2026 01:29:52,10.6,10.5042062927725,17.2288692307692,20.5330769230769,231.969241050195,7.53014550667805
12.2,7,590,25-Jul-2026 01:29:44,10.8,10.7023936684484,17.2132916666667,20.5535,231.745499505042,7.52306488552626
12.2,7,590,25-Jul-2026 01:29:30,11,10.9005808517193,17.2019,20.565,231.305141337083,7.50884930771473
12.2,7,590,25-Jul-2026 01:29:10,11.2,11.0987678425617,17.16924,20.5859,230.652754187969,7.4877899198507
12.2,7,590,25-Jul-2026 01:28:54,11.4,11.2969546410037,17.1372846153846,20.5877692307692,229.77469124338,7.45935290741196
12.2,7,590,25-Jul-2026 01:28:41,11.6,11.4951412470155,17.1273,20.5806363636364,228.939579176238,7.43226988572195
12.2,7,590,25-Jul-2026 01:28:27,11.8,11.6933276606186,17.1003533333333,20.5865333333333,228.312497605145,7.41195226510763
12.2,7,590,25-Jul-2026 01:28:17,12,11.8915138818154,17.0706,20.58,227.836848838335,7.39651224029806
12.2,7,590,25-Jul-2026 01:28:04,12.2,12.0896999105889,17.0616,20.5991666666667,226.87221867563,7.36529789162865
12.2,7,590,25-Jul-2026 01:27:51,12.4,12.2878857469605,17.0403538461538,20.6139230769231,225.565833458417,7.32303133002204
12.2,7,590,25-Jul-2026 01:27:09,12.6,12.4860713909198,17.0411,20.616,223.460724580587,7.25470648570536
12.2,7,590,25-Jul-2026 01:26:16,12.8,12.6842568424818,17.0410272727273,20.6151818181818,219.836633653657,7.13706664435692
12.2,7,590,25-Jul-2026 01:25:52,13,12.8824421016166,17.0501,20.616,214.253244276427,6.95600259820661
12.2,7,590,25-Jul-2026 01:24:13,13.2,13.0806271683585,16.9213090909091,20.6475454545455,203.578020895283,6.60950108497194
12.2,7,590,25-Jul-2026 01:23:54,13.4,13.278812042697,16.943525,20.65975,199.901110285131,6.49030062029697
12.2,7,590,25-Jul-2026 01:23:19,13.6,13.476996724647,17.00936,20.7062666666667,187.198691577377,6.07800885631762
12.2,7,590,25-Jul-2026 01:22:05,13.8,13.6751812141786,17.02914,20.6978,178.856644556449,5.80730766904285
12.2,7,590,25-Jul-2026 01:21:47,14,13.8733655113132,16.8382153846154,20.7034615384615,169.248956413879,5.49607503602652
12.2,7,590,25-Jul-2026 01:20:15,14.2,14.0715496160402,16.6688,20.707,158.421134780981,5.14536527343986
12.2,7,590,25-Jul-2026 01:20:03,14.4,14.269733528381,16.1121333333333,20.826,155.23398375528,5.04296765504426
12.2,7,590,25-Jul-2026 01:19:51,14.6,14.4679172483184,14.79494,21.2578,155.281624018636,5.04623728796392
12.2,7,590,25-Jul-2026 01:19:36,14.8,14.6661007758609,14.22855,21.495,153.078143880746,4.97604679469586
12.2,7,590,25-Jul-2026 01:19:07,15,14.8642841110043,13.9424,21.549,150.860359621098,4.90448045432069
12.2,7,590,25-Jul-2026 01:18:48,15.2,15.0624672537699,13.6188833333333,21.5816666666667,148.949269299028,4.84258511723302
12.2,7,590,25-Jul-2026 01:18:33,15.4,15.2606502041341,13.5085090909091,21.6086363636364,147.101299144696,4.78271525725821
12.2,7,590,25-Jul-2026 01:18:23,15.6,15.4588329621054,13.3899307692308,21.6259230769231,145.666422428053,4.73615766342532
12.2,7,590,25-Jul-2026 01:18:12,15.8,15.6570155276859,13.2513923076923,21.6282307692308,144.359034779932,4.69369468453541
12.2,7,590,25-Jul-2026 01:18:04,16,15.855197900884,13.1896,21.6285,142.696033685075,4.63965259854154
12.2,7,590,25-Jul-2026 01:17:54,16.2,16.0533800816824,13.2080583333333,21.6494166666667,140.463216054948,4.56709201415487
12.2,7,590,25-Jul-2026 01:17:30,16.4,16.2515620701089,13.4189230769231,21.7520769230769,135.414815173503,4.40315429574868
12.2,7,590,25-Jul-2026 01:16:47,16.6,16.4497438661527,13.4946333333333,21.8058333333333,129.022781153645,4.19550674233724
12.2,7,590,25-Jul-2026 01:16:25,16.8,16.6479254697964,13.5116,21.8074,124.924808046052,4.06242061520311
12.2,7,590,25-Jul-2026 01:16:09,17,16.8461068810614,13.4007,21.925,121.958094072925,3.96620343124657
12.2,7,590,25-Jul-2026 01:15:54,17.2,17.0442880999495,13.2942727272727,21.9541818181818,118.630670955643,3.85814430046751
12.2,7,590,25-Jul-2026 01:15:27,17.4,17.2424691264628,13.32826,21.9882,114.847593447635,3.73520779824022
12.2,7,590,25-Jul-2026 01:14:43,17.6,17.4406499605967,13.3255818181818,21.9907272727273,107.145817998226,3.48478655465764
12.2,7,590,25-Jul-2026 01:14:24,17.8,17.6388306023468,13.32125,21.9784,100.12452502543,3.25637170461604
12.2,7,590,25-Jul-2026 01:14:09,18,17.8370110517151,12.9303,21.651,94.7711422332259,3.08187673089847
12.2,7,590,25-Jul-2026 01:13:55,18.2,18.0351913087097,12.7629785714286,22.0092857142857,93.3598715598346,3.03685181393201
12.2,7,590,25-Jul-2026 01:13:04,18.4,18.2333713733455,12.74614,22.121,88.7868417580327,2.88840311193955
12.2,7,590,25-Jul-2026 01:12:38,18.6,18.4315512455986,12.58106,22.1528,84.9051295297769,2.76238543742643
12.2,7,590,25-Jul-2026 01:12:21,18.8,18.629730925471,12.2839461538462,22.2285384615385,81.897624752875,2.66476837661711
12.2,7,590,25-Jul-2026 01:12:10,19,18.8279104129773,11.64065,22.30725,79.6634997516253,2.59225179175533
12.2,7,590,25-Jul-2026 01:12:00,19.2,19.0260897081193,11.3845,22.274,78.3715603248594,2.5502734670272
12.2,7,590,25-Jul-2026 01:11:50,19.4,19.2242688108926,11.2478142857143,22.2951428571429,77.4313165747329,2.51970251270963
12.2,7,590,25-Jul-2026 01:11:35,19.6,19.4224477212988,11.1829916666667,22.25975,76.4360132881206,2.48735118440885
12.2,7,590,25-Jul-2026 01:11:09,19.8,19.6206264393334,11.0252454545455,22.2618181818182,72.9682262996271,2.37454715179395
12.2,7,590,25-Jul-2026 01:10:47,20,19.8188049650046,11.21514,22.3549,67.4532575698715,2.19516458695481
12.2,7,590,25-Jul-2026 01:10:33,20.2,20.0169832983142,11.3099,22.335,64.0194907622969,2.08340624053689
12.2,7,590,25-Jul-2026 01:10:19,20.4,20.215161439264,11.2672636363636,22.3420909090909,60.4565217956831,1.96749131529662
12.2,7,590,25-Jul-2026 01:10:08,20.6,20.4133393878363,11.238,22.3556,57.8871233915961,1.88391192798828
12.2,7,590,25-Jul-2026 01:09:58,20.8,20.6115171440652,11.1805857142857,22.3524285714286,55.6217863379219,1.8102151154313
12.2,7,590,25-Jul-2026 01:09:49,21,20.8096947079266,11.0947166666667,22.3543333333333,54.753287206109,1.78197627929798
12.2,7,590,25-Jul-2026 01:09:38,21.2,21.0078720794479,11.01302,22.3494,53.1952842207535,1.73129858639993
12.2,7,590,25-Jul-2026 01:09:21,21.4,21.206049258586,10.8224083333333,22.3445833333333,50.3139639023433,1.63754629180984
12.2,7,590,25-Jul-2026 01:09:06,21.6,21.4042262453874,10.6538,22.388,46.9145626990484,1.52696316440789
12.2,7,590,25-Jul-2026 01:08:54,21.8,21.6024030398282,10.5831384615385,22.4093076923077,44.4380447700823,1.44640631597938
12.2,7,590,25-Jul-2026 01:08:45,22,21.8005796419164,10.5894285714286,22.4027142857143,42.7686775208177,1.39207083440888
12.2,7,590,25-Jul-2026 01:08:36,22.2,21.9987560516536,10.5552,22.408,39.9326541759608,1.29978005788957
12.2,7,590,25-Jul-2026 01:08:30,22.4,22.1969322690417,10.5195571428571,22.4108571428571,37.5104908541526,1.22095147894728
12.2,7,590,25-Jul-2026 01:08:23,22.6,22.395108294082,10.5129285714286,22.4128571428571,35.7043398044176,1.16216927136661
12.2,7,590,25-Jul-2026 01:08:18,22.8,22.5932841267636,10.4933142857143,22.4134285714286,34.5302907029354,1.123963913016
12.2,7,590,25-Jul-2026 01:08:12,23,22.7914597671136,10.4103714285714,22.4222857142857,33.1084340046949,1.07769937024207
12.2,7,590,25-Jul-2026 01:08:07,23.2,22.9896352151015,10.3141176470588,22.4220588235294,31.675056054863,1.03105437076041
12.2,7,590,25-Jul-2026 01:08:03,23.4,23.1878104707546,10.2938529411765,22.4177058823529,30.5055739368402,0.992989275651934
12.2,7,590,25-Jul-2026 01:07:59,23.6,23.3859855340681,10.29395,22.4255,29.3637013054594,0.955825357201035
12.2,7,590,25-Jul-2026 01:07:54,23.8,23.5841604050242,10.2352222222222,22.4454444444444,27.8663205767894,0.907116855216393
12.2,7,590,25-Jul-2026 01:07:50,24,23.7823350836502,10.1244571428571,22.4624285714286,26.8819334666571,0.875092805330218
12.2,7,590,25-Jul-2026 01:07:46,24.2,23.9805095699347,10.0309294117647,22.4646470588235,25.9418950055329,0.844498488699885
12.2,7,590,25-Jul-2026 01:07:42,24.4,24.1786838638858,9.9701,22.46275,25.042924756758,0.815241128286889
12.2,7,590,25-Jul-2026 01:07:37,24.6,24.3768579654856,9.92761176470588,22.4691176470588,24.1850227203324,0.787320724091231
12.2,7,590,25-Jul-2026 01:07:33,24.8,24.5750318747613,9.87631764705882,22.4794705882353,22.9462258502167,0.747005118932461
12.2,7,590,25-Jul-2026 01:07:28,25,24.7732055917016,9.84518823529412,22.4832352941176,22.1153785428184,0.719961049546704
12.2,7,590,25-Jul-2026 01:07:23,25.2,24.9713791163016,9.850625,22.485,21.2727331919516,0.692531309222174
12.2,7,590,25-Jul-2026 01:07:19,25.4,25.169552448569,9.85881428571429,22.486,20.5025395733519,0.667459103678611
12.2,7,590,25-Jul-2026 01:07:15,25.6,25.3677255885182,9.8716,22.489,19.8165957304876,0.645130103854788
12.2,7,590,25-Jul-2026 01:07:11,25.8,25.565898536125,9.84112380952381,22.4918571428571,19.388407591768,0.631198519090635
12.2,7,590,25-Jul-2026 01:07:07,26,25.7640712913971,9.76723636363636,22.5147272727273,19.033170648839,0.619650914501583
12.2,7,590,25-Jul-2026 01:07:04,26.2,25.9622438543425,9.61748636363636,22.5280909090909,18.7783770496079,0.611373575703666
12.2,7,590,25-Jul-2026 01:07:00,26.4,26.1604162249753,9.50231428571428,22.5254285714286,18.594955002274,0.605409343081145
12.2,7,590,25-Jul-2026 01:06:57,26.6,26.3585884032649,9.43568,22.5294,18.45541235893,0.600871931017985
12.2,7,590,25-Jul-2026 01:06:54,26.8,26.5567603892446,9.34625,22.5358333333333,18.3344617004103,0.596940828862908
12.2,7,590,25-Jul-2026 01:06:51,27,26.7549321828902,9.28557142857143,22.5357142857143,18.1687542050313,0.591550391156961
12.2,7,590,25-Jul-2026 01:06:48,27.2,26.9531037842159,9.25740833333333,22.5401666666667,17.9850066390614,0.585570839147448
12.2,7,590,25-Jul-2026 01:06:45,27.4,27.1512751932166,9.22749166666667,22.5418333333333,17.82797583936,0.58046150838524
12.2,7,590,25-Jul-2026 01:06:42,27.6,27.3494464099193,9.21934,22.5404,17.6454905292412,0.574520841892012
12.2,7,590,25-Jul-2026 01:06:40,27.8,27.5476174342867,9.20895,22.544,17.443300580048,0.567939873095404
12.2,7,590,25-Jul-2026 01:06:37,28,27.745788266333,9.18785714285714,22.546,17.2214059917806,0.560718601995415
12.2,7,590,25-Jul-2026 01:06:34,28.2,27.9439589060724,9.17426,22.544,16.9197861639223,0.550898461303371
12.2,7,590,25-Jul-2026 01:06:31,28.4,28.1421293534805,9.16831764705882,22.5455882352941,16.5305997136401,0.538229444888992
12.2,7,590,25-Jul-2026 01:06:29,28.6,28.3402996085904,9.1557,22.556,16.2044777791974,0.527615518604622
12.2,7,590,25-Jul-2026 01:06:26,28.8,28.5384696713844,9.14224705882353,22.5635882352941,16.0289869830182,0.521905558172594
12.2,7,590,25-Jul-2026 01:06:24,29,28.7366395418636,9.11605,22.567,15.8556856363616,0.516267816968594
12.2,7,590,25-Jul-2026 01:06:21,29.2,28.934809220042,9.0831,22.5754,15.6845737392274,0.510702294992621
12.2,7,590,25-Jul-2026 01:06:18,29.4,29.1329787058952,9.00127142857143,22.5901428571429,15.5292545834117,0.505651899783473
12.2,7,590,25-Jul-2026 01:06:16,29.6,29.3311479994501,8.96297619047619,22.5857619047619,15.3862175505284,0.500998084647487
12.2,7,590,25-Jul-2026 01:06:14,29.8,29.5293171006951,8.94395,22.586,15.2354920048077,0.496090840604969
12.2,7,590,25-Jul-2026 01:06:11,30,29.7274860096376,8.94066,22.5867333333333,15.0647958233173,0.490533587582757
12.2,7,590,25-Jul-2026 01:06:08,30.2,29.9256547262789,8.93055,22.5878333333333,14.8629534677419,0.483962086309938
12.2,7,590,25-Jul-2026 01:06:06,30.4,30.1238232506009,8.92363333333333,22.5873333333333,14.6626095392162,0.477439563050196
12.2,7,590,25-Jul-2026 01:06:03,30.6,30.3219915826432,8.9203625,22.58925,14.46376403774,0.47096601780353
12.2,7,590,25-Jul-2026 01:06:01,30.8,30.5201597223684,8.92037333333333,22.5881333333333,14.2590282228681,0.464300388052075
12.2,7,590,25-Jul-2026 01:05:58,31,30.7183276698033,8.9118,22.5900588235294,14.0534451635249,0.457606668375339
12.2,7,590,25-Jul-2026 01:05:56,31.2,30.9164954249361,8.90975333333333,22.5874666666667,13.8470148597106,0.450884858773321
12.2,7,590,25-Jul-2026 01:05:53,31.4,31.114662987768,8.90741764705882,22.588,13.6346637849906,0.443970821531727
12.2,7,590,25-Jul-2026 01:05:50,31.6,31.3128303583065,8.9058,22.588,13.4315700178105,0.437358449180958
12.2,7,590,25-Jul-2026 01:05:48,31.8,31.5109975365525,8.89749375,22.588875,13.2377335581702,0.431047741721015
12.2,7,590,25-Jul-2026 01:05:45,32,31.7091645225008,8.89304705882353,22.5893529411765,13.0328472315967,0.424376498854617
12.2,7,590,25-Jul-2026 01:05:42,32.2,31.9073313161587,8.89343076923077,22.5883076923077,12.8298011437329,0.417765223913378
12.2,7,590,25-Jul-2026 01:05:39,32.4,32.1054979175274,8.8957,22.5882666666667,12.6285952945788,0.411213916897299
12.2,7,590,25-Jul-2026 01:05:36,32.6,32.3036643266014,8.8957,22.58925,12.3350898021243,0.40165794531585
12.2,7,590,25-Jul-2026 01:05:33,32.8,32.5018305433944,8.89445833333333,22.59,12.1286291983528,0.394935585399349
12.2,7,590,25-Jul-2026 01:05:30,33,32.6999965678948,8.89345,22.59,11.8873762527388,0.387080174459928
12.2,7,590,25-Jul-2026 01:05:26,33.2,32.8981624001098,8.89423333333333,22.5890833333333,11.6584168014893,0.379625210563371
12.2,7,590,25-Jul-2026 01:05:23,33.4,33.0963280400341,8.89071818181818,22.59,11.4765431864465,0.373703744732598
12.2,7,590,25-Jul-2026 01:05:20,33.6,33.2944934876813,8.88536153846154,22.5892307692308,11.211092623399,0.365060231086322
12.2,7,590,25-Jul-2026 01:05:17,33.8,33.4926587430396,8.8787,22.592,11.0886191874515,0.361074550972667
12.2,7,590,25-Jul-2026 01:05:14,34,33.6908238061228,8.85438571428572,22.5971428571429,10.9763352520179,0.357419938591813
12.2,7,590,25-Jul-2026 01:05:11,34.2,33.8889886769189,8.83165384615384,22.5963076923077,10.8742408170984,0.354096393943758
12.2,7,590,25-Jul-2026 01:05:08,34.4,34.0871533554416,8.82003571428571,22.5935714285714,10.7645425159121,0.350524474694179
12.2,7,590,25-Jul-2026 01:05:06,34.6,34.2853178416727,8.81115,22.5955,10.627184918512,0.34605283523573
12.2,7,590,25-Jul-2026 01:05:03,34.8,34.4834821356386,8.7989,22.597,10.4949470675416,0.341747869518354
12.2,7,590,25-Jul-2026 01:05:00,35,34.6816462373338,8.79233888888889,22.5967222222222,10.3954882592148,0.33850929775092
12.2,7,590,25-Jul-2026 01:04:57,35.2,34.8798101467398,8.79113076923077,22.5954615384615,10.2888011361592,0.335035315912286
12.2,7,590,25-Jul-2026 01:04:55,35.4,35.0779738638832,8.79164666666667,22.595,10.1748856983749,0.331325924002453
12.2,7,590,25-Jul-2026 01:04:52,35.6,35.276137388752,8.7914625,22.595375,10.0333794183021,0.326718417563189
12.2,7,590,25-Jul-2026 01:04:49,35.8,35.4743007213406,8.78934444444444,22.5965555555556,9.88282029001422,0.321816072770082
12.2,7,590,25-Jul-2026 01:04:47,36,35.672463861669,8.78754,22.5946,9.72320831351116,0.316618889623132
12.2,7,590,25-Jul-2026 01:04:44,36.2,35.8706268097251,8.78922142857143,22.5937142857143,9.50546526124005,0.309528006145096
12.2,7,590,25-Jul-2026 01:04:41,36.4,36.0687895655098,8.78933571428571,22.595,9.41984451064785,0.306740357531001
12.2,7,590,25-Jul-2026 01:04:38,36.6,36.2669521290302,8.79,22.595,9.353541038096,0.304581530321921
12.2,7,590,25-Jul-2026 01:04:35,36.8,36.4651145002934,8.78985833333333,22.595,9.3065548435845,0.303051524517857
12.2,7,590,25-Jul-2026 01:04:31,37,36.6632766792875,8.789995,22.595,9.30298506266567,0.302934777716241
12.2,7,590,25-Jul-2026 00:38:03,37.2,36.861438666013,8.79256666666667,22.595,11.7001793563694,0.380998526787686
12.2,7,700,25-Jul-2026 01:53:26,0.01,0.00990988334653659,17.3174,1.083,NaN,NaN
12.2,7,700,25-Jul-2026 01:53:36,0.03,0.0297296486089114,17.3462,20.393,NaN,NaN
12.2,7,700,25-Jul-2026 01:54:46,0.04,0.0396395305118137,17.3914,20.383,NaN,NaN
12.2,7,700,25-Jul-2026 01:55:06,0.04,0.0396395305118137,17.3815,20.388,NaN,NaN
12.2,7,700,25-Jul-2026 01:53:46,0.05,0.0495494119248564,17.3862,20.383,NaN,NaN
12.2,7,700,25-Jul-2026 01:54:26,0.05,0.0495494119248564,17.3875,20.385,NaN,NaN
12.2,7,700,25-Jul-2026 01:54:06,0.06,0.0594592928736976,17.3811,20.388,NaN,NaN
12.2,7,700,25-Jul-2026 01:55:16,0.06,0.0594592928736976,17.3837,20.387,NaN,NaN
12.2,7,700,25-Jul-2026 01:53:56,0.09,0.089188932818941,17.3867,20.384,NaN,NaN
12.2,7,700,25-Jul-2026 01:54:16,0.12,0.118918568424251,17.3891,20.384,NaN,NaN
12.2,7,700,25-Jul-2026 01:54:56,0.15,0.14864819970136,17.3933,20.383,NaN,NaN
12.2,7,700,25-Jul-2026 01:54:36,0.18,0.178377826655574,17.3863,20.386,NaN,NaN
13.2,8,190,NaT,0,0,NaN,NaN,NaN,NaN
13.2,8,190,25-Jul-2026 02:17:38,0.2,0.198197575549084,17.4320857142857,20.3584285714286,NaN,NaN
13.2,8,190,25-Jul-2026 02:18:32,0.4,0.396394958602638,17.4311714285714,20.3578571428571,NaN,NaN
13.2,8,190,25-Jul-2026 02:19:30,0.6,0.594592149189359,17.4359,20.3566363636364,NaN,NaN
13.2,8,190,25-Jul-2026 02:19:37,0.8,0.792789147292957,17.4329181818182,20.358,NaN,NaN
13.2,8,190,25-Jul-2026 02:21:59,1,0.990985952922833,17.4349947368421,20.3573157894737,NaN,NaN
13.2,8,190,25-Jul-2026 02:23:15,1.2,1.18918256608195,17.4369,20.3561428571429,NaN,NaN
13.2,8,190,25-Jul-2026 02:24:28,1.4,1.3873789867604,17.43683,20.3587,NaN,NaN
13.2,8,190,25-Jul-2026 02:24:46,1.6,1.58557521495471,17.4373916666667,20.359,NaN,NaN
13.2,8,190,25-Jul-2026 02:25:49,1.8,1.78377125068706,17.4382133333333,20.3586,NaN,NaN
13.2,8,190,25-Jul-2026 02:30:36,2,1.98196709394753,17.44076,20.356,NaN,NaN
13.2,8,190,25-Jul-2026 02:57:06,2.2,2.18016274473901,17.44,20.3575454545455,NaN,NaN
13.2,8,190,25-Jul-2026 02:57:28,2.4,2.37835820305796,17.43993125,20.356875,NaN,NaN
13.2,8,190,25-Jul-2026 02:57:35,2.6,2.57655346890084,17.440275,20.355,NaN,NaN
13.2,8,190,25-Jul-2026 02:57:41,2.8,2.7747485422962,17.4403785714286,20.355,NaN,NaN
13.2,8,190,25-Jul-2026 02:57:50,3,2.97294342320192,17.4406333333333,20.355,NaN,NaN
13.2,8,190,25-Jul-2026 03:04:38,3.2,3.1711381116594,17.4454090909091,20.3504545454545,NaN,NaN
13.2,8,190,25-Jul-2026 03:05:17,3.4,3.36933260765859,17.4457,20.351,NaN,NaN
13.2,8,190,25-Jul-2026 03:05:56,3.6,3.56752691117663,17.4456727272727,20.351,NaN,NaN
13.2,8,190,25-Jul-2026 03:06:26,3.8,3.76572102225485,17.4458,20.352,NaN,NaN
13.2,8,190,25-Jul-2026 03:08:02,4,3.9639149408575,17.4461818181818,20.351,NaN,NaN
13.2,8,190,25-Jul-2026 03:08:13,4.2,4.16210866700663,17.4465615384615,20.351,NaN,NaN
13.2,8,190,25-Jul-2026 03:08:22,4.4,4.360302200705,17.4468416666667,20.351,NaN,NaN
13.2,8,190,25-Jul-2026 03:10:24,4.6,4.55849554193609,17.44894,20.3472,NaN,NaN
13.2,8,190,25-Jul-2026 03:18:07,4.8,4.75668869070905,17.45254,20.3476,NaN,NaN
13.2,8,190,25-Jul-2026 03:19:06,5,4.95488164703947,17.4528,20.348,NaN,NaN
13.2,8,190,25-Jul-2026 03:19:26,5.2,5.15307441091721,17.4535333333333,20.347,NaN,NaN
13.2,8,190,25-Jul-2026 03:19:58,5.4,5.35126698233855,17.4546363636364,20.3433636363636,NaN,NaN
13.2,8,190,25-Jul-2026 03:20:44,5.6,5.54945936131259,17.45854,20.3404,NaN,NaN
13.2,8,190,25-Jul-2026 03:25:33,5.8,5.74765154782918,17.4552,20.344,NaN,NaN
13.2,8,190,25-Jul-2026 03:25:45,6,5.94584354191667,17.4553416666667,20.3464166666667,NaN,NaN
13.2,8,190,25-Jul-2026 03:26:00,6.2,6.14403534354558,17.4548083333333,20.3458333333333,NaN,NaN
13.2,8,190,25-Jul-2026 03:26:49,6.4,6.34222695272499,17.46059,20.3378,NaN,NaN
13.2,8,190,25-Jul-2026 03:33:20,6.6,6.54041836945752,17.4523,20.352,NaN,NaN
13.2,8,190,25-Jul-2026 03:33:45,6.8,6.7386095937522,17.4533181818182,20.3520909090909,NaN,NaN
13.2,8,190,25-Jul-2026 03:35:26,7,6.93680062561165,17.4449545454545,20.3602727272727,NaN,NaN
13.2,8,190,25-Jul-2026 03:36:52,7.2,7.1349914650256,17.4375090909091,20.3704545454545,NaN,NaN
13.2,8,190,25-Jul-2026 03:40:07,7.4,7.33318211199662,17.4325727272727,20.3755454545455,NaN,NaN
13.2,8,190,25-Jul-2026 03:40:19,7.6,7.53137256654014,17.4297181818182,20.3767272727273,NaN,NaN
13.2,8,190,25-Jul-2026 03:40:34,7.8,7.72956282863301,17.43407,20.3731,NaN,NaN
13.2,8,190,25-Jul-2026 03:41:52,8,7.92775289829704,17.4203272727273,20.3862727272727,NaN,NaN
13.2,8,190,25-Jul-2026 03:44:28,8.2,8.12594277552191,17.4097428571429,20.3968571428571,NaN,NaN
13.2,8,190,25-Jul-2026 03:45:12,8.4,8.32413246031655,17.394625,20.4115,NaN,NaN
13.2,8,190,25-Jul-2026 03:45:36,8.6,8.52232195267705,17.3585,20.441,NaN,NaN
13.2,8,190,25-Jul-2026 03:47:36,8.8,8.7205112526059,17.3892545454545,20.4137272727273,NaN,NaN
13.2,8,190,25-Jul-2026 03:50:14,9,8.91870036010559,17.35378,20.4462,NaN,NaN
13.2,8,190,25-Jul-2026 03:50:21,9.2,9.11688927518497,17.3426714285714,20.457,NaN,NaN
13.2,8,190,25-Jul-2026 03:50:31,9.4,9.31507799782726,17.3219333333333,20.4753333333333,NaN,NaN
13.2,8,190,25-Jul-2026 03:50:44,9.6,9.51326652803489,17.2947,20.501,NaN,NaN
13.2,8,190,25-Jul-2026 03:50:59,9.8,9.71145486583598,17.2678769230769,20.5266153846154,NaN,NaN
13.2,8,190,25-Jul-2026 03:51:17,10,9.90964301120082,17.2632363636364,20.5381818181818,NaN,NaN
13.2,8,190,25-Jul-2026 03:51:36,10.2,10.1078309641511,17.2166818181818,20.5432727272727,NaN,NaN
13.2,8,190,25-Jul-2026 03:51:57,10.4,10.3060187246635,17.1354090909091,20.5692727272727,NaN,NaN
13.2,8,190,25-Jul-2026 03:52:50,10.6,10.5042062927725,17.12002,20.5699,NaN,NaN
13.2,8,190,25-Jul-2026 03:54:56,10.8,10.7023936684484,17.1089266666667,20.5728666666667,NaN,NaN
13.2,8,190,25-Jul-2026 03:55:09,11,10.9005808517193,17.1007,20.5755714285714,NaN,NaN
13.2,8,190,25-Jul-2026 03:55:14,11.2,11.0987678425617,17.0980235294118,20.5787647058824,NaN,NaN
13.2,8,190,25-Jul-2026 03:55:19,11.4,11.2969546410037,17.0958133333333,20.5808666666667,NaN,NaN
13.2,8,190,25-Jul-2026 03:55:24,11.6,11.4951412470155,17.0971684210526,20.5801052631579,NaN,NaN
13.2,8,190,25-Jul-2026 03:55:28,11.8,11.6933276606186,17.101,20.5816666666667,NaN,NaN
13.2,8,190,25-Jul-2026 03:55:33,12,11.8915138818154,17.10495,20.5855,NaN,NaN
13.2,8,190,25-Jul-2026 03:55:37,12.2,12.0896999105889,17.1026647058824,20.5912941176471,NaN,NaN
13.2,8,190,25-Jul-2026 03:55:42,12.4,12.2878857469605,17.10204375,20.594125,NaN,NaN
13.2,8,190,25-Jul-2026 03:55:47,12.6,12.4860713909198,17.100825,20.5963125,NaN,NaN
13.2,8,190,25-Jul-2026 03:55:52,12.8,12.6842568424818,17.1007411764706,20.597,NaN,NaN
13.2,8,190,25-Jul-2026 03:55:58,13,12.8824421016166,17.0995,20.601,NaN,NaN
13.2,8,190,25-Jul-2026 03:56:12,13.2,13.0806271683585,17.03138,20.6309,NaN,NaN
13.2,8,190,25-Jul-2026 04:00:07,13.4,13.278812042697,16.8914266666667,20.6655333333333,NaN,NaN
13.2,8,190,25-Jul-2026 04:00:12,13.6,13.476996724647,16.9077529411765,20.6848823529412,NaN,NaN
13.2,8,190,25-Jul-2026 04:00:17,13.8,13.6751812141786,16.6300153846154,20.7473076923077,NaN,NaN
13.2,8,190,25-Jul-2026 04:00:24,14,13.8733655113132,16.4685363636364,20.7750909090909,NaN,NaN
13.2,8,190,25-Jul-2026 04:02:54,14.2,14.0715496160402,16.3708727272727,20.7638181818182,NaN,NaN
13.2,8,190,25-Jul-2026 04:04:58,14.4,14.269733528381,16.3310666666667,20.776,NaN,NaN
13.2,8,190,25-Jul-2026 04:05:06,14.6,14.4679172483184,16.11715,20.8742142857143,NaN,NaN
13.2,8,190,25-Jul-2026 04:05:15,14.8,14.6661007758609,15.2166166666667,21.1856666666667,NaN,NaN
13.2,8,190,25-Jul-2026 04:05:26,15,14.8642841110043,14.42124,21.4518,NaN,NaN
13.2,8,190,25-Jul-2026 04:05:49,15.2,15.0624672537699,13.6841583333333,21.549,NaN,NaN
13.2,8,190,25-Jul-2026 04:07:02,15.4,15.2606502041341,13.40025,21.612,NaN,NaN
13.2,8,190,25-Jul-2026 04:09:34,15.6,15.4588329621054,13.5394818181818,21.706,NaN,NaN
13.2,8,190,25-Jul-2026 04:10:02,15.8,15.6570155276859,13.61294,21.729,NaN,NaN
13.2,8,190,25-Jul-2026 04:10:07,16,15.855197900884,13.6062333333333,21.7756666666667,NaN,NaN
13.2,8,190,25-Jul-2026 04:10:11,16.2,16.0533800816824,13.5709363636364,21.8173636363636,NaN,NaN
13.2,8,190,25-Jul-2026 04:10:15,16.4,16.2515620701089,13.4931947368421,21.8493157894737,NaN,NaN
13.2,8,190,25-Jul-2026 04:10:19,16.6,16.4497438661527,13.40966,21.8826,NaN,NaN
13.2,8,190,25-Jul-2026 04:10:23,16.8,16.6479254697964,13.3820666666667,21.8991111111111,NaN,NaN
13.2,8,190,25-Jul-2026 04:10:27,17,16.8461068810614,13.3670428571429,21.9220476190476,NaN,NaN
13.2,8,190,25-Jul-2026 04:10:31,17.2,17.0442880999495,13.354805,21.94595,NaN,NaN
13.2,8,190,25-Jul-2026 04:10:35,17.4,17.2424691264628,13.3331793103448,21.9673448275862,NaN,NaN
13.2,8,190,25-Jul-2026 04:10:40,17.6,17.4406499605967,13.3158,21.977,NaN,NaN
13.2,8,190,25-Jul-2026 04:10:44,17.8,17.6388306023468,13.24602,22.017,NaN,NaN
13.2,8,190,25-Jul-2026 04:10:49,18,17.8370110517151,13.22442,22.037,NaN,NaN
13.2,8,190,25-Jul-2026 04:10:54,18.2,18.0351913087097,13.192419047619,22.0572380952381,NaN,NaN
13.2,8,190,25-Jul-2026 04:11:00,18.4,18.2333713733455,13.1948,22.022,NaN,NaN
13.2,8,190,25-Jul-2026 04:11:07,18.6,18.4315512455986,13.1926,22.023,NaN,NaN
13.2,8,190,25-Jul-2026 04:11:16,18.8,18.629730925471,13.1724818181818,22.0181818181818,NaN,NaN
13.2,8,190,25-Jul-2026 04:11:28,19,18.8279104129773,12.94605,22.085,NaN,NaN
13.2,8,190,25-Jul-2026 04:14:02,19.2,19.0260897081193,12.7373,22.2004,NaN,NaN
13.2,8,190,25-Jul-2026 04:14:33,19.4,19.2242688108926,12.6325538461538,22.2593846153846,NaN,NaN
13.2,8,190,25-Jul-2026 04:15:21,19.6,19.4224477212988,12.5014727272727,22.27,NaN,NaN
13.2,8,190,25-Jul-2026 04:16:40,19.8,19.6206264393334,12.2582,22.256,NaN,NaN
13.2,8,190,25-Jul-2026 04:17:30,20,19.8188049650046,12.1247,22.316,NaN,NaN
13.2,8,190,25-Jul-2026 04:18:12,20.2,20.0169832983142,11.9105636363636,22.3030909090909,NaN,NaN
13.2,8,190,25-Jul-2026 04:18:55,20.4,20.215161439264,11.6052363636364,22.2800909090909,NaN,NaN
13.2,8,190,25-Jul-2026 04:19:37,20.6,20.4133393878363,11.3890769230769,22.2175384615385,NaN,NaN
13.2,8,190,25-Jul-2026 04:19:59,20.8,20.6115171440652,11.11393,22.3021,NaN,NaN
13.2,8,190,25-Jul-2026 04:20:05,21,20.8096947079266,11.0463421052632,22.3055789473684,NaN,NaN
13.2,8,190,25-Jul-2026 04:20:09,21.2,21.0078720794479,11.012625,22.3111875,NaN,NaN
13.2,8,190,25-Jul-2026 04:20:14,21.4,21.206049258586,11.0261666666667,22.3103333333333,NaN,NaN
13.2,8,190,25-Jul-2026 04:20:18,21.6,21.4042262453874,11.0479526315789,22.3114210526316,NaN,NaN
13.2,8,190,25-Jul-2026 04:20:22,21.8,21.6024030398282,11.0209689655172,22.3265172413793,NaN,NaN
13.2,8,190,25-Jul-2026 04:20:27,22,21.8005796419164,10.9769,22.34,NaN,NaN
13.2,8,190,25-Jul-2026 04:20:31,22.2,21.9987560516536,10.9539263157895,22.3421578947368,NaN,NaN
13.2,8,190,25-Jul-2026 04:20:35,22.4,22.1969322690417,10.9372222222222,22.3385555555556,NaN,NaN
13.2,8,190,25-Jul-2026 04:20:39,22.6,22.395108294082,10.914952,22.34684,NaN,NaN
13.2,8,190,25-Jul-2026 04:20:44,22.8,22.5932841267636,10.9148117647059,22.3500588235294,NaN,NaN
13.2,8,190,25-Jul-2026 04:20:49,23,22.7914597671136,10.8913333333333,22.3683333333333,NaN,NaN
13.2,8,190,25-Jul-2026 04:20:54,23.2,22.9896352151015,10.8538538461538,22.3847692307692,NaN,NaN
13.2,8,190,25-Jul-2026 04:20:59,23.4,23.1878104707546,10.8396466666667,22.3804,NaN,NaN
13.2,8,190,25-Jul-2026 04:21:04,23.6,23.3859855340681,10.7799625,22.39525,NaN,NaN
13.2,8,190,25-Jul-2026 04:21:09,23.8,23.5841604050242,10.71268125,22.4111875,NaN,NaN
13.2,8,190,25-Jul-2026 04:21:14,24,23.7823350836502,10.69586,22.3932,NaN,NaN
13.2,8,190,25-Jul-2026 04:21:19,24.2,23.9805095699347,10.60725,22.398125,NaN,NaN
13.2,8,190,25-Jul-2026 04:21:25,24.4,24.1786838638858,10.4095,22.43325,NaN,NaN
13.2,8,190,25-Jul-2026 04:21:30,24.6,24.3768579654856,10.2434714285714,22.467,NaN,NaN
13.2,8,190,25-Jul-2026 04:21:36,24.8,24.5750318747613,10.2509947368421,22.4427894736842,NaN,NaN
13.2,8,190,25-Jul-2026 04:21:43,25,24.7732055917016,10.1994818181818,22.4573636363636,NaN,NaN
13.2,8,190,25-Jul-2026 04:21:49,25.2,24.9713791163016,10.1784333333333,22.4543333333333,NaN,NaN
13.2,8,190,25-Jul-2026 04:21:56,25.4,25.169552448569,10.1832,22.442,NaN,NaN
13.2,8,190,25-Jul-2026 04:22:03,25.6,25.3677255885182,10.1104571428571,22.4477142857143,NaN,NaN
13.2,8,190,25-Jul-2026 04:22:12,25.8,25.565898536125,10.0401923076923,22.4610769230769,NaN,NaN
13.2,8,190,25-Jul-2026 04:22:20,26,25.7640712913971,9.9458,22.4977272727273,NaN,NaN
13.2,8,190,25-Jul-2026 04:22:31,26.2,25.9622438543425,9.9279875,22.471875,NaN,NaN
13.2,8,190,25-Jul-2026 04:22:41,26.4,26.1604162249753,9.84194,22.4966,NaN,NaN
13.2,8,190,25-Jul-2026 04:22:54,26.6,26.3585884032649,9.71381428571429,22.477,NaN,NaN
13.2,8,190,25-Jul-2026 04:23:08,26.8,26.5567603892446,9.57316363636363,22.5124545454545,NaN,NaN
13.2,8,190,25-Jul-2026 04:23:24,27,26.7549321828902,9.5127,22.516,NaN,NaN
13.2,8,190,25-Jul-2026 04:23:42,27.2,26.9531037842159,9.4308,22.5259090909091,NaN,NaN
13.2,8,190,25-Jul-2026 04:23:57,27.4,27.1512751932166,9.38971818181818,22.5288181818182,NaN,NaN
13.2,8,190,25-Jul-2026 04:24:13,27.6,27.3494464099193,9.36139166666667,22.5289166666667,NaN,NaN
13.2,8,190,25-Jul-2026 04:24:31,27.8,27.5476174342867,9.27946363636363,22.5333636363636,NaN,NaN
13.2,8,190,25-Jul-2026 04:24:53,28,27.745788266333,9.24721818181818,22.5445454545455,NaN,NaN
13.2,8,190,25-Jul-2026 04:28:07,28.2,27.9439589060724,9.24036,22.5402,NaN,NaN
13.2,8,190,25-Jul-2026 04:30:06,28.4,28.1421293534805,9.23680740740741,22.5411481481481,NaN,NaN
13.2,8,190,25-Jul-2026 04:30:11,28.6,28.3402996085904,9.23584444444444,22.5418888888889,NaN,NaN
13.2,8,190,25-Jul-2026 04:30:16,28.8,28.5384696713844,9.234325,22.5420833333333,NaN,NaN
13.2,8,190,25-Jul-2026 04:30:19,29,28.7366395418636,9.2232,22.5448947368421,NaN,NaN
13.2,8,190,25-Jul-2026 04:30:24,29.2,28.934809220042,9.21045925925926,22.547,NaN,NaN
13.2,8,190,25-Jul-2026 04:30:28,29.4,29.1329787058952,9.20382,22.5468,NaN,NaN
13.2,8,190,25-Jul-2026 04:30:32,29.6,29.3311479994501,9.20195333333333,22.5454666666667,NaN,NaN
13.2,8,190,25-Jul-2026 04:30:36,29.8,29.5293171006951,9.19436666666667,22.5457222222222,NaN,NaN
13.2,8,190,25-Jul-2026 04:30:40,30,29.7274860096376,9.19036,22.5472,NaN,NaN
13.2,8,190,25-Jul-2026 04:30:44,30.2,29.9256547262789,9.19163529411765,22.5454117647059,NaN,NaN
13.2,8,190,25-Jul-2026 04:30:49,30.4,30.1238232506009,9.18117647058824,22.55,NaN,NaN
13.2,8,190,25-Jul-2026 04:30:53,30.6,30.3219915826432,9.17845454545455,22.5509090909091,NaN,NaN
13.2,8,190,25-Jul-2026 04:30:58,30.8,30.5201597223684,9.17847272727273,22.5506363636364,NaN,NaN
13.2,8,190,25-Jul-2026 04:31:03,31,30.7183276698033,9.165368,22.55624,NaN,NaN
13.2,8,190,25-Jul-2026 04:31:07,31.2,30.9164954249361,9.15809473684211,22.5598947368421,NaN,NaN
13.2,8,190,25-Jul-2026 04:31:12,31.4,31.114662987768,9.1641125,22.5564375,NaN,NaN
13.2,8,190,25-Jul-2026 04:31:17,31.6,31.3128303583065,9.14626,22.5646666666667,NaN,NaN
13.2,8,190,25-Jul-2026 04:31:23,31.8,31.5109975365525,9.0556,22.6046923076923,NaN,NaN
13.2,8,190,25-Jul-2026 04:31:28,32,31.7091645225008,9.0792875,22.5815,NaN,NaN
13.2,8,190,25-Jul-2026 04:31:33,32.2,31.9073313161587,9.0445,22.5866666666667,NaN,NaN
13.2,8,190,25-Jul-2026 04:31:38,32.4,32.1054979175274,9.0088,22.595125,NaN,NaN
13.2,8,190,25-Jul-2026 04:31:44,32.6,32.3036643266014,8.99495555555555,22.5911111111111,NaN,NaN
13.2,8,190,25-Jul-2026 04:31:51,32.8,32.5018305433944,8.95245714285714,22.6022857142857,NaN,NaN
13.2,8,190,25-Jul-2026 04:31:57,33,32.6999965678948,8.9621,22.5971666666667,NaN,NaN
13.2,8,190,25-Jul-2026 04:32:03,33.2,32.8981624001098,8.9752,22.58225,NaN,NaN
13.2,8,190,25-Jul-2026 04:32:10,33.4,33.0963280400341,8.95036666666667,22.5931666666667,NaN,NaN
13.2,8,190,25-Jul-2026 04:32:18,33.6,33.2944934876813,8.92448571428571,22.5932857142857,NaN,NaN
13.2,8,190,25-Jul-2026 04:32:25,33.8,33.4926587430396,8.9121,22.5945384615385,NaN,NaN
13.2,8,190,25-Jul-2026 04:32:33,34,33.6908238061228,8.89619090909091,22.5957272727273,NaN,NaN
13.2,8,190,25-Jul-2026 04:32:44,34.2,33.8889886769189,8.88828181818182,22.5847272727273,NaN,NaN
13.2,8,190,25-Jul-2026 04:32:57,34.4,34.0871533554416,8.86142727272727,22.5934545454545,NaN,NaN
13.2,8,190,25-Jul-2026 04:33:14,34.6,34.2853178416727,8.8545,22.59,NaN,NaN
13.2,8,190,25-Jul-2026 04:34:22,34.8,34.4834821356386,8.8236,22.5948,NaN,NaN
13.2,8,190,25-Jul-2026 04:34:58,35,34.6816462373338,8.82015384615385,22.5975384615385,NaN,NaN
13.2,8,190,25-Jul-2026 04:35:25,35.2,34.8798101467398,8.82255384615385,22.589,NaN,NaN
13.2,8,290,25-Jul-2026 06:49:51,35.23,34.9095347165717,8.7751,22.595,NaN,NaN
13.2,8,290,25-Jul-2026 07:49:57,35.23,34.9095347165717,8.6729,22.599,5.12332253480209,0.166834860144724
13.2,8,290,26-Jul-2026 07:50:22,35.26,34.9392592820741,8.9829,22.575,16.9592564070801,0.552225788297655
13.2,8,290,25-Jul-2026 08:49:58,35.28,34.9590756566748,8.6687,22.599,4.67487329873806,0.152231842181406
13.2,8,290,26-Jul-2026 08:50:23,35.28,34.9590756566748,8.9732,22.577,18.0933890007484,0.589156221637314
13.2,8,290,26-Jul-2026 06:50:21,35.32,34.998708400092,8.9647,22.577,15.4959839388219,0.504581128630163
13.2,8,290,25-Jul-2026 09:49:59,35.33,35.0086165847539,8.7367,22.596,8.76277359281753,0.285346529336842
13.2,8,290,26-Jul-2026 09:50:24,35.33,35.0086165847539,8.9319,22.579,14.8583129659224,0.483819837197053
13.2,8,290,26-Jul-2026 10:50:25,35.34,35.0185247689271,9.0047,22.574,16.9377584522225,0.551524169053114
13.2,8,290,25-Jul-2026 19:50:10,35.35,35.0284329526246,8.7183,22.59,7.43387388968024,0.242072414356622
13.2,8,290,26-Jul-2026 05:50:20,35.35,35.0284329526246,8.9705,22.575,16.3003269836852,0.530770717293657
13.2,8,290,25-Jul-2026 18:50:09,35.37,35.0482493185662,8.808,22.594,9.03464144189303,0.294196424932143
13.2,8,290,25-Jul-2026 20:50:11,35.37,35.0482493185662,8.7355,22.588,7.91049585068291,0.257591808346653
13.2,8,290,26-Jul-2026 11:50:26,35.39,35.0680656825912,9.0031,22.573,18.2866891081993,0.595447364062139
13.2,8,290,25-Jul-2026 10:50:00,35.4,35.0779738638832,8.7772,22.596,11.5858085119287,0.377272661848989
13.2,8,290,25-Jul-2026 21:50:12,35.4,35.0779738638832,8.7754,22.586,7.90709636477626,0.257479735589379
13.2,8,290,26-Jul-2026 04:50:19,35.42,35.0977902250135,8.9493,22.576,16.525771983553,0.538113690774768
13.2,8,290,27-Jul-2026 01:50:39,35.42,35.0977902250135,8.8065,22.586,7.48511006986436,0.243737379682645
13.2,8,290,25-Jul-2026 17:50:07,35.43,35.1076984048644,8.7585,22.595,7.37136819050521,0.240036513130403
13.2,8,290,26-Jul-2026 12:50:27,35.43,35.1076984048644,8.967,22.575,21.3524038730188,0.695276556509182
13.2,8,290,27-Jul-2026 18:50:57,35.43,35.1076984048644,9.0753,22.536,19.0433122225517,0.620054987443192
13.2,8,290,27-Jul-2026 19:50:58,35.43,35.1076984048644,9.1889,22.546,19.9938618270094,0.651006317277728
13.2,8,290,27-Jul-2026 21:51:00,35.44,35.1176065842391,9.2718,22.536,21.9815407732462,0.715711299165455
13.2,8,290,25-Jul-2026 11:50:01,35.45,35.1275147631248,8.7222,22.597,8.52012874716501,0.277445857115827
13.2,8,290,27-Jul-2026 20:50:59,35.45,35.1275147631248,9.2754,22.536,21.9388503037461,0.714323013664536
13.2,8,290,26-Jul-2026 21:50:36,35.46,35.1374229415213,8.8842,22.585,13.609810152494,0.443170858077324
13.2,8,290,27-Jul-2026 00:50:38,35.46,35.1374229415213,8.9173,22.581,17.4380054005426,0.56781939158474
13.2,8,290,27-Jul-2026 23:51:02,35.46,35.1374229415213,9.2053,22.54,16.4814026550436,0.536636868224081
13.2,8,290,28-Jul-2026 02:51:05,35.46,35.1374229415213,9.0088,22.558,10.7354290325951,0.349560458851592
13.2,8,290,26-Jul-2026 03:50:18,35.47,35.1473311194544,8.9158,22.579,14.3925678157766,0.46865559082114
13.2,8,290,26-Jul-2026 20:50:35,35.47,35.1473311194544,9.0818,22.563,19.0527987673031,0.620382508051259
13.2,8,290,26-Jul-2026 22:50:37,35.47,35.1473311194544,8.9015,22.582,13.0366759902334,0.424506092986097
13.2,8,290,27-Jul-2026 04:50:42,35.47,35.1473311194544,8.9129,22.58,11.8615280994836,0.386239363173851
13.2,8,290,27-Jul-2026 17:50:56,35.47,35.1473311194544,9.1284,22.547,18.0457799177116,0.58757915500141
13.2,8,290,27-Jul-2026 22:51:01,35.47,35.1473311194544,9.1027,22.559,18.3441957696334,0.597298577203642
13.2,8,290,28-Jul-2026 01:51:04,35.47,35.1473311194544,9.0532,22.555,9.33269650211146,0.303883317552319
13.2,8,290,26-Jul-2026 13:50:28,35.48,35.1572392969046,8.9948,22.574,21.4539926392722,0.698581255227607
13.2,8,290,26-Jul-2026 14:50:29,35.48,35.1572392969046,9.0043,22.572,21.2540601196439,0.69206995754361
13.2,8,290,26-Jul-2026 18:50:33,35.48,35.1572392969046,8.9226,22.58,14.4437883730417,0.47032315598778
13.2,8,290,26-Jul-2026 23:50:37,35.48,35.1572392969046,8.9573,22.576,14.87554924023,0.484379644304774
13.2,8,290,27-Jul-2026 02:50:40,35.48,35.1572392969046,8.8557,22.585,9.79573034050442,0.318975740572906
13.2,8,290,27-Jul-2026 05:50:43,35.48,35.1572392969046,8.8557,22.578,9.58142464539235,0.311995740357164
13.2,8,290,27-Jul-2026 06:50:44,35.48,35.1572392969046,8.8135,22.582,2.61866912482074,0.0852713603788695
13.2,8,290,28-Jul-2026 04:51:07,35.48,35.1572392969046,8.9843,22.561,8.84956566859124,0.288155914771756
13.2,8,290,28-Jul-2026 05:51:08,35.48,35.1572392969046,8.999,22.56,8.75288469305358,0.285007277819951
13.2,8,290,28-Jul-2026 06:51:09,35.48,35.1572392969046,8.9805,22.562,8.71270982676321,0.28369981103125
13.2,8,290,25-Jul-2026 16:50:06,35.49,35.1671474738593,8.6857,22.597,4.58246448669694,0.149222369960981
13.2,8,290,25-Jul-2026 22:50:13,35.49,35.1671474738593,8.7711,22.586,6.4207002622525,0.209077867229438
13.2,8,290,26-Jul-2026 15:50:30,35.49,35.1671474738593,9.064,22.564,22.8629361618485,0.744446552120141
13.2,8,290,26-Jul-2026 17:50:32,35.49,35.1671474738593,9.0995,22.562,21.0646481649207,0.685889269957347
13.2,8,290,26-Jul-2026 19:50:34,35.49,35.1671474738593,8.9357,22.578,13.6178897477887,0.443428635213
13.2,8,290,28-Jul-2026 00:51:03,35.49,35.1671474738593,9.0563,22.555,12.1944967199334,0.397066190887448
13.2,8,290,28-Jul-2026 03:51:06,35.49,35.1671474738593,9.034,22.557,11.2884643530102,0.367567359932047
13.2,8,290,28-Jul-2026 07:51:10,35.49,35.1671474738593,9.0689,22.555,11.3478542184861,0.369498753470103
13.2,8,290,25-Jul-2026 23:50:14,35.5,35.1770556503503,8.7882,22.587,5.10178560416435,0.166129837177585
13.2,8,290,26-Jul-2026 16:50:31,35.5,35.1770556503503,9.0831,22.563,22.6783521120576,0.738433119522313
13.2,8,290,27-Jul-2026 16:50:55,35.5,35.1770556503503,9.0607,22.555,15.2391682967158,0.496204243408977
13.2,8,290,28-Jul-2026 08:51:11,35.5,35.1770556503503,8.9805,22.565,8.54453471347062,0.278224585650566
13.2,8,290,25-Jul-2026 15:50:05,35.51,35.1869638263585,8.6645,22.598,4.24815859724266,0.138336454442649
13.2,8,290,27-Jul-2026 03:50:41,35.51,35.1869638263585,8.905,22.581,12.1017238668746,0.394061169595356
13.2,8,290,27-Jul-2026 07:50:45,35.51,35.1869638263585,8.8737,22.579,5.65935064618798,0.184282938481802
13.2,8,290,28-Jul-2026 09:51:12,35.51,35.1869638263585,8.977,22.563,7.84629353164561,0.255488661620694
13.2,8,290,28-Jul-2026 17:51:20,35.52,35.1968720018772,9.0593,22.556,9.10129920214207,0.29634870769176
13.2,8,290,28-Jul-2026 19:51:22,35.52,35.1968720018772,9.0852,22.553,10.5335164019397,0.342981648373079
13.2,8,290,25-Jul-2026 12:50:02,35.53,35.2067801769194,8.7109,22.597,7.08365451088027,0.230669515531553
13.2,8,290,26-Jul-2026 00:50:15,35.53,35.2067801769194,8.8018,22.585,6.71579690465207,0.21868621990137
13.2,8,290,26-Jul-2026 01:50:16,35.53,35.2067801769194,8.8155,22.583,7.46829582569769,0.243189121353606
13.2,8,290,27-Jul-2026 08:50:46,35.53,35.2067801769194,8.8793,22.579,6.8780396413166,0.223965984238874
13.2,8,290,26-Jul-2026 02:50:17,35.54,35.2166883514786,8.8604,22.58,10.1688173204862,0.331123380328686
13.2,8,290,27-Jul-2026 09:50:47,35.54,35.2166883514786,8.9035,22.577,7.81426228956468,0.254450678200793
13.2,8,290,27-Jul-2026 14:50:52,35.54,35.2166883514786,8.9389,22.569,9.51997514057957,0.30998916757606
13.2,8,290,27-Jul-2026 15:50:54,35.54,35.2166883514786,8.9652,22.567,10.4358524635898,0.339810418756201
13.2,8,290,28-Jul-2026 16:51:19,35.54,35.2166883514786,9.0353,22.558,8.32406071578173,0.271042378245564
13.2,8,290,28-Jul-2026 18:51:21,35.54,35.2166883514786,9.0568,22.556,9.37518665010122,0.305267139174691
13.2,8,290,25-Jul-2026 13:50:03,35.55,35.2265965255611,8.7067,22.598,10.102960046596,0.328987231052627
13.2,8,290,25-Jul-2026 14:50:04,35.55,35.2265965255611,8.661,22.6,3.14257013569907,0.102334379688161
13.2,8,290,27-Jul-2026 10:50:48,35.55,35.2265965255611,8.911,22.577,7.60535460528209,0.247647831806711
13.2,8,290,27-Jul-2026 11:50:49,35.55,35.2265965255611,8.9195,22.576,8.4778314976614,0.276057455264966
13.2,8,290,28-Jul-2026 10:51:13,35.55,35.2265965255611,8.9596,22.565,7.22050901459522,0.23511287653747
13.2,8,290,29-Jul-2026 09:51:36,35.55,35.2265965255611,9.154,22.547,8.59399054501244,0.279824664629648
13.2,8,290,29-Jul-2026 10:51:37,35.55,35.2265965255611,9.3477,22.526,9.62954914085116,0.313530160948379
13.2,8,290,29-Jul-2026 11:51:38,35.55,35.2265965255611,9.2455,22.535,10.6578384227047,0.34701806401298
13.2,8,290,28-Jul-2026 15:51:18,35.56,35.2365046991606,8.998,22.561,7.36624510639498,0.239856430252115
13.2,8,290,28-Jul-2026 20:51:23,35.56,35.2365046991606,9.0831,22.553,10.1443771275682,0.330310892938652
13.2,8,290,28-Jul-2026 21:51:23,35.56,35.2365046991606,9.0751,22.555,9.07021302520286,0.295335860584041
13.2,8,290,29-Jul-2026 12:51:39,35.56,35.2365046991606,9.1931,22.541,10.2999873534028,0.33536986224383
13.2,8,290,27-Jul-2026 12:50:50,35.57,35.2464128722833,8.93,22.571,9.79431802715184,0.318923239966373
13.2,8,290,28-Jul-2026 11:51:14,35.57,35.2464128722833,9.0386,22.558,10.8624309481008,0.353693744037738
13.2,8,290,28-Jul-2026 12:51:15,35.57,35.2464128722833,9.0335,22.558,8.96602332091178,0.29194560758954
13.2,8,290,29-Jul-2026 07:51:34,35.57,35.2464128722833,9.0474,22.557,6.50498604418139,0.211810479230122
13.2,8,290,27-Jul-2026 13:50:51,35.58,35.2563210449163,8.9354,22.57,10.113730210227,0.329323692508793
13.2,8,290,28-Jul-2026 14:51:17,35.58,35.2563210449163,8.9856,22.564,7.73424994783901,0.251840484922789
13.2,8,290,29-Jul-2026 08:51:35,35.58,35.2563210449163,9.0533,22.556,6.45016627923529,0.210024670121363
13.2,8,290,28-Jul-2026 22:51:24,35.59,35.2662292170662,9.0773,22.554,7.54315624763712,0.245612786314762
13.2,8,290,28-Jul-2026 13:51:16,35.6,35.276137388752,8.9667,22.565,7.45131332614409,0.242628175850067
13.2,8,290,29-Jul-2026 13:51:41,35.6,35.276137388752,9.0496,22.556,5.81785379346556,0.189436348499422
13.2,8,290,29-Jul-2026 14:51:42,35.6,35.276137388752,9.1163,22.549,6.41490342372842,0.208874448515551
13.2,8,290,28-Jul-2026 23:51:25,35.61,35.2860455599353,9.0618,22.556,8.16800530691603,0.265959675764469
13.2,8,290,29-Jul-2026 06:51:32,35.61,35.2860455599353,9.025,22.559,6.50868297868941,0.21193180529808
13.2,8,290,29-Jul-2026 05:51:31,35.65,35.3256782399242,9.0552,22.555,5.43116456892473,0.176845121712222
13.2,8,290,29-Jul-2026 15:51:43,35.65,35.3256782399242,9.1373,22.548,8.29948045735857,0.270236248351358
13.2,8,290,29-Jul-2026 00:51:26,35.66,35.3355864087159,9.0782,22.554,8.50464135579769,0.276920120804515
13.2,8,290,29-Jul-2026 01:51:27,35.67,35.3454945770305,9.1302,22.548,8.40719104945055,0.273744038534591
13.2,8,290,29-Jul-2026 02:51:28,35.69,35.3653109122088,9.1434,22.547,9.17295678306452,0.298676927864867
13.2,8,290,29-Jul-2026 04:51:30,35.69,35.3653109122088,9.0688,22.554,6.50065669008214,0.211668297661879
13.2,8,290,29-Jul-2026 16:51:44,35.69,35.3653109122088,9.0872,22.553,7.74726521493826,0.252257923875299
13.2,8,290,29-Jul-2026 17:51:45,35.69,35.3653109122088,9.1562,22.545,6.96724670143587,0.22685695981884
13.2,8,290,29-Jul-2026 21:51:49,35.69,35.3653109122088,9.1547,22.545,8.31526188961176,0.270748778621911
13.2,8,290,29-Jul-2026 03:51:29,35.7,35.3752190790853,9.1158,22.55,8.63939476005476,0.281305571334037
13.2,8,290,29-Jul-2026 18:51:46,35.7,35.3752190790853,9.2445,22.533,6.72361343829419,0.218920050982408
13.2,8,290,29-Jul-2026 19:51:47,35.7,35.3752190790853,9.304,22.528,12.4793948351511,0.406321203482552
13.2,8,290,29-Jul-2026 23:51:51,35.71,35.3851272454716,9.0257,22.558,NaN,NaN
13.2,8,290,29-Jul-2026 20:51:48,35.72,35.3950354113742,9.2498,22.535,10.863923135765,0.353727600338113
13.2,8,290,29-Jul-2026 22:51:50,35.72,35.3950354113742,9.0077,22.56,4.59882476384008,0.149744694778934
13.2,8,590,NaT,0,0,NaN,NaN,NaN,NaN
13.2,8,590,NaT,0.2,0.198197575549084,NaN,NaN,NaN,NaN
13.2,8,590,30-Jul-2026 01:50:48,0.4,0.396394958602638,18.3885,18.739,246.441179009895,7.98681238654745
13.2,8,590,30-Jul-2026 01:50:40,0.6,0.594592149189359,18.38858,18.739,246.399022444697,7.98543769932998
13.2,8,590,30-Jul-2026 01:50:33,0.8,0.792789147292957,18.3928,18.736,246.478501688734,7.98801161389848
13.2,8,590,30-Jul-2026 01:50:26,1,0.990985952922833,18.3910928571429,18.736,246.462472352752,7.98749696009806
13.2,8,590,30-Jul-2026 01:50:20,1.2,1.18918256608195,18.39412,18.736,246.406194149462,7.98568014062837
13.2,8,590,30-Jul-2026 01:50:14,1.4,1.3873789867604,18.3955,18.737,246.489035798605,7.98838994631279
13.2,8,590,30-Jul-2026 01:50:06,1.6,1.58557521495471,18.3954333333333,18.7396666666667,246.532533619211,7.98981072328895
13.2,8,590,30-Jul-2026 01:49:59,1.8,1.78377125068706,18.3951769230769,18.7398461538462,246.512549222796,7.9891691347959
13.2,8,590,30-Jul-2026 01:49:52,2,1.98196709394753,18.3956,18.739,246.51253124242,7.98918062019324
13.2,8,590,30-Jul-2026 01:49:45,2.2,2.18016274473901,18.3957857142857,18.7407142857143,246.595961895103,7.99190754495014
13.2,8,590,30-Jul-2026 01:49:37,2.4,2.37835820305796,18.39558,18.7422,246.657780091599,7.99390811178259
13.2,8,590,30-Jul-2026 01:49:30,2.6,2.57655346890084,18.3956571428571,18.7398571428571,246.654840852185,7.99382243000828
13.2,8,590,30-Jul-2026 01:49:22,2.8,2.7747485422962,18.3955818181818,18.743,246.618769750245,7.9926784415724
13.2,8,590,30-Jul-2026 01:49:15,3,2.97294342320192,18.3947363636364,18.7467272727273,246.6352683786,7.99324367350276
13.2,8,590,30-Jul-2026 01:49:09,3.2,3.1711381116594,18.39375,18.7515,246.672711163866,7.99449018385419
13.2,8,590,30-Jul-2026 01:49:01,3.4,3.36933260765859,18.3921769230769,18.7554615384615,246.751802746214,7.99709251496421
13.2,8,590,30-Jul-2026 01:48:55,3.6,3.56752691117663,18.3899571428571,18.761,246.845343633009,8.00015017723903
13.2,8,590,30-Jul-2026 01:48:50,3.8,3.76572102225485,18.3902125,18.76275,246.930018398847,8.00290053965227
13.2,8,590,30-Jul-2026 01:48:43,4,3.9639149408575,18.3897727272727,18.7618181818182,246.991377739279,8.00488827103911
13.2,8,590,30-Jul-2026 01:48:37,4.2,4.16210866700663,18.3871705882353,18.7682352941176,247.194634081512,8.01153681231719
13.2,8,590,30-Jul-2026 01:48:32,4.4,4.360302200705,18.3855666666667,18.772,247.231636781402,8.0127711638608
13.2,8,590,30-Jul-2026 01:48:27,4.6,4.55849554193609,18.385175,18.77475,247.289270159795,8.01469450660947
13.2,8,590,30-Jul-2026 01:48:22,4.8,4.75668869070905,18.3815823529412,18.7912941176471,247.327725609389,8.01601330745466
13.2,8,590,30-Jul-2026 01:48:18,5,4.95488164703947,18.37985,18.7997222222222,247.326372451681,8.01603857519132
13.2,8,590,30-Jul-2026 01:48:13,5.2,5.15307441091721,18.3724176470588,18.8654117647059,247.248123316413,8.01398625881734
13.2,8,590,30-Jul-2026 01:48:08,5.4,5.35126698233855,18.3754333333333,18.905,247.256388846087,8.01447551185683
13.2,8,590,30-Jul-2026 01:48:03,5.6,5.54945936131259,18.3819857142857,18.9494285714286,247.202408921359,8.01287915912187
13.2,8,590,30-Jul-2026 01:47:56,5.8,5.74765154782918,18.3826818181818,18.9577272727273,247.181044213662,8.01236053389552
13.2,8,590,30-Jul-2026 01:47:49,6,5.94584354191667,18.3880538461538,19.013,247.227926385904,8.01416813284171
13.2,8,590,30-Jul-2026 01:47:42,6.2,6.14403534354558,18.3958333333333,19.0756666666667,247.248194766654,8.01513862267737
13.2,8,590,30-Jul-2026 01:47:33,6.4,6.34222695272499,18.4019,19.099,247.269796593691,8.01598201605279
13.2,8,590,30-Jul-2026 01:47:23,6.6,6.54041836945752,18.41806,19.1563333333333,247.288859898341,8.01696842539678
13.2,8,590,30-Jul-2026 01:47:13,6.8,6.7386095937522,18.4324,19.224,247.274761207562,8.01687883843467
13.2,8,590,30-Jul-2026 01:47:02,7,6.93680062561165,18.4354,19.2445,247.239272000471,8.01587844498886
13.2,8,590,30-Jul-2026 01:46:51,7.2,7.1349914650256,18.43842,19.2814,247.21301575011,8.01518625733403
13.2,8,590,30-Jul-2026 01:46:40,7.4,7.33318211199662,18.4391666666667,19.3138333333333,247.260504115656,8.01699083356467
13.2,8,590,30-Jul-2026 01:46:29,7.6,7.53137256654014,18.4403846153846,19.3206153846154,247.395258883551,8.02142070715946
13.2,8,590,30-Jul-2026 01:46:20,7.8,7.72956282863301,18.4358545454545,19.3291818181818,247.428728848703,8.02257558608061
13.2,8,590,30-Jul-2026 01:46:11,8,7.92775289829704,18.435,19.3270833333333,247.464279361034,8.02390663336358
13.2,8,590,30-Jul-2026 01:45:58,8.2,8.12594277552191,18.395025,19.36975,247.572403159434,8.02769069731343
13.2,8,590,30-Jul-2026 01:45:40,8.4,8.32413246031655,18.3606454545455,19.3966363636364,247.665161864836,8.03093369375857
13.2,8,590,30-Jul-2026 01:45:16,8.6,8.52232195267705,18.29415,19.431,247.672062738348,8.03135877439393
13.2,8,590,30-Jul-2026 01:44:57,8.8,8.7205112526059,18.2556363636364,19.4761818181818,247.620159006081,8.02995330956325
13.2,8,590,30-Jul-2026 01:44:44,9,8.91870036010559,18.2485454545455,19.4939090909091,246.899505307257,8.00673485440525
13.2,8,590,30-Jul-2026 01:44:34,9.2,9.11688927518497,18.2610333333333,19.5161666666667,246.335630393536,7.98854366765813
13.2,8,590,30-Jul-2026 01:44:26,9.4,9.31507799782726,18.264,19.5185,246.177173797515,7.98341736980626
13.2,8,590,30-Jul-2026 01:44:17,9.6,9.51326652803489,18.26046,19.519,246.163106164707,7.98297188282251
13.2,8,590,30-Jul-2026 01:44:08,9.8,9.71145486583598,18.2629363636364,19.5195454545455,246.160649375866,7.98289643836054
13.2,8,590,30-Jul-2026 01:43:42,10,9.90964301120082,18.2696636363636,19.5214545454545,246.069399618138,7.97995033095932
13.2,8,590,30-Jul-2026 01:43:06,10.2,10.1078309641511,18.2723636363636,19.5248181818182,245.713944880786,7.96844061685347
13.2,8,590,30-Jul-2026 01:42:39,10.4,10.3060187246635,18.2853230769231,19.5306923076923,245.225973848427,7.95272792625936
13.2,8,590,30-Jul-2026 01:42:22,10.6,10.5042062927725,18.336125,19.595,244.913676651043,7.94281597128873
13.2,8,590,30-Jul-2026 01:42:08,10.8,10.7023936684484,18.3437727272727,19.6175454545455,244.639776131293,7.93411503103945
13.2,8,590,30-Jul-2026 01:41:45,11,10.9005808517193,18.3294818181818,19.6287272727273,243.809255500243,7.90737999965591
13.2,8,590,30-Jul-2026 01:41:14,11.2,11.0987678425617,18.2500846153846,19.6417692307692,243.372192556925,7.89350554395796
13.2,8,590,30-Jul-2026 01:40:55,11.4,11.2969546410037,18.18379,19.6368,243.181847556556,7.88767033545161
13.2,8,590,30-Jul-2026 01:40:38,11.6,11.4951412470155,18.0906461538462,19.6419230769231,243.300629994172,7.89173138163346
13.2,8,590,30-Jul-2026 01:40:27,11.8,11.6933276606186,17.95915,19.6365,243.14969921938,7.88718653199468
13.2,8,590,30-Jul-2026 01:40:17,12,11.8915138818154,17.8617076923077,19.6455384615385,242.702750580542,7.87296695691415
13.2,8,590,30-Jul-2026 01:40:09,12.2,12.0896999105889,17.6895153846154,19.7103846153846,242.157195050598,7.85560537603152
13.2,8,590,30-Jul-2026 01:39:59,12.4,12.2878857469605,17.57082,19.7876,241.513032629547,7.8351017893468
13.2,8,590,30-Jul-2026 01:39:50,12.6,12.4860713909198,17.4915,19.844,240.366641572238,7.79852746833653
13.2,8,590,30-Jul-2026 01:39:36,12.8,12.6842568424818,17.3982785714286,19.9437857142857,239.396400202357,7.76768573895935
13.2,8,590,30-Jul-2026 01:39:25,13,12.8824421016166,17.3698461538462,19.9816153846154,238.393182864457,7.73538394496191
13.2,8,590,30-Jul-2026 01:39:15,13.2,13.0806271683585,17.3485636363636,20.0082727272727,237.183094354436,7.69631530246291
13.2,8,590,30-Jul-2026 01:39:03,13.4,13.278812042697,17.3307272727273,20.0388181818182,236.274475571944,7.66699466964008
13.2,8,590,30-Jul-2026 01:38:52,13.6,13.476996724647,17.332,20.044,235.389257786387,7.63829085778618
13.2,8,590,30-Jul-2026 01:38:39,13.8,13.6751812141786,17.3238363636364,20.0480909090909,234.991739843047,7.62542560415031
13.2,8,590,30-Jul-2026 01:38:30,14,13.8733655113132,17.320175,20.0555,234.722303664646,7.61674143134219
13.2,8,590,30-Jul-2026 01:38:19,14.2,14.0715496160402,17.3149285714286,20.0661428571429,234.469836246993,7.60859475518516
13.2,8,590,30-Jul-2026 01:37:46,14.4,14.269733528381,17.3084,20.071,234.106255825149,7.59680449485146
13.2,8,590,30-Jul-2026 01:36:27,14.6,14.4679172483184,17.30426,20.0782,231.169886752555,7.50160730256546
13.2,8,590,30-Jul-2026 01:34:12,14.8,14.6661007758609,17.2913538461538,20.0884615384615,230.82557393327,7.49051332359344
13.2,8,590,30-Jul-2026 01:31:18,15,14.8642841110043,17.2307,20.129,223.13379051485,7.24131936842533
13.2,8,590,30-Jul-2026 01:27:34,15.2,15.0624672537699,17.1974,20.157,219.772475960394,7.13274768043817
13.2,8,590,30-Jul-2026 01:25:40,15.4,15.2606502041341,16.95492,20.3264,208.383202221787,6.76513689345572
13.2,8,590,30-Jul-2026 01:24:18,15.6,15.4588329621054,16.3790909090909,20.6627272727273,206.968329524068,6.72064074899464
13.2,8,590,30-Jul-2026 01:23:02,15.8,15.6570155276859,16.3550727272727,20.7059090909091,199.768457225585,6.48702516081357
13.2,8,590,30-Jul-2026 01:22:12,16,15.855197900884,16.3308909090909,20.7095454545455,197.97717572487,6.42891397703679
13.2,8,590,30-Jul-2026 01:20:36,16.2,16.0533800816824,16.285,20.7314,178.076461848977,5.7829280826319
13.2,8,590,30-Jul-2026 01:19:43,16.4,16.2515620701089,16.3058,20.78575,104.780339458092,3.40304052610514
13.2,8,590,30-Jul-2026 01:18:07,16.6,16.4497438661527,16.1892071428571,20.7849285714286,83.7122356625237,2.71901980673365
13.2,8,590,30-Jul-2026 01:18:00,16.8,16.6479254697964,15.60385,20.9414444444444,76.4036884735381,2.48275662521172
13.2,8,590,30-Jul-2026 01:17:56,17,16.8461068810614,14.2903272727273,21.3657272727273,70.3489363563056,2.2867787929541
13.2,8,590,30-Jul-2026 01:17:53,17.2,17.0442880999495,13.8960714285714,21.4551428571429,67.2329857127111,2.18577106040761
13.2,8,590,30-Jul-2026 01:17:49,17.4,17.2424691264628,13.4445,21.60975,65.2458215107081,2.1215883966448
13.2,8,590,30-Jul-2026 01:17:46,17.6,17.4406499605967,12.7846384615385,21.8753076923077,62.7024373484112,2.03954605121884
13.2,8,590,30-Jul-2026 01:17:43,17.8,17.6388306023468,12.4887461538462,21.9890769230769,60.4423530175732,1.96616130204592
13.2,8,590,30-Jul-2026 01:17:40,18,17.8370110517151,12.3571666666667,22.0453333333333,58.1822686867351,1.892776552873
13.2,8,590,30-Jul-2026 01:17:37,18.2,18.0351913087097,12.2439764705882,22.0542941176471,55.8772593005287,1.81780089904141
13.2,8,590,30-Jul-2026 01:17:34,18.4,18.2333713733455,12.194,22.0498461538462,53.5722499143223,1.74282524520981
13.2,8,590,30-Jul-2026 01:17:32,18.6,18.4315512455986,12.15605,22.069875,51.8741995987721,1.68761169912841
13.2,8,590,30-Jul-2026 01:17:29,18.8,18.629730925471,12.08408125,22.08375,50.1761492832219,1.63239815304701
13.2,8,590,30-Jul-2026 01:17:26,19,18.8279104129773,12.0746857142857,22.0803571428571,48.395424626975,1.57448984185878
13.2,8,590,30-Jul-2026 01:17:24,19.2,19.0260897081193,12.068525,22.0790625,46.5320256300314,1.51388676556372
13.2,8,590,30-Jul-2026 01:17:21,19.4,19.2242688108926,12.0160944444444,22.0967222222222,44.951083652704,1.46249684503676
13.2,8,590,30-Jul-2026 01:17:19,19.6,19.4224477212988,11.8582,22.1275,43.6525986949931,1.4203200802779
13.2,8,590,30-Jul-2026 01:17:16,19.8,19.6206264393334,11.65909375,22.1646875,42.3541137372822,1.37814331551904
13.2,8,590,30-Jul-2026 01:17:13,20,19.8188049650046,11.4786,22.2053333333333,40.9750357804106,1.33331760960776
13.2,8,590,30-Jul-2026 01:17:11,20.2,20.0169832983142,11.3203,22.241,39.5959578235391,1.28849190369647
13.2,8,590,30-Jul-2026 01:17:08,20.4,20.215161439264,11.24492,22.2482666666667,38.2307180779831,1.24409607902594
13.2,8,590,30-Jul-2026 01:17:06,20.6,20.4133393878363,11.2045277777778,22.252,36.8793165437427,1.20013013559616
13.2,8,590,30-Jul-2026 01:17:04,20.8,20.6115171440652,11.1791,22.254,35.5279150095023,1.15616419216638
13.2,8,590,30-Jul-2026 01:17:01,21,20.8096947079266,11.1473411764706,22.2592941176471,34.1631021777502,1.11176764167174
13.2,8,590,30-Jul-2026 01:16:59,21.2,21.0078720794479,11.08965,22.274625,32.7982893459981,1.0673710911771
13.2,8,590,30-Jul-2026 01:16:56,21.4,21.206049258586,11.0484941176471,22.2854117647059,31.3627699378525,1.02066476789042
13.2,8,590,30-Jul-2026 01:16:54,21.6,21.4042262453874,11.0466666666667,22.2853333333333,29.8565439533132,0.9716486718117
13.2,8,590,30-Jul-2026 01:16:52,21.8,21.6024030398282,11.0459375,22.286,28.350317968774,0.922632575732979
13.2,8,590,30-Jul-2026 01:16:49,22,21.8005796419164,11.0439666666667,22.2849333333333,26.5496338580482,0.864032701963873
13.2,8,590,30-Jul-2026 01:16:47,22.2,21.9987560516536,11.0435571428571,22.2842857142857,24.9570803053305,0.812207215995697
13.2,8,590,30-Jul-2026 01:16:45,22.4,22.1969322690417,11.0371117647059,22.2858823529412,23.3173527859099,0.758848424138992
13.2,8,590,30-Jul-2026 01:16:43,22.6,22.395108294082,11.02565,22.29,21.4223207417784,0.697181938592824
13.2,8,590,30-Jul-2026 01:16:40,22.8,22.5932841267636,11.0141142857143,22.2931428571429,19.9578059928024,0.649523333984043
13.2,8,590,30-Jul-2026 01:16:38,23,22.7914597671136,11.0063,22.2934761904762,18.5106632204006,0.602429173523054
13.2,8,590,30-Jul-2026 01:16:37,23.2,22.9896352151015,11.0021,22.293,17.0635204479988,0.555335013062063
13.2,8,590,30-Jul-2026 01:16:34,23.4,23.1878104707546,10.9945315789474,22.293,15.616377675597,0.508240852601075
13.2,8,590,30-Jul-2026 01:16:32,23.6,23.3859855340681,10.9622,22.30455,14.5338152029152,0.473027857933107
13.2,8,590,30-Jul-2026 01:16:30,23.8,23.5841604050242,10.842295,22.33655,13.4512527302335,0.437814863265141
13.2,8,590,30-Jul-2026 01:16:29,24,23.7823350836502,10.7140565217391,22.3535652173913,13.0501295390473,0.424763183115964
13.2,8,590,30-Jul-2026 01:16:27,24.2,23.9805095699347,10.6111,22.372,12.6931968197797,0.413167949937918
13.2,8,590,30-Jul-2026 01:16:25,24.4,24.1786838638858,10.44,22.433,12.3804545724309,0.403029163731004
13.2,8,590,30-Jul-2026 01:16:23,24.6,24.3768579654856,10.0959130434783,22.5124782608696,12.0407978792327,0.391990517720257
13.2,8,590,30-Jul-2026 01:16:21,24.8,24.5750318747613,9.81057142857143,22.4901904761905,11.7152944459444,0.381391594977393
13.2,8,590,30-Jul-2026 01:16:20,25,24.7732055917016,9.774,22.474,11.4308587184153,0.372132255306243
13.2,8,590,30-Jul-2026 01:16:18,25.2,24.9713791163016,9.75165217391304,22.4835652173913,11.1464229908862,0.362872915635093
13.2,8,590,30-Jul-2026 01:16:16,25.4,25.169552448569,9.73226086956522,22.4872173913043,10.7870283021182,0.351175355497314
13.2,8,590,30-Jul-2026 01:16:14,25.6,25.3677255885182,9.70110833333333,22.4955833333333,10.5294218277946,0.342792269449809
13.2,8,590,30-Jul-2026 01:16:13,25.8,25.565898536125,9.65842380952381,22.503380952381,10.271815353471,0.334409183402304
13.2,8,590,30-Jul-2026 01:16:11,26,25.7640712913971,9.626175,22.501875,10.0028381350692,0.32565312863169
13.2,8,590,30-Jul-2026 01:16:09,26.2,25.9622438543425,9.61522,22.4952,9.76656278901112,0.317960528517909
13.2,8,590,30-Jul-2026 01:16:08,26.4,26.1604162249753,9.6069,22.496,9.57436005937509,0.311704351784073
13.2,8,590,30-Jul-2026 01:16:06,26.6,26.3585884032649,9.59707391304348,22.500347826087,9.38215732973906,0.305448175050236
13.2,8,590,30-Jul-2026 01:16:04,26.8,26.5567603892446,9.58499523809524,22.5034285714286,9.18622578536443,0.299071548681818
13.2,8,590,30-Jul-2026 01:16:02,27,26.7549321828902,9.560676,22.50656,9.03044403386869,0.294000757790046
13.2,8,590,30-Jul-2026 01:16:00,27.2,26.9531037842159,9.54379047619048,22.508,8.87466228237295,0.288929966898273
13.2,8,590,30-Jul-2026 01:15:59,27.4,27.1512751932166,9.53564347826087,22.5088695652174,8.69734975331252,0.283158252914574
13.2,8,590,30-Jul-2026 01:15:57,27.6,27.3494464099193,9.526944,22.51,8.48730861297674,0.276320716645243
13.2,8,590,30-Jul-2026 01:15:55,27.8,27.5476174342867,9.51742857142857,22.51,8.26606963893035,0.269118281182208
13.2,8,590,30-Jul-2026 01:15:53,28,27.745788266333,9.51371904761905,22.51,8.10969529341417,0.26402760916046
13.2,8,590,30-Jul-2026 01:15:52,28.2,27.9439589060724,9.5101,22.51,8.01818557642818,0.261048700580001
13.2,8,590,30-Jul-2026 01:15:50,28.4,28.1421293534805,9.50618695652174,22.51,7.9266758594422,0.258069791999541
13.2,8,590,30-Jul-2026 01:15:48,28.6,28.3402996085904,9.5005,22.5107083333333,7.62447120982736,0.248232101570365
13.2,8,590,30-Jul-2026 01:15:46,28.8,28.5384696713844,9.49034,22.51295,7.32226656021252,0.238394411141189
13.2,8,590,30-Jul-2026 01:15:44,29,28.7366395418636,9.4738,22.5165,7.162618573093,0.233197210846345
13.2,8,590,30-Jul-2026 01:15:43,29.2,28.934809220042,9.458135,22.5183,7.00297058597348,0.228000010551501
13.2,8,590,30-Jul-2026 01:15:41,29.4,29.1329787058952,9.45027307692308,22.5167307692308,6.82059439030822,0.222062714444479
13.2,8,590,30-Jul-2026 01:15:39,29.6,29.3311479994501,9.44634583333334,22.516,6.64122922065091,0.21622331393178
13.2,8,590,30-Jul-2026 01:15:38,29.8,29.5293171006951,9.4452625,22.516,6.48760328554728,0.211221904825582
13.2,8,590,30-Jul-2026 01:15:36,30,29.7274860096376,9.44218571428571,22.516,6.33397735044366,0.206220495719384
13.2,8,590,30-Jul-2026 01:15:34,30.2,29.9256547262789,9.4409,22.516,6.13398413902674,0.199709602747053
13.2,8,590,30-Jul-2026 01:15:32,30.4,30.1238232506009,9.43534285714286,22.5171428571429,5.98640861327881,0.19490539879912
13.2,8,590,30-Jul-2026 01:15:31,30.6,30.3219915826432,9.42716296296296,22.5184074074074,5.83883308753088,0.190101194851186
13.2,8,590,30-Jul-2026 01:15:29,30.8,30.5201597223684,9.41778,22.5194,5.68271564913976,0.185018937093031
13.2,8,590,30-Jul-2026 01:15:27,31,30.7183276698033,9.40378333333333,22.5206666666667,5.5450509824004,0.180537315876862
13.2,8,590,30-Jul-2026 01:15:26,31.2,30.9164954249361,9.3982,22.519,5.43438099995602,0.176934385012902
13.2,8,590,30-Jul-2026 01:15:24,31.4,31.114662987768,9.3932,22.5198333333333,5.32371101751164,0.173331454148941
13.2,8,590,30-Jul-2026 01:15:22,31.6,31.3128303583065,9.3842,22.52192,5.22036253221341,0.169967592845695
13.2,8,590,30-Jul-2026 01:15:20,31.8,31.5109975365525,9.37475,22.5219,5.18304427887335,0.168754842444278
13.2,8,590,30-Jul-2026 01:15:19,32,31.7091645225008,9.34489583333333,22.5338333333333,5.14572602553329,0.167542092042861
13.2,8,590,30-Jul-2026 01:15:17,32.2,31.9073313161587,9.29251739130435,22.5468695652174,5.10827959103629,0.166324079244423
13.2,8,590,30-Jul-2026 01:15:15,32.4,32.1054979175274,9.233428,22.54472,5.07843824436991,0.165352991590052
13.2,8,590,30-Jul-2026 01:15:14,32.6,32.3036643266014,9.188068,22.55832,5.05633016669111,0.164634091476767
13.2,8,590,30-Jul-2026 01:15:12,32.8,32.5018305433944,9.158744,22.5514,5.0342220890123,0.163915191363482
13.2,8,590,30-Jul-2026 01:15:10,33,32.6999965678948,9.14873913043478,22.5477826086957,5.01718848265073,0.163360688023984
13.2,8,590,30-Jul-2026 01:15:09,33.2,32.8981624001098,9.13785416666667,22.5492916666667,4.99288753486268,0.162569873275197
13.2,8,590,30-Jul-2026 01:15:07,33.4,33.0963280400341,9.1196,22.5516666666667,4.96858658707463,0.161779058526409
13.2,8,590,30-Jul-2026 01:15:05,33.6,33.2944934876813,9.1063,22.551,4.94774544579816,0.161100752483776
13.2,8,590,30-Jul-2026 01:15:03,33.8,33.4926587430396,9.10537391304348,22.551,4.92949649725101,0.16050670428528
13.2,8,590,30-Jul-2026 01:15:02,34,33.6908238061228,9.10511304347826,22.551,4.91037993492163,0.159884405224767
13.2,8,590,30-Jul-2026 01:15:00,34.2,33.8889886769189,9.10492727272727,22.551,4.89126337259224,0.159262106164255
13.2,8,590,30-Jul-2026 01:14:58,34.4,34.0871533554416,9.1047380952381,22.551,4.85214882718534,0.15798865968965
13.2,8,590,30-Jul-2026 01:14:56,34.6,34.2853178416727,9.10446,22.551,4.83623532794927,0.157470649586263
13.2,8,590,30-Jul-2026 01:14:54,34.8,34.4834821356386,9.10410909090909,22.551,4.8203218287132,0.156952639482876
13.2,8,590,30-Jul-2026 01:14:52,35,34.6816462373338,9.10393,22.551,4.80440832947713,0.156434629379488
13.2,8,590,30-Jul-2026 01:14:50,35.2,34.8798101467398,9.10398235294118,22.551,4.80706499620714,0.156520999584223
13.2,8,590,30-Jul-2026 01:14:47,35.4,35.0779738638832,9.10286923076923,22.551,4.72188270368235,0.153747905825129
13.2,8,590,30-Jul-2026 00:48:41,35.6,35.276137388752,9.09199473684211,22.5515263157895,4.54886145190275,0.148115348102205
13.2,8,700,30-Jul-2026 02:00:49,-0.4,-0.396395728545422,18.1611,0.774,NaN,NaN
13.2,8,700,30-Jul-2026 02:02:19,-0.4,-0.396395728545422,18.1609,9.167,260.208552934959,8.37304978727855
13.2,8,700,30-Jul-2026 02:01:09,-0.31,-0.307206622487697,18.1553,8.205,261.739141384304,8.41724307371822
13.2,8,700,30-Jul-2026 02:02:29,-0.29,-0.28738682643591,18.1613,9.159,260.23522921673,8.37392666634559
13.2,8,700,30-Jul-2026 02:01:59,-0.28,-0.277476929129887,18.1588,9.117,260.30442649545,8.37587147606591
13.2,8,700,30-Jul-2026 02:01:19,-0.27,-0.267567032312402,18.1543,9.004,260.960368012472,8.3951121013633
13.2,8,700,30-Jul-2026 02:01:39,-0.27,-0.267567032312402,18.1543,9.112,260.457613803944,8.38064951525611
13.2,8,700,30-Jul-2026 02:00:59,-0.26,-0.257657135970645,18.1582,8.055,265.379270952708,8.52197073309766
13.2,8,700,30-Jul-2026 02:01:49,-0.26,-0.257657135970645,18.1557,9.098,260.396731196851,8.37877081390704
13.2,8,700,30-Jul-2026 02:01:29,-0.25,-0.247747240104655,18.1537,9.041,260.545756910252,8.38321742944138
13.2,8,700,30-Jul-2026 02:02:09,-0.25,-0.247747240104655,18.1607,9.141,260.28116182813,8.37528002082857
13.2,8,700,30-Jul-2026 02:02:39,-0.22,-0.21801755541312,18.1634,9.167,NaN,NaN
14.2,9,190,NaT,0,0,NaN,NaN,NaN,NaN
14.2,9,190,30-Jul-2026 02:26:10,0.2,0.198197575549084,18.3281,16.3955,NaN,NaN
14.2,9,190,30-Jul-2026 02:28:47,0.4,0.396394958602638,18.3850461538462,18.6862307692308,NaN,NaN
14.2,9,190,30-Jul-2026 02:30:33,0.6,0.594592149189359,18.37991,18.693,NaN,NaN
14.2,9,190,30-Jul-2026 02:30:58,0.8,0.792789147292957,18.3786461538462,18.6921538461538,NaN,NaN
14.2,9,190,30-Jul-2026 02:31:20,1,0.990985952922833,18.3789666666667,18.6913333333333,NaN,NaN
14.2,9,190,30-Jul-2026 02:32:41,1.2,1.18918256608195,18.38174,18.6884,NaN,NaN
14.2,9,190,30-Jul-2026 02:32:59,1.4,1.3873789867604,18.382325,18.689,NaN,NaN
14.2,9,190,30-Jul-2026 02:33:16,1.6,1.58557521495471,18.382975,18.68975,NaN,NaN
14.2,9,190,30-Jul-2026 02:33:31,1.8,1.78377125068706,18.3833545454545,18.69,NaN,NaN
14.2,9,190,30-Jul-2026 02:33:55,2,1.98196709394753,18.3839818181818,18.69,NaN,NaN
14.2,9,190,30-Jul-2026 02:34:21,2.2,2.18016274473901,18.3844,18.691,NaN,NaN
14.2,9,190,30-Jul-2026 02:34:40,2.4,2.37835820305796,18.3846363636364,18.6921818181818,NaN,NaN
14.2,9,190,30-Jul-2026 02:35:06,2.6,2.57655346890084,18.38523,18.6939,NaN,NaN
14.2,9,190,30-Jul-2026 02:35:42,2.8,2.7747485422962,18.3852,18.694,NaN,NaN
14.2,9,190,30-Jul-2026 02:36:10,3,2.97294342320192,18.3855833333333,18.694,NaN,NaN
14.2,9,190,30-Jul-2026 02:36:42,3.2,3.1711381116594,18.3855272727273,18.6946363636364,NaN,NaN
14.2,9,190,30-Jul-2026 02:37:08,3.4,3.36933260765859,18.38555,18.696,NaN,NaN
14.2,9,190,30-Jul-2026 02:37:30,3.6,3.56752691117663,18.3856272727273,18.6982727272727,NaN,NaN
14.2,9,190,30-Jul-2026 02:38:40,3.8,3.76572102225485,18.38476,18.7014,NaN,NaN
14.2,9,190,30-Jul-2026 02:40:39,4,3.9639149408575,18.384,18.7033,NaN,NaN
14.2,9,190,30-Jul-2026 02:43:58,4.2,4.16210866700663,18.384,18.705,NaN,NaN
14.2,9,190,30-Jul-2026 02:46:14,4.4,4.360302200705,18.38085,18.709,NaN,NaN
14.2,9,190,30-Jul-2026 02:51:02,4.6,4.55849554193609,18.3840636363636,18.718,NaN,NaN
14.2,9,190,30-Jul-2026 02:53:35,4.8,4.75668869070905,18.3837727272727,18.7194545454545,NaN,NaN
14.2,9,190,30-Jul-2026 02:54:41,5,4.95488164703947,18.3812636363636,18.7231818181818,NaN,NaN
14.2,9,190,30-Jul-2026 02:58:19,5.2,5.15307441091721,18.3733363636364,18.7390909090909,NaN,NaN
14.2,9,190,30-Jul-2026 03:01:04,5.4,5.35126698233855,18.37477,18.7554,NaN,NaN
14.2,9,190,30-Jul-2026 03:03:34,5.6,5.54945936131259,18.35936875,18.7840625,NaN,NaN
14.2,9,190,30-Jul-2026 03:06:41,5.8,5.74765154782918,18.3609909090909,18.84,NaN,NaN
14.2,9,190,30-Jul-2026 03:10:45,6,5.94584354191667,18.36956,18.887,NaN,NaN
14.2,9,190,30-Jul-2026 03:13:45,6.2,6.14403534354558,18.38122,18.94,NaN,NaN
14.2,9,190,30-Jul-2026 03:14:23,6.4,6.34222695272499,18.38825,19.0038,NaN,NaN
14.2,9,190,30-Jul-2026 03:18:42,6.6,6.54041836945752,18.3927,19.048,NaN,NaN
14.2,9,190,30-Jul-2026 03:18:50,6.8,6.7386095937522,18.3950846153846,18.9686153846154,NaN,NaN
14.2,9,190,30-Jul-2026 03:19:06,7,6.93680062561165,18.4135666666667,18.8613333333333,NaN,NaN
14.2,9,190,30-Jul-2026 03:19:34,7.2,7.1349914650256,18.4323,19.203,NaN,NaN
14.2,9,190,30-Jul-2026 03:21:04,7.4,7.33318211199662,18.43224,19.2229,NaN,NaN
14.2,9,190,30-Jul-2026 03:24:03,7.6,7.53137256654014,18.4263076923077,19.2713846153846,NaN,NaN
14.2,9,190,30-Jul-2026 03:24:11,7.8,7.72956282863301,18.4125428571429,19.2945714285714,NaN,NaN
14.2,9,190,30-Jul-2026 03:24:18,8,7.92775289829704,18.39974,19.3086,NaN,NaN
14.2,9,190,30-Jul-2026 03:24:26,8.2,8.12594277552191,18.3944857142857,19.3125714285714,NaN,NaN
14.2,9,190,30-Jul-2026 03:24:34,8.4,8.32413246031655,18.377,19.3306666666667,NaN,NaN
14.2,9,190,30-Jul-2026 03:24:42,8.6,8.52232195267705,18.34456,19.3581,NaN,NaN
14.2,9,190,30-Jul-2026 03:24:51,8.8,8.7205112526059,18.312075,19.3835833333333,NaN,NaN
14.2,9,190,30-Jul-2026 03:25:00,9,8.91870036010559,18.2967181818182,19.3966363636364,NaN,NaN
14.2,9,190,30-Jul-2026 03:25:13,9.2,9.11688927518497,18.28262,19.4086,NaN,NaN
14.2,9,190,30-Jul-2026 03:25:26,9.4,9.31507799782726,18.2763,19.411,NaN,NaN
14.2,9,190,30-Jul-2026 03:25:43,9.6,9.51326652803489,18.27125,19.4125,NaN,NaN
14.2,9,190,30-Jul-2026 03:26:01,9.8,9.71145486583598,18.2612466666667,19.4158,NaN,NaN
14.2,9,190,30-Jul-2026 03:26:24,10,9.90964301120082,18.2602545454545,19.416,NaN,NaN
14.2,9,190,30-Jul-2026 03:28:36,10.2,10.1078309641511,18.2582769230769,19.4176923076923,NaN,NaN
14.2,9,190,30-Jul-2026 03:33:54,10.4,10.3060187246635,18.2486444444444,19.4244444444444,NaN,NaN
14.2,9,190,30-Jul-2026 03:33:58,10.6,10.5042062927725,18.232575,19.43625,NaN,NaN
14.2,9,190,30-Jul-2026 03:34:03,10.8,10.7023936684484,18.2196,19.443,NaN,NaN
14.2,9,190,30-Jul-2026 03:34:07,11,10.9005808517193,18.216875,19.45,NaN,NaN
14.2,9,190,30-Jul-2026 03:34:12,11.2,11.0987678425617,18.2079,19.4656,NaN,NaN
14.2,9,190,30-Jul-2026 03:34:17,11.4,11.2969546410037,18.21155,19.476625,NaN,NaN
14.2,9,190,30-Jul-2026 03:34:24,11.6,11.4951412470155,18.2240857142857,19.4874285714286,NaN,NaN
14.2,9,190,30-Jul-2026 03:34:35,11.8,11.6933276606186,18.2304,19.5117272727273,NaN,NaN
14.2,9,190,30-Jul-2026 03:35:14,12,11.8915138818154,18.22838,19.5282,NaN,NaN
14.2,9,190,30-Jul-2026 03:35:54,12.2,12.0896999105889,18.2162,19.538,NaN,NaN
14.2,9,190,30-Jul-2026 03:36:18,12.4,12.2878857469605,18.2124545454545,19.5476363636364,NaN,NaN
14.2,9,190,30-Jul-2026 03:36:42,12.6,12.4860713909198,18.0235,19.662,NaN,NaN
14.2,9,190,30-Jul-2026 03:37:08,12.8,12.6842568424818,17.88565,19.746,NaN,NaN
14.2,9,190,30-Jul-2026 03:37:42,13,12.8824421016166,17.6731,19.797,NaN,NaN
14.2,9,190,30-Jul-2026 03:38:07,13.2,13.0806271683585,17.5401363636364,19.9005454545455,NaN,NaN
14.2,9,190,30-Jul-2026 03:38:47,13.4,13.278812042697,17.30676,20.0676,NaN,NaN
14.2,9,190,30-Jul-2026 03:39:32,13.6,13.476996724647,17.2745307692308,20.0933846153846,NaN,NaN
14.2,9,190,30-Jul-2026 03:40:08,13.8,13.6751812141786,17.267,20.1,NaN,NaN
14.2,9,190,30-Jul-2026 03:40:52,14,13.8733655113132,17.2494,20.111,NaN,NaN
14.2,9,190,30-Jul-2026 03:41:31,14.2,14.0715496160402,17.2430636363636,20.1169090909091,NaN,NaN
14.2,9,190,30-Jul-2026 03:42:59,14.4,14.269733528381,17.2294333333333,20.1356666666667,NaN,NaN
14.2,9,190,30-Jul-2026 03:43:26,14.6,14.4679172483184,17.2144545454545,20.1527272727273,NaN,NaN
14.2,9,190,30-Jul-2026 03:43:36,14.8,14.6661007758609,17.2112,20.1582307692308,NaN,NaN
14.2,9,190,30-Jul-2026 03:43:42,15,14.8642841110043,17.2122,20.1603333333333,NaN,NaN
14.2,9,190,30-Jul-2026 03:43:48,15.2,15.0624672537699,17.2131,20.161,NaN,NaN
14.2,9,190,30-Jul-2026 03:43:55,15.4,15.2606502041341,17.2123666666667,20.1619166666667,NaN,NaN
14.2,9,190,30-Jul-2026 03:44:05,15.6,15.4588329621054,17.1820727272727,20.184,NaN,NaN
14.2,9,190,30-Jul-2026 03:47:49,15.8,15.6570155276859,17.0765230769231,20.3023846153846,NaN,NaN
14.2,9,190,30-Jul-2026 03:48:36,16,15.855197900884,17.0084,20.378,NaN,NaN
14.2,9,190,30-Jul-2026 03:48:45,16.2,16.0533800816824,16.93639,20.421,NaN,NaN
14.2,9,190,30-Jul-2026 03:50:00,16.4,16.2515620701089,16.5732,20.4904,NaN,NaN
14.2,9,190,30-Jul-2026 03:53:30,16.6,16.4497438661527,16.4791416666667,20.512,NaN,NaN
14.2,9,190,30-Jul-2026 03:54:56,16.8,16.6479254697964,16.5816538461538,20.6586153846154,NaN,NaN
14.2,9,190,30-Jul-2026 03:58:50,17,16.8461068810614,16.6511666666667,20.7048333333333,NaN,NaN
14.2,9,190,30-Jul-2026 04:03:41,17.2,17.0442880999495,15.3887333333333,21.0225,NaN,NaN
14.2,9,190,30-Jul-2026 04:03:49,17.4,17.2424691264628,13.8505636363636,21.528,NaN,NaN
14.2,9,190,30-Jul-2026 04:03:58,17.6,17.4406499605967,12.5875636363636,22.094,NaN,NaN
14.2,9,190,30-Jul-2026 04:04:10,17.8,17.6388306023468,12.478,22.029,NaN,NaN
14.2,9,190,30-Jul-2026 04:04:20,18,17.8370110517151,12.3466,22.0420909090909,NaN,NaN
14.2,9,190,30-Jul-2026 04:04:33,18.2,18.0351913087097,12.2866785714286,22.0569285714286,NaN,NaN
14.2,9,190,30-Jul-2026 04:04:47,18.4,18.2333713733455,12.278125,22.05075,NaN,NaN
14.2,9,190,30-Jul-2026 04:05:04,18.6,18.4315512455986,12.23515,22.067,NaN,NaN
14.2,9,190,30-Jul-2026 04:05:29,18.8,18.629730925471,12.2040727272727,22.072,NaN,NaN
14.2,9,190,30-Jul-2026 04:06:18,19,18.8279104129773,12.1012272727273,22.0898181818182,NaN,NaN
14.2,9,190,30-Jul-2026 04:07:20,19.2,19.0260897081193,12.0798166666667,22.089,NaN,NaN
14.2,9,190,30-Jul-2026 04:07:52,19.4,19.2242688108926,12.053,22.0883636363636,NaN,NaN
14.2,9,190,30-Jul-2026 04:08:25,19.6,19.4224477212988,11.9972,22.1025,NaN,NaN
14.2,9,190,30-Jul-2026 04:08:34,19.8,19.6206264393334,11.9791,22.102,NaN,NaN
14.2,9,190,30-Jul-2026 04:08:39,20,19.8188049650046,11.9599055555556,22.1021666666667,NaN,NaN
14.2,9,190,30-Jul-2026 04:08:44,20.2,20.0169832983142,11.9361,22.1065,NaN,NaN
14.2,9,190,30-Jul-2026 04:08:48,20.4,20.215161439264,11.9112411764706,22.1128823529412,NaN,NaN
14.2,9,190,30-Jul-2026 04:08:52,20.6,20.4133393878363,11.8535,22.1396,NaN,NaN
14.2,9,190,30-Jul-2026 04:08:56,20.8,20.6115171440652,11.8741736842105,22.1146315789474,NaN,NaN
14.2,9,190,30-Jul-2026 04:09:01,21,20.8096947079266,11.6782625,22.186,NaN,NaN
14.2,9,190,30-Jul-2026 04:09:05,21.2,21.0078720794479,11.5194,22.222,NaN,NaN
14.2,9,190,30-Jul-2026 04:09:11,21.4,21.206049258586,11.421775,22.228625,NaN,NaN
14.2,9,190,30-Jul-2026 04:09:17,21.6,21.4042262453874,11.3672846153846,22.2241538461538,NaN,NaN
14.2,9,190,30-Jul-2026 04:09:22,21.8,21.6024030398282,11.3135533333333,22.2379333333333,NaN,NaN
14.2,9,190,30-Jul-2026 04:09:29,22,21.8005796419164,11.2476875,22.24875,NaN,NaN
14.2,9,190,30-Jul-2026 04:09:35,22.2,21.9987560516536,11.2136666666667,22.2591666666667,NaN,NaN
14.2,9,190,30-Jul-2026 04:09:43,22.4,22.1969322690417,11.1629833333333,22.2723333333333,NaN,NaN
14.2,9,190,30-Jul-2026 04:09:52,22.6,22.395108294082,11.1399666666667,22.2765333333333,NaN,NaN
14.2,9,190,30-Jul-2026 04:10:01,22.8,22.5932841267636,11.1037272727273,22.2901818181818,NaN,NaN
14.2,9,190,30-Jul-2026 04:10:14,23,22.7914597671136,11.09445,22.294,NaN,NaN
14.2,9,190,30-Jul-2026 04:10:28,23.2,22.9896352151015,11.05624,22.288,NaN,NaN
14.2,9,190,30-Jul-2026 04:10:47,23.4,23.1878104707546,10.9762357142857,22.3131428571429,NaN,NaN
14.2,9,190,30-Jul-2026 04:11:07,23.6,23.3859855340681,10.8964166666667,22.33475,NaN,NaN
14.2,9,190,30-Jul-2026 04:11:24,23.8,23.5841604050242,10.8736833333333,22.32125,NaN,NaN
14.2,9,190,30-Jul-2026 04:11:37,24,23.7823350836502,10.4158181818182,22.4433636363636,NaN,NaN
14.2,9,190,30-Jul-2026 04:11:50,24.2,23.9805095699347,10.1994153846154,22.4327692307692,NaN,NaN
14.2,9,190,30-Jul-2026 04:11:59,24.4,24.1786838638858,10.10658,22.4432,NaN,NaN
14.2,9,190,30-Jul-2026 04:12:08,24.6,24.3768579654856,10.0462538461538,22.4636923076923,NaN,NaN
14.2,9,190,30-Jul-2026 04:12:17,24.8,24.5750318747613,10.0225307692308,22.4612307692308,NaN,NaN
14.2,9,190,30-Jul-2026 04:12:26,25,24.7732055917016,10.0107166666667,22.4586666666667,NaN,NaN
14.2,9,190,30-Jul-2026 04:12:33,25.2,24.9713791163016,9.99342142857143,22.4576428571429,NaN,NaN
14.2,9,190,30-Jul-2026 04:12:41,25.4,25.169552448569,9.99524705882353,22.4477058823529,NaN,NaN
14.2,9,190,30-Jul-2026 04:12:49,25.6,25.3677255885182,9.95842307692308,22.4561538461538,NaN,NaN
14.2,9,190,30-Jul-2026 04:12:56,25.8,25.565898536125,9.89051428571428,22.4670714285714,NaN,NaN
14.2,9,190,30-Jul-2026 04:13:04,26,25.7640712913971,9.80289230769231,22.4913076923077,NaN,NaN
14.2,9,190,30-Jul-2026 04:13:10,26.2,25.9622438543425,9.78413333333333,22.4920666666667,NaN,NaN
14.2,9,190,30-Jul-2026 04:13:18,26.4,26.1604162249753,9.75449090909091,22.4913636363636,NaN,NaN
14.2,9,190,30-Jul-2026 04:13:24,26.6,26.3585884032649,9.75246,22.4872,NaN,NaN
14.2,9,190,30-Jul-2026 04:13:33,26.8,26.5567603892446,9.71907142857143,22.4868571428571,NaN,NaN
14.2,9,190,30-Jul-2026 04:13:39,27,26.7549321828902,9.69774545454545,22.4938181818182,NaN,NaN
14.2,9,190,30-Jul-2026 04:13:46,27.2,26.9531037842159,9.68683333333333,22.4971666666667,NaN,NaN
14.2,9,190,30-Jul-2026 04:13:53,27.4,27.1512751932166,9.68956,22.4934,NaN,NaN
14.2,9,190,30-Jul-2026 04:14:01,27.6,27.3494464099193,9.68111875,22.4923125,NaN,NaN
14.2,9,190,30-Jul-2026 04:14:08,27.8,27.5476174342867,9.67384545454546,22.4890909090909,NaN,NaN
14.2,9,190,30-Jul-2026 04:14:15,28,27.745788266333,9.66065882352941,22.4649411764706,NaN,NaN
14.2,9,190,30-Jul-2026 04:14:23,28.2,27.9439589060724,9.65548571428571,22.496,NaN,NaN
14.2,9,190,30-Jul-2026 04:14:31,28.4,28.1421293534805,9.6501,22.496,NaN,NaN
14.2,9,190,30-Jul-2026 04:14:40,28.6,28.3402996085904,9.63957142857143,22.4971428571429,NaN,NaN
14.2,9,190,30-Jul-2026 04:14:49,28.8,28.5384696713844,9.62204615384615,22.4987692307692,NaN,NaN
14.2,9,190,30-Jul-2026 04:14:57,29,28.7366395418636,9.59744,22.4984,NaN,NaN
14.2,9,190,30-Jul-2026 04:15:08,29.2,28.934809220042,9.57598461538462,22.4963846153846,NaN,NaN
14.2,9,190,30-Jul-2026 04:15:19,29.4,29.1329787058952,9.54233076923077,22.5048461538462,NaN,NaN
14.2,9,190,30-Jul-2026 04:15:31,29.6,29.3311479994501,9.5034,22.51,NaN,NaN
14.2,9,190,30-Jul-2026 04:15:44,29.8,29.5293171006951,9.46347272727273,22.5198181818182,NaN,NaN
14.2,9,190,30-Jul-2026 04:15:57,30,29.7274860096376,9.451,22.5109230769231,NaN,NaN
14.2,9,190,30-Jul-2026 04:16:09,30.2,29.9256547262789,9.42831,22.5187,NaN,NaN
14.2,9,190,30-Jul-2026 04:16:22,30.4,30.1238232506009,9.40909230769231,22.5171538461538,NaN,NaN
14.2,9,190,30-Jul-2026 04:16:42,30.6,30.3219915826432,9.33196,22.5284,NaN,NaN
14.2,9,190,30-Jul-2026 04:17:08,30.8,30.5201597223684,9.29882727272727,22.532,NaN,NaN
14.2,9,190,30-Jul-2026 04:18:06,31,30.7183276698033,9.286,22.532,NaN,NaN
14.2,9,190,30-Jul-2026 04:18:50,31.2,30.9164954249361,9.28022727272727,22.5271818181818,NaN,NaN
14.2,9,190,30-Jul-2026 04:19:19,31.4,31.114662987768,9.27925454545455,22.5312727272727,NaN,NaN
14.2,9,190,30-Jul-2026 04:19:50,31.6,31.3128303583065,9.25522,22.5346,NaN,NaN
14.2,9,190,30-Jul-2026 04:20:20,31.8,31.5109975365525,9.21770769230769,22.538,NaN,NaN
14.2,9,190,30-Jul-2026 04:20:57,32,31.7091645225008,9.20224,22.5389,NaN,NaN
14.2,9,190,30-Jul-2026 04:22:23,32.2,31.9073313161587,9.19493333333333,22.539,NaN,NaN
14.2,9,190,30-Jul-2026 04:23:31,32.4,32.1054979175274,9.18873333333333,22.54,NaN,NaN
14.2,9,190,30-Jul-2026 04:23:38,32.6,32.3036643266014,9.18843529411765,22.54,NaN,NaN
14.2,9,190,30-Jul-2026 04:23:44,32.8,32.5018305433944,9.1879,22.532,NaN,NaN
14.2,9,190,30-Jul-2026 04:23:49,33,32.6999965678948,9.18988571428571,22.5334285714286,NaN,NaN
14.2,9,190,30-Jul-2026 04:23:53,33.2,32.8981624001098,9.18849285714286,22.5284285714286,NaN,NaN
14.2,9,190,30-Jul-2026 04:23:57,33.4,33.0963280400341,9.19096428571429,22.54,NaN,NaN
14.2,9,190,30-Jul-2026 04:24:02,33.6,33.2944934876813,9.18768,22.54095,NaN,NaN
14.2,9,190,30-Jul-2026 04:24:06,33.8,33.4926587430396,9.18706,22.5401,NaN,NaN
14.2,9,190,30-Jul-2026 04:24:10,34,33.6908238061228,9.18449473684211,22.5404210526316,NaN,NaN
14.2,9,190,30-Jul-2026 04:24:14,34.2,33.8889886769189,9.1818,22.5414117647059,NaN,NaN
14.2,9,190,30-Jul-2026 04:24:19,34.4,34.0871533554416,9.181325,22.54125,NaN,NaN
14.2,9,190,30-Jul-2026 04:24:23,34.6,34.2853178416727,9.18114705882353,22.541,NaN,NaN
14.2,9,190,30-Jul-2026 04:24:27,34.8,34.4834821356386,9.18058571428571,22.541,NaN,NaN
14.2,9,190,30-Jul-2026 04:24:31,35,34.6816462373338,9.17898181818182,22.541,NaN,NaN
14.2,9,190,30-Jul-2026 04:24:37,35.2,34.8798101467398,9.17113684210526,22.5413157894737,NaN,NaN
14.2,9,190,30-Jul-2026 04:24:41,35.4,35.0779738638832,9.1608,22.5445,NaN,NaN
14.2,9,190,30-Jul-2026 04:24:46,35.6,35.276137388752,9.1604,22.5433333333333,NaN,NaN
14.2,9,190,30-Jul-2026 04:24:52,35.8,35.4743007213406,9.15803333333333,22.5426666666667,NaN,NaN
14.2,9,190,30-Jul-2026 04:24:58,36,35.672463861669,9.15095384615385,22.5391538461538,NaN,NaN
14.2,9,190,30-Jul-2026 04:25:05,36.2,35.8706268097251,9.15289285714286,22.5307857142857,NaN,NaN
14.2,9,290,31-Jul-2026 01:38:51,36.05,35.7220046167031,9.1426,22.544,2.29713007340377,0.0747958777148784
14.2,9,290,31-Jul-2026 00:38:50,36.06,35.7319127662801,9.1087,22.547,1.09942925104124,0.0357983173507193
14.2,9,290,31-Jul-2026 03:38:53,36.06,35.7319127662801,9.1176,22.545,1.09962525002714,0.0358045990497005
14.2,9,290,31-Jul-2026 02:38:52,36.07,35.7418209153528,9.1298,22.546,2.18158146952257,0.0710338422618623
14.2,9,290,02-Aug-2026 01:39:39,36.07,35.7418209153528,9.2864,22.528,0.255723670581795,0.00832620863567816
14.2,9,290,01-Aug-2026 23:39:37,36.08,35.7517290639658,9.2956,22.524,0.467584660339051,0.0152242878031612
14.2,9,290,02-Aug-2026 11:39:48,36.08,35.7517290639658,9.3,22.522,-0.0708409195180104,-0.00230655231526262
14.2,9,290,02-Aug-2026 12:39:49,36.08,35.7517290639658,9.4289,22.511,0.865523003440674,0.0281801676419893
14.2,9,290,30-Jul-2026 23:38:49,36.1,35.7715453597358,9.0796,22.55,0.112100348746535,0.00365010300820029
14.2,9,290,02-Aug-2026 00:39:38,36.1,35.7715453597358,9.2157,22.533,-0.184632441131717,-0.00601162860232645
14.2,9,290,02-Aug-2026 02:39:40,36.1,35.7715453597358,9.2422,22.53,-0.148689676039056,-0.00484130552159997
14.2,9,290,02-Aug-2026 10:39:47,36.1,35.7715453597358,9.2784,22.524,-0.218023159040656,-0.00709872884612325
14.2,9,290,30-Jul-2026 10:38:36,36.11,35.7814535068928,9.1328,22.547,5.05149521497528,0.16448004038578
14.2,9,290,30-Jul-2026 12:38:38,36.11,35.7814535068928,9.1173,22.548,3.34413904670885,0.108887902203463
14.2,9,290,01-Aug-2026 22:39:36,36.11,35.7814535068928,9.3657,22.519,0.986031565616641,0.0321041754173648
14.2,9,290,02-Aug-2026 03:39:40,36.11,35.7814535068928,9.256,22.53,0.279427094778503,0.00909808063042143
14.2,9,290,30-Jul-2026 11:38:37,36.12,35.7913616535707,9.1247,22.547,3.90375767832834,0.12710927874046
14.2,9,290,30-Jul-2026 22:38:48,36.12,35.7913616535707,9.1178,22.546,1.98995220061672,0.0647942856462025
14.2,9,290,31-Jul-2026 04:38:53,36.12,35.7913616535707,9.1331,22.546,0.805063194873465,0.0262134076191323
14.2,9,290,02-Aug-2026 09:39:46,36.12,35.7913616535707,9.2683,22.527,-0.246066634431386,-0.00801184311928324
14.2,9,290,02-Aug-2026 13:39:50,36.12,35.7913616535707,9.3734,22.517,-0.160212755566554,-0.00521635399199945
14.2,9,290,03-Aug-2026 00:40:02,36.12,35.7913616535707,9.3242,22.521,-0.0361960363502297,-0.00117851521156989
14.2,9,290,02-Aug-2026 05:39:42,36.13,35.801269799776,9.2558,22.53,0.0436889809623078,0.00142249905727194
14.2,9,290,02-Aug-2026 06:39:43,36.13,35.801269799776,9.2487,22.53,-0.238184926607194,-0.00775523535158511
14.2,9,290,02-Aug-2026 07:39:44,36.13,35.801269799776,9.2602,22.528,-0.233603230545116,-0.00760604566422172
14.2,9,290,02-Aug-2026 14:39:51,36.13,35.801269799776,9.3869,22.516,-0.226167830189447,-0.00736376479549247
14.2,9,290,02-Aug-2026 23:40:01,36.13,35.801269799776,9.349,22.519,0.157746778364219,0.00513609380162161
14.2,9,290,30-Jul-2026 09:38:35,36.14,35.8111779454893,9.1846,22.541,7.18464555781135,0.233934218300413
14.2,9,290,30-Jul-2026 14:38:40,36.14,35.8111779454893,9.1536,22.543,3.61960877533851,0.117856348818824
14.2,9,290,01-Aug-2026 21:39:35,36.14,35.8111779454893,9.4036,22.514,1.76079360085376,0.0573291833437116
14.2,9,290,02-Aug-2026 22:40:00,36.14,35.8111779454893,9.2969,22.523,-0.224508767998519,-0.00730986675132727
14.2,9,290,30-Jul-2026 13:38:39,36.15,35.8210860907428,9.1254,22.547,2.14503805373165,0.0698440473160036
14.2,9,290,01-Aug-2026 14:39:28,36.15,35.8210860907428,9.371,22.519,1.40380077720129,0.0457063079783774
14.2,9,290,01-Aug-2026 20:39:34,36.15,35.8210860907428,9.381,22.515,0.0243144174580859,0.000791646415628262
14.2,9,290,02-Aug-2026 04:39:41,36.15,35.8210860907428,9.2832,22.526,0.187813351570319,0.00611511632569842
14.2,9,290,02-Aug-2026 08:39:45,36.15,35.8210860907428,9.2409,22.529,-0.200969760797361,-0.00654353177688186
14.2,9,290,03-Aug-2026 13:40:15,36.15,35.8210860907428,9.3114,22.522,-0.225889282098197,-0.00735479865812983
14.2,9,290,01-Aug-2026 18:39:32,36.16,35.8309942354914,9.3903,22.516,1.2161797151495,0.0395973645917036
14.2,9,290,02-Aug-2026 21:39:59,36.16,35.8309942354914,9.269,22.527,-0.232511666642753,-0.00757048734669259
14.2,9,290,03-Aug-2026 01:40:03,36.16,35.8309942354914,9.3461,22.52,-0.0847054037002403,-0.0027579342164976
14.2,9,290,03-Aug-2026 14:40:16,36.16,35.8309942354914,9.3211,22.523,-0.216571572609269,-0.00705141654885861
14.2,9,290,30-Jul-2026 08:38:34,36.17,35.8409023797736,9.1045,22.548,4.11654195136033,0.13403814762935
14.2,9,290,31-Jul-2026 05:38:54,36.17,35.8409023797736,9.0861,22.549,0.628786063790823,0.0204738839296322
14.2,9,290,31-Jul-2026 10:38:59,36.17,35.8409023797736,9.3375,22.505,7.22086144282207,0.235102601898123
14.2,9,290,31-Jul-2026 11:39:00,36.17,35.8409023797736,9.4165,22.515,7.85877168172379,0.255871374595136
14.2,9,290,31-Jul-2026 12:39:01,36.17,35.8409023797736,9.3403,22.521,6.50649368621019,0.21184590197933
14.2,9,290,31-Jul-2026 13:39:02,36.17,35.8409023797736,9.3734,22.518,9.46987590292685,0.308328773547263
14.2,9,290,01-Aug-2026 15:39:29,36.17,35.8409023797736,9.3868,22.518,2.67415029094504,0.0870673993648812
14.2,9,290,01-Aug-2026 19:39:33,36.17,35.8409023797736,9.3645,22.517,0.610797989156623,0.0198869507198184
14.2,9,290,02-Aug-2026 15:39:52,36.17,35.8409023797736,9.4153,22.513,-0.166015069193813,-0.00540522685815799
14.2,9,290,02-Aug-2026 17:39:54,36.17,35.8409023797736,9.3123,22.523,-0.214078389310368,-0.00697024938657159
14.2,9,290,03-Aug-2026 02:40:04,36.17,35.8409023797736,9.3121,22.521,-0.0229945905680327,-0.000748692180271982
14.2,9,290,03-Aug-2026 12:40:14,36.17,35.8409023797736,9.3242,22.522,-0.220528620846769,-0.00718024971614699
14.2,9,290,30-Jul-2026 07:38:33,36.18,35.8508105235701,9.1008,22.549,3.52058834242849,0.114633624375396
14.2,9,290,31-Jul-2026 09:38:58,36.18,35.8508105235701,9.1982,22.539,2.94923770461989,0.0960278603791184
14.2,9,290,01-Aug-2026 13:39:27,36.18,35.8508105235701,9.3673,22.519,2.36903177104437,0.0771333432034642
14.2,9,290,02-Aug-2026 16:39:53,36.18,35.8508105235701,9.3944,22.513,-0.21894573991038,-0.00712860805437327
14.2,9,290,02-Aug-2026 19:39:57,36.18,35.8508105235701,9.2891,22.526,-0.234918342641986,-0.00764883287940693
14.2,9,290,02-Aug-2026 20:39:58,36.18,35.8508105235701,9.2763,22.527,-0.228480500946717,-0.0074392350466319
14.2,9,290,03-Aug-2026 11:40:13,36.18,35.8508105235701,9.3194,22.52,-0.222857404170651,-0.0072560533508028
14.2,9,290,03-Aug-2026 15:40:17,36.18,35.8508105235701,9.3315,22.524,-0.228139077695862,-0.00742805183466784
14.2,9,290,03-Aug-2026 16:40:18,36.18,35.8508105235701,9.3224,22.524,-0.208353839636979,-0.00678385850684692
14.2,9,290,30-Jul-2026 15:38:41,36.19,35.8607186668873,9.2021,22.537,5.67288005536029,0.184709869696413
14.2,9,290,30-Jul-2026 20:38:46,36.19,35.8607186668873,9.2161,22.536,4.34027922369851,0.141319880161005
14.2,9,290,01-Aug-2026 12:39:26,36.19,35.8607186668873,9.3595,22.521,2.68913823234663,0.0875558270182215
14.2,9,290,01-Aug-2026 16:39:30,36.19,35.8607186668873,9.3889,22.516,2.09707316168494,0.0682782052082034
14.2,9,290,01-Aug-2026 17:39:31,36.19,35.8607186668873,9.4154,22.514,1.43965788893731,0.046873352788548
14.2,9,290,02-Aug-2026 18:39:55,36.19,35.8607186668873,9.2891,22.525,-0.230993193936792,-0.0075210258342714
14.2,9,290,30-Jul-2026 16:38:42,36.2,35.8706268097251,9.2214,22.537,4.73102920639401,0.154042716211412
14.2,9,290,30-Jul-2026 19:38:45,36.2,35.8706268097251,9.2404,22.536,5.09241582489972,0.165809590602242
14.2,9,290,30-Jul-2026 21:38:47,36.2,35.8706268097251,9.2215,22.536,4.13707931757082,0.134703498245987
14.2,9,290,31-Jul-2026 14:39:03,36.2,35.8706268097251,9.397,22.516,9.31055382675412,0.303140548750244
14.2,9,290,31-Jul-2026 06:38:55,36.21,35.8805349520771,9.1111,22.546,0.877112882056524,0.028559473154001
14.2,9,290,31-Jul-2026 08:38:57,36.21,35.8805349520771,9.1761,22.539,2.26440171456491,0.0737298102208317
14.2,9,290,31-Jul-2026 15:39:04,36.21,35.8805349520771,9.4046,22.515,9.837483376254,0.32029578734236
14.2,9,290,31-Jul-2026 21:39:11,36.21,35.8805349520771,9.1594,22.541,0.617381969585122,0.0201022804524927
14.2,9,290,31-Jul-2026 22:39:12,36.21,35.8805349520771,9.1661,22.539,0.924103852087052,0.0300891464623778
14.2,9,290,01-Aug-2026 00:39:14,36.21,35.8805349520771,9.1586,22.54,0.641833546343112,0.0208983682925164
14.2,9,290,03-Aug-2026 03:40:05,36.21,35.8805349520771,9.3763,22.516,0.651877533449064,0.0212244248683117
14.2,9,290,03-Aug-2026 10:40:12,36.21,35.8805349520771,9.3003,22.524,-0.229177158735826,-0.00746188390958581
14.2,9,290,03-Aug-2026 23:40:25,36.21,35.8805349520771,9.246,22.526,NaN,NaN
14.2,9,290,30-Jul-2026 06:38:26,36.22,35.8904430939497,9.0834,22.552,NaN,NaN
14.2,9,290,31-Jul-2026 07:38:56,36.22,35.8904430939497,9.206,22.538,3.52196169555649,0.114675622094424
14.2,9,290,31-Jul-2026 19:39:08,36.22,35.8904430939497,9.2671,22.53,4.49497304502761,0.146354756148854
14.2,9,290,01-Aug-2026 01:39:15,36.22,35.8904430939497,9.1694,22.539,1.03161433971557,0.0335897255914592
14.2,9,290,30-Jul-2026 17:38:43,36.23,35.9003512353493,9.2251,22.528,5.45354813870108,0.177566779624863
14.2,9,290,01-Aug-2026 02:39:16,36.23,35.9003512353493,9.1719,22.539,0.955152723940481,0.0311001078671121
14.2,9,290,01-Aug-2026 10:39:24,36.23,35.9003512353493,9.3393,22.522,2.17732364379889,0.0708919951014687
14.2,9,290,01-Aug-2026 11:39:25,36.23,35.9003512353493,9.3452,22.522,1.90043184614166,0.0618765222260975
14.2,9,290,03-Aug-2026 04:40:06,36.23,35.9003512353493,9.3749,22.515,0.179228576143975,0.00583548225009733
14.2,9,290,03-Aug-2026 17:40:19,36.23,35.9003512353493,9.3227,22.526,-0.220682111191936,-0.00718527224034746
14.2,9,290,30-Jul-2026 18:38:44,36.24,35.9102593762693,9.2438,22.535,4.5491375791542,0.148119692000915
14.2,9,290,31-Jul-2026 17:39:06,36.24,35.9102593762693,9.226,22.515,2.75680696385996,0.0897602578589599
14.2,9,290,01-Aug-2026 04:39:18,36.24,35.9102593762693,9.2158,22.535,0.958460043825059,0.0312075325023705
14.2,9,290,03-Aug-2026 09:40:11,36.24,35.9102593762693,9.2109,22.531,-0.221713455457577,-0.00721898252972731
14.2,9,290,31-Jul-2026 16:39:05,36.25,35.9201675167033,9.4317,22.514,8.79349420508113,0.286304260257321
14.2,9,290,31-Jul-2026 20:39:10,36.25,35.9201675167033,9.3293,22.522,3.77168597463747,0.122803225488232
14.2,9,290,31-Jul-2026 23:39:13,36.25,35.9201675167033,9.1804,22.537,0.497867678417606,0.0162107437687736
14.2,9,290,03-Aug-2026 18:40:20,36.25,35.9201675167033,9.3241,22.526,-0.232608157765681,-0.00757357788880572
14.2,9,290,03-Aug-2026 22:40:24,36.25,35.9201675167033,9.2082,22.53,-0.219069320092974,-0.00713289470395711
14.2,9,290,01-Aug-2026 03:39:17,36.26,35.9300756566513,9.1933,22.537,0.331866158413748,0.0108056326050956
14.2,9,290,01-Aug-2026 05:39:19,36.26,35.9300756566513,9.2417,22.531,1.4984461049152,0.0487891811163084
14.2,9,290,01-Aug-2026 06:39:20,36.26,35.9300756566513,9.2565,22.53,2.12902898522072,0.0693207178142777
14.2,9,290,01-Aug-2026 09:39:23,36.26,35.9300756566513,9.3163,22.525,2.37912049259141,0.0774627274166477
14.2,9,290,03-Aug-2026 05:40:07,36.26,35.9300756566513,9.3365,22.518,-0.1704731276654,-0.00555045839375589
14.2,9,290,03-Aug-2026 08:40:10,36.26,35.9300756566513,9.2712,22.526,-0.228259645807911,-0.00743204395971171
14.2,9,290,03-Aug-2026 21:40:23,36.26,35.9300756566513,9.2485,22.526,-0.220816964198841,-0.00718974116104243
14.2,9,290,31-Jul-2026 18:39:07,36.27,35.9399837961197,9.1513,22.54,2.05844514768229,0.0670238886199103
14.2,9,290,01-Aug-2026 08:39:22,36.27,35.9399837961197,9.2934,22.527,2.07496319825771,0.0675599212554832
14.2,9,290,03-Aug-2026 19:40:21,36.27,35.9399837961197,9.3025,22.528,-0.227410365459386,-0.0074043718372902
14.2,9,290,01-Aug-2026 07:39:21,36.28,35.9498919351148,9.2733,22.528,2.21250233257303,0.0720382922163714
14.2,9,290,03-Aug-2026 06:40:08,36.28,35.9498919351148,9.3085,22.522,-0.217831137473299,-0.00709243574072478
14.2,9,290,03-Aug-2026 07:40:09,36.28,35.9498919351148,9.2572,22.528,-0.215416232670459,-0.00701389359089266
14.2,9,290,03-Aug-2026 20:40:22,36.28,35.9498919351148,9.2598,22.525,-0.215273356624984,-0.00700922758122474
14.2,9,590,NaT,0,0,NaN,NaN,NaN,NaN
14.2,9,590,NaT,0.2,0.198197575549084,NaN,NaN,NaN,NaN
14.2,9,590,04-Aug-2026 01:37:29,0.4,0.396394958602638,19.5508375,18.8490625,252.87279912727,8.19381025740021
14.2,9,590,04-Aug-2026 01:37:23,0.6,0.594592149189359,19.5491083333333,18.8504166666667,252.510922012296,8.18209841750099
14.2,9,590,04-Aug-2026 01:37:18,0.8,0.792789147292957,19.5485,18.852,252.166153702119,8.17093682765343
14.2,9,590,04-Aug-2026 01:37:11,1,0.990985952922833,19.55185,18.8515,251.829414612572,8.16002707188739
14.2,9,590,04-Aug-2026 01:37:07,1.2,1.18918256608195,19.553325,18.85125,251.500704743654,8.14936915020286
14.2,9,590,04-Aug-2026 01:37:01,1.4,1.3873789867604,19.5526,18.851,251.322486955406,8.14361816807961
14.2,9,590,04-Aug-2026 01:36:57,1.6,1.58557521495471,19.5467090909091,18.8522727272727,251.199017978398,8.13966773628709
14.2,9,590,04-Aug-2026 01:36:54,1.8,1.78377125068706,19.5295,18.863,251.130297812632,8.1375178548253
14.2,9,590,04-Aug-2026 01:36:50,2,1.98196709394753,19.52251875,18.8683125,250.764934567141,8.12571830349759
14.2,9,590,04-Aug-2026 01:36:46,2.2,2.18016274473901,19.5182,18.871,250.475558006169,8.11636599307526
14.2,9,590,04-Aug-2026 01:36:42,2.4,2.37835820305796,19.5194,18.8698333333333,250.262168129715,8.10946092355831
14.2,9,590,04-Aug-2026 01:36:38,2.6,2.57655346890084,19.5167368421053,18.8718947368421,250.048778253262,8.10255585404137
14.2,9,590,04-Aug-2026 01:36:34,2.8,2.7747485422962,19.5148333333333,18.8723333333333,249.959420746452,8.09967352390251
14.2,9,590,04-Aug-2026 01:36:31,3,2.97294342320192,19.519,18.87,249.654376105744,8.08977788210696
14.2,9,590,04-Aug-2026 01:36:27,3.2,3.1711381116594,19.5262173913043,18.866347826087,249.545031135566,8.08621362929455
14.2,9,590,04-Aug-2026 01:36:24,3.4,3.36933260765859,19.5248304347826,18.8661304347826,249.374245118434,8.08070602518899
14.2,9,590,04-Aug-2026 01:36:20,3.6,3.56752691117663,19.5085285714286,18.8715714285714,249.135242062859,8.07300801553439
14.2,9,590,04-Aug-2026 01:36:17,3.8,3.76572102225485,19.5020090909091,18.8743636363636,248.953818247972,8.06713626500587
14.2,9,590,04-Aug-2026 01:36:13,4,3.9639149408575,19.5130473684211,18.8698947368421,248.836749665265,8.06333782785932
14.2,9,590,04-Aug-2026 01:36:09,4.2,4.16210866700663,19.5166,18.868,248.731614231213,8.05991690780486
14.2,9,590,04-Aug-2026 01:36:05,4.4,4.360302200705,19.533415,18.86105,248.638411945816,8.05687350484248
14.2,9,590,04-Aug-2026 01:36:01,4.6,4.55849554193609,19.53028125,18.86175,248.588471418173,8.05524332884504
14.2,9,590,04-Aug-2026 01:35:56,4.8,4.75668869070905,19.5366153846154,18.8576153846154,248.581792648285,8.05502637981252
14.2,9,590,04-Aug-2026 01:35:50,5,4.95488164703947,19.5182,18.865,248.666929636428,8.05787603352412
14.2,9,590,04-Aug-2026 01:35:41,5.2,5.15307441091721,19.4891,18.8752857142857,248.785441692494,8.06183642566321
14.2,9,590,04-Aug-2026 01:35:31,5.4,5.35126698233855,19.4382214285714,18.871,248.886113966822,8.06518266111915
14.2,9,590,04-Aug-2026 01:35:21,5.6,5.54945936131259,19.3989785714286,18.8733571428571,248.904249465656,8.06578290341846
14.2,9,590,04-Aug-2026 01:35:12,5.8,5.74765154782918,19.3974153846154,18.8719230769231,248.891063038657,8.06536204767179
14.2,9,590,04-Aug-2026 01:35:02,6,5.94584354191667,19.4005,18.872,248.71865496133,8.05979678973488
14.2,9,590,04-Aug-2026 01:34:52,6.2,6.14403534354558,19.4025769230769,18.871,248.456885081979,8.05133218072629
14.2,9,590,04-Aug-2026 01:34:42,6.4,6.34222695272499,19.39944,18.8714,248.054461910766,8.03830635626193
14.2,9,590,04-Aug-2026 01:34:33,6.6,6.54041836945752,19.3952363636364,18.8690909090909,247.466864175101,8.01928204014243
14.2,9,590,04-Aug-2026 01:34:21,6.8,6.7386095937522,19.3959076923077,18.8676923076923,247.09977985172,8.007438769108
14.2,9,590,04-Aug-2026 01:34:14,7,6.93680062561165,19.3856727272727,18.8714545454545,246.997730213216,8.00421381935798
14.2,9,590,04-Aug-2026 01:34:02,7.2,7.1349914650256,19.3493076923077,18.8806923076923,246.916563445045,8.00167990635657
14.2,9,590,04-Aug-2026 01:33:34,7.4,7.33318211199662,19.33953,18.879,246.495682787593,7.98825530462758
14.2,9,590,04-Aug-2026 01:33:13,7.6,7.53137256654014,19.2604,18.9185,245.909629618033,7.96965027111921
14.2,9,590,04-Aug-2026 01:33:03,7.8,7.72956282863301,19.18498,18.9550666666667,245.829795998874,7.96747421055327
14.2,9,590,04-Aug-2026 01:32:56,8,7.92775289829704,19.07955,18.9895,245.815414584513,7.96739257083532
14.2,9,590,04-Aug-2026 01:32:49,8.2,8.12594277552191,18.9863230769231,19.0333076923077,245.559764748722,7.95937604474826
14.2,9,590,04-Aug-2026 01:32:42,8.4,8.32413246031655,18.9609090909091,19.0456363636364,245.329072459928,7.95204892743833
14.2,9,590,04-Aug-2026 01:32:38,8.6,8.52232195267705,18.838,19.0893333333333,245.323190848782,7.95217691505465
14.2,9,590,04-Aug-2026 01:32:32,8.8,8.7205112526059,18.7742,19.108,245.391415206881,7.95463860830879
14.2,9,590,04-Aug-2026 01:32:26,9,8.91870036010559,18.7435,19.118,245.533745534225,7.95943400720072
14.2,9,590,04-Aug-2026 01:32:20,9.2,9.11688927518497,18.6985153846154,19.1355384615385,245.476476079969,7.95772331231866
14.2,9,590,04-Aug-2026 01:32:14,9.4,9.31507799782726,18.6576363636364,19.149,245.414141451427,7.95581762010941
14.2,9,590,04-Aug-2026 01:32:08,9.6,9.51326652803489,18.6363,19.15,245.412669281765,7.95583143464998
14.2,9,590,04-Aug-2026 01:31:59,9.8,9.71145486583598,18.6197846153846,19.1566923076923,245.477124745267,7.95795975326755
14.2,9,590,04-Aug-2026 01:31:05,10,9.90964301120082,18.59535,19.16525,246.183092502017,7.98102587370995
14.2,9,590,04-Aug-2026 01:30:41,10.2,10.1078309641511,18.5739615384615,19.1661538461538,246.270015915527,7.98396733190369
14.2,9,590,04-Aug-2026 01:30:27,10.4,10.3060187246635,18.5747,19.1709090909091,246.153045110641,7.98023593461752
14.2,9,590,04-Aug-2026 01:30:17,10.6,10.5042062927725,18.563225,19.1845833333333,246.074102473819,7.97784497344393
14.2,9,590,04-Aug-2026 01:30:07,10.8,10.7023936684484,18.4276,19.21325,246.292839593852,7.98525612570922
14.2,9,590,04-Aug-2026 01:29:30,11,10.9005808517193,18.3099,19.2281428571429,247.350311096038,8.01976200961102
14.2,9,590,04-Aug-2026 01:28:36,11.2,11.0987678425617,18.2795166666667,19.2313333333333,248.986865391584,8.07290094782307
14.2,9,590,04-Aug-2026 01:28:21,11.4,11.2969546410037,18.2480230769231,19.233,249.195955432089,8.07974799005946
14.2,9,590,04-Aug-2026 01:26:33,11.6,11.4951412470155,18.2104636363636,19.2641818181818,243.546043886308,7.8969036692721
14.2,9,590,04-Aug-2026 01:26:20,11.8,11.6933276606186,18.18458,19.2801333333333,241.907749937702,7.84399805251409
14.2,9,590,04-Aug-2026 01:26:12,12,11.8915138818154,18.1079,19.3408,241.241939417192,7.82335704786314
14.2,9,590,04-Aug-2026 01:26:03,12.2,12.0896999105889,17.9419,19.533,237.209001317076,7.69358184271429
14.2,9,590,04-Aug-2026 01:24:45,12.4,12.2878857469605,17.8019272727273,19.6974545454545,229.808935637353,7.45467243706754
14.2,9,590,04-Aug-2026 01:24:27,12.6,12.4860713909198,17.7796615384615,19.7891538461538,226.061488961826,7.33384057932024
14.2,9,590,04-Aug-2026 01:24:17,12.8,12.6842568424818,17.7740416666667,19.8565,224.824367212738,7.29384435603172
14.2,9,590,04-Aug-2026 01:24:08,13,12.8824421016166,17.7026909090909,19.8652727272727,223.67558489572,7.25670212532306
14.2,9,590,04-Aug-2026 01:23:59,13.2,13.0806271683585,17.6359785714286,19.8800714285714,222.615142010774,7.22241388719425
14.2,9,590,04-Aug-2026 01:23:22,13.4,13.278812042697,17.6230333333333,19.8835,213.595804108338,6.93041969103924
14.2,9,590,04-Aug-2026 01:22:50,13.6,13.476996724647,17.3228454545455,20.178,209.513161368885,6.79968073926096
14.2,9,590,04-Aug-2026 01:22:38,13.8,13.6751812141786,17.1151692307692,20.213,209.52131506511,6.80015028118996
14.2,9,590,04-Aug-2026 01:22:28,14,13.8733655113132,17.06446,20.2072,209.177246558749,6.78896490001065
14.2,9,590,04-Aug-2026 01:22:21,14.2,14.0715496160402,17.0453545454545,20.232,208.734875595849,6.77470129364856
14.2,9,590,04-Aug-2026 01:22:12,14.4,14.269733528381,16.9959,20.2525454545455,208.470707801415,6.76632955055703
14.2,9,590,04-Aug-2026 01:22:04,14.6,14.4679172483184,17.0166666666667,20.3113333333333,208.374782303574,6.76355079762211
14.2,9,590,04-Aug-2026 01:21:51,14.8,14.6661007758609,17.0795714285714,20.3854285714286,207.093689087353,6.72251185154266
14.2,9,590,04-Aug-2026 01:20:37,15,14.8642841110043,16.89258,20.4978,204.735691481164,6.64658981061537
14.2,9,590,04-Aug-2026 01:20:19,15.2,15.0624672537699,16.8124272727273,20.527,203.953488932551,6.62139248088593
14.2,9,590,04-Aug-2026 01:20:07,15.4,15.2606502041341,16.7960666666667,20.5363333333333,203.203732720303,6.59710655309254
14.2,9,590,04-Aug-2026 01:18:26,15.6,15.4588329621054,16.774,20.539,196.695560146316,6.38591195479282
14.2,9,590,04-Aug-2026 01:18:08,15.8,15.6570155276859,16.7146454545455,20.5637272727273,195.262595157807,6.33962860457754
14.2,9,590,04-Aug-2026 01:17:17,16,15.855197900884,16.61675,20.60775,187.085752178817,6.07463611961483
14.2,9,590,04-Aug-2026 01:16:10,16.2,16.0533800816824,16.5557,20.662,185.1447692345,6.01209926504194
14.2,9,590,04-Aug-2026 01:15:32,16.4,16.2515620701089,16.33355,20.75025,175.814506896922,5.70942405615444
14.2,9,590,04-Aug-2026 01:14:10,16.6,16.4497438661527,16.33825,20.79425,165.063894526425,5.36056056256099
14.2,9,590,04-Aug-2026 01:13:24,16.8,16.6479254697964,16.1011071428571,20.8457142857143,140.011340043993,4.5476030126035
14.2,9,590,04-Aug-2026 01:12:12,17,16.8461068810614,15.389125,20.8901666666667,117.098584464875,3.80433321294852
14.2,9,590,04-Aug-2026 01:12:00,17.2,17.0442880999495,14.85174,21.018,102.153284188782,3.31895271273345
14.2,9,590,04-Aug-2026 01:11:42,17.4,17.2424691264628,14.3478923076923,21.2059230769231,72.7647688401262,2.36372963568313
14.2,9,590,04-Aug-2026 01:10:22,17.6,17.4406499605967,11.70076,21.3786666666667,57.7355828952676,1.87788303530618
14.2,9,590,04-Aug-2026 01:10:14,17.8,17.6388306023468,10.7945461538462,22.1586923076923,52.7497648361473,1.71578890919134
14.2,9,590,04-Aug-2026 01:10:08,18,17.8370110517151,10.7512214285714,22.1505714285714,47.6087860671659,1.54862524633242
14.2,9,590,04-Aug-2026 01:10:03,18.2,18.0351913087097,10.7762533333333,22.135,42.3126465883235,1.37639204672942
14.2,9,590,04-Aug-2026 01:09:59,18.4,18.2333713733455,10.8448045454545,22.1088636363636,39.2479601081772,1.27675862023449
14.2,9,590,04-Aug-2026 01:09:55,18.6,18.4315512455986,10.8659631578947,22.0884736842105,36.1832736280308,1.17712519373957
14.2,9,590,04-Aug-2026 01:09:51,18.8,18.629730925471,10.8331307692308,22.1008461538462,34.1063036662577,1.10963455546772
14.2,9,590,04-Aug-2026 01:09:48,19,18.8279104129773,10.7607272727273,22.1393636363636,32.5216086847883,1.05812358660905
14.2,9,590,04-Aug-2026 01:09:44,19.2,19.0260897081193,10.6852636363636,22.1829090909091,30.3967877906516,0.989041787070038
14.2,9,590,04-Aug-2026 01:09:41,19.4,19.2242688108926,10.6141615384615,22.2249230769231,27.7318409838475,0.902389156850688
14.2,9,590,04-Aug-2026 01:09:38,19.6,19.4224477212988,10.5393692307692,22.2703076923077,25.0716834973621,0.815870063630863
14.2,9,590,04-Aug-2026 01:09:35,19.8,19.6206264393334,10.5049153846154,22.2915384615385,23.5740962555681,0.767147698745369
14.2,9,590,04-Aug-2026 01:09:32,20,19.8188049650046,10.5021529411765,22.2931764705882,22.2600672441,0.724400679568162
14.2,9,590,04-Aug-2026 01:09:29,20.2,20.0169832983142,10.4881454545455,22.3033636363636,21.1295964629579,0.687629006099237
14.2,9,590,04-Aug-2026 01:09:27,20.4,20.215161439264,10.4729411764706,22.3154705882353,20.4734363164633,0.666292134678133
14.2,9,590,04-Aug-2026 01:09:24,20.6,20.4133393878363,10.4723466666667,22.3178,19.9516167120008,0.649328791279266
14.2,9,590,04-Aug-2026 01:09:22,20.8,20.6115171440652,10.4615473684211,22.3237894736842,19.5641376495707,0.636738975902637
14.2,9,590,04-Aug-2026 01:09:19,21,20.8096947079266,10.4508727272727,22.3307272727273,19.1399824851096,0.622945061162799
14.2,9,590,04-Aug-2026 01:09:16,21.2,21.0078720794479,10.4468722222222,22.3352222222222,18.8069771079234,0.612114432636092
14.2,9,590,04-Aug-2026 01:09:14,21.4,21.206049258586,10.4444461538462,22.3401538461538,18.565121518012,0.604247090322518
14.2,9,590,04-Aug-2026 01:09:11,21.6,21.4042262453874,10.4434333333333,22.3462222222222,18.3603535168608,0.597587996162207
14.2,9,590,04-Aug-2026 01:09:09,21.8,21.6024030398282,10.4430142857143,22.352,18.1926731044698,0.592137150155159
14.2,9,590,04-Aug-2026 01:09:07,22,21.8005796419164,10.4424615384615,22.3617692307692,18.0652068495071,0.587995831179374
14.2,9,590,04-Aug-2026 01:09:04,22.2,21.9987560516536,10.4379055555556,22.3771666666667,17.9366080144145,0.583814664911486
14.2,9,590,04-Aug-2026 01:09:02,22.4,22.1969322690417,10.4286166666667,22.3798333333333,17.806876599192,0.579593651351496
14.2,9,590,04-Aug-2026 01:09:00,22.6,22.395108294082,10.4227588235294,22.3792941176471,17.6101490417852,0.573192206597741
14.2,9,590,04-Aug-2026 01:08:57,22.8,22.5932841267636,10.4157888888889,22.3804444444444,17.346425342194,0.564610330650222
14.2,9,590,04-Aug-2026 01:08:55,23,22.7914597671136,10.3969625,22.384125,17.0369355314727,0.554541649691416
14.2,9,590,04-Aug-2026 01:08:53,23.2,22.9896352151015,10.3569235294118,22.3950588235294,16.6816796096213,0.542986163721323
14.2,9,590,04-Aug-2026 01:08:51,23.4,23.1878104707546,10.332095,22.3987,16.2954033287081,0.530413906418566
14.2,9,590,04-Aug-2026 01:08:48,23.6,23.3859855340681,10.324525,22.39725,15.9509447046367,0.519203136326302
14.2,9,590,04-Aug-2026 01:08:46,23.8,23.5841604050242,10.31849,22.3993,15.6483037374071,0.509353853444533
14.2,9,590,04-Aug-2026 01:08:44,24,23.7823350836502,10.3123,22.4002307692308,15.2948779584572,0.497851289476426
14.2,9,590,04-Aug-2026 01:08:43,24.2,23.9805095699347,10.3073,22.401,14.8906673677872,0.484695444421982
14.2,9,590,04-Aug-2026 01:08:39,24.4,24.1786838638858,10.2947666666667,22.402,14.5908979002382,0.474939129322538
14.2,9,590,04-Aug-2026 01:08:37,24.6,24.3768579654856,10.2900533333333,22.402,14.2911284326893,0.465182814223093
14.2,9,590,04-Aug-2026 01:08:34,24.8,24.5750318747613,10.2804,22.404125,13.8839791349964,0.451931623616504
14.2,9,590,04-Aug-2026 01:08:32,25,24.7732055917016,10.2687333333333,22.405,13.4625775191956,0.438216593009277
14.2,9,590,04-Aug-2026 01:08:30,25.2,24.9713791163016,10.2585529411765,22.4068823529412,13.0269235852869,0.424037722401412
14.2,9,590,04-Aug-2026 01:08:27,25.4,25.169552448569,10.2438933333333,22.4082666666667,12.6942741116935,0.413211378565437
14.2,9,590,04-Aug-2026 01:08:25,25.6,25.3677255885182,10.2342666666667,22.4088888888889,12.3616246381001,0.402385034729462
14.2,9,590,04-Aug-2026 01:08:23,25.8,25.565898536125,10.2212,22.414,11.8644476377378,0.386202895780668
14.2,9,590,04-Aug-2026 01:08:20,26,25.7640712913971,10.2016444444444,22.4135555555556,11.3346507578783,0.368958607216899
14.2,9,590,04-Aug-2026 01:08:18,26.2,25.9622438543425,10.1913052631579,22.4150526315789,10.7722339985216,0.350652169038156
14.2,9,590,04-Aug-2026 01:08:15,26.4,26.1604162249753,10.1827384615385,22.414,10.2381767806805,0.333270397019074
14.2,9,590,04-Aug-2026 01:08:12,26.6,26.3585884032649,10.1731833333333,22.4162222222222,9.783019919777,0.318456955473529
14.2,9,590,04-Aug-2026 01:08:10,26.8,26.5567603892446,10.1215176470588,22.4387647058824,9.40676341581099,0.306211844401522
14.2,9,590,04-Aug-2026 01:08:08,27,26.7549321828902,10.0860588235294,22.4434705882353,8.90713410638905,0.28994925503187
14.2,9,590,04-Aug-2026 01:08:04,27.2,26.9531037842159,10.0741923076923,22.4363076923077,8.28413199151121,0.269669187364574
14.2,9,590,04-Aug-2026 01:08:02,27.4,27.1512751932166,10.0211421052632,22.464,7.51478698467301,0.244629657348614
14.2,9,590,04-Aug-2026 01:08:00,27.6,27.3494464099193,10.0114538461538,22.4503076923077,6.78091768872298,0.220743025228571
14.2,9,590,04-Aug-2026 01:07:57,27.8,27.5476174342867,9.96190714285714,22.4656428571429,6.08252410366116,0.198009291004446
14.2,9,590,04-Aug-2026 01:07:53,28,27.745788266333,9.9477875,22.453875,5.51835817388822,0.179643641739446
14.2,9,590,04-Aug-2026 01:07:51,28.2,27.9439589060724,9.94029230769231,22.453,4.88279066583356,0.158953944735391
14.2,9,590,04-Aug-2026 01:07:48,28.4,28.1421293534805,9.92663333333333,22.4522,4.40066871901383,0.1432597829728
14.2,9,590,04-Aug-2026 01:07:45,28.6,28.3402996085904,9.9113,22.45575,4.14339391171076,0.134885204190727
14.2,9,590,04-Aug-2026 01:07:42,28.8,28.5384696713844,9.87322307692308,22.4623846153846,3.7607144210752,0.12242857985961
14.2,9,590,04-Aug-2026 01:07:40,29,28.7366395418636,9.80383333333333,22.4733333333333,3.25263024710715,0.10588990997945
14.2,9,590,04-Aug-2026 01:07:37,29.2,28.934809220042,9.76882941176471,22.4732941176471,2.86236465007241,0.0931848346770846
14.2,9,590,04-Aug-2026 01:07:34,29.4,29.1329787058952,9.76426153846154,22.4720769230769,2.46727948939689,0.08032292653429
14.2,9,590,04-Aug-2026 01:07:30,29.6,29.3311479994501,9.75748,22.4735333333333,2.06737476508057,0.0673041855510657
14.2,9,590,04-Aug-2026 01:07:29,29.8,29.5293171006951,9.752175,22.474,1.68092158706343,0.0547231165627423
14.2,9,590,04-Aug-2026 01:07:26,30,29.7274860096376,9.75011538461539,22.473,1.30871475673363,0.0426058419712926
14.2,9,590,04-Aug-2026 01:07:23,30.2,29.9256547262789,9.74572,22.473,0.950754274091172,0.0309523617767167
14.2,9,590,04-Aug-2026 01:07:21,30.4,30.1238232506009,9.74156470588235,22.473,0.704199085873822,0.0229257526603123
14.2,9,590,04-Aug-2026 01:07:18,30.6,30.3219915826432,9.72377692307692,22.4771538461538,0.495868788076808,0.0161435533838144
14.2,9,590,04-Aug-2026 01:07:15,30.8,30.5201597223684,9.67181764705882,22.4904117647059,0.325763380700136,0.0106057639472232
14.2,9,590,04-Aug-2026 01:07:13,31,30.7183276698033,9.6186875,22.4896875,0.262304273901972,0.00853977448949175
14.2,9,590,04-Aug-2026 01:07:10,31.2,30.9164954249361,9.58622,22.4956,0.198845167103808,0.00647378503176027
14.2,9,590,04-Aug-2026 01:07:07,31.4,31.114662987768,9.52161428571429,22.5082857142857,0.0975734152832408,0.00317669213299728
14.2,9,590,04-Aug-2026 01:07:05,31.6,31.3128303583065,9.46739411764706,22.5077647058824,-0.0415109815597333,-0.00135150420679734
14.2,9,590,04-Aug-2026 01:07:02,31.8,31.5109975365525,9.44518333333333,22.5115,-0.137326661520164,-0.00447105735999855
14.2,9,590,04-Aug-2026 01:06:59,32,31.7091645225008,9.43227647058823,22.5095882352941,-0.15938885991169,-0.00518937350987242
14.2,9,590,04-Aug-2026 01:06:57,32.2,31.9073313161587,9.43282352941177,22.5069411764706,-0.181451058303216,-0.00590768965974631
14.2,9,590,04-Aug-2026 01:06:54,32.4,32.1054979175274,9.41192666666667,22.5168666666667,-0.201634942000842,-0.00656486019999091
14.2,9,590,04-Aug-2026 01:06:52,32.6,32.3036643266014,9.39056666666666,22.5146666666667,-0.219091276742653,-0.00713322562819823
14.2,9,590,04-Aug-2026 01:06:50,32.8,32.5018305433944,9.38877058823529,22.5144705882353,-0.233820062528651,-0.00761278594436823
14.2,9,590,04-Aug-2026 01:06:47,33,32.6999965678948,9.38626111111111,22.5156111111111,-0.240771992891058,-0.00783914640978961
14.2,9,590,04-Aug-2026 01:06:44,33.2,32.8981624001098,9.37952666666667,22.5168666666667,-0.247723923253466,-0.00806550687521099
14.2,9,590,04-Aug-2026 01:06:42,33.4,33.0963280400341,9.3678,22.5178947368421,-0.264119315948955,-0.00859934607244455
14.2,9,590,04-Aug-2026 01:06:40,33.6,33.2944934876813,9.36345,22.5186666666667,-0.275800492137731,-0.00897967905124612
14.2,9,590,04-Aug-2026 01:06:38,33.8,33.4926587430396,9.36985789473684,22.5227894736842,-0.282767451819793,-0.00920650581161568
14.2,9,590,04-Aug-2026 01:06:36,34,33.6908238061228,9.37496666666667,22.5156666666667,-0.291160632929985,-0.00947980191779858
14.2,9,590,04-Aug-2026 01:06:33,34.2,33.8889886769189,9.36465789473684,22.5258421052632,-0.300980035468309,-0.00979956736979484
14.2,9,590,04-Aug-2026 01:06:32,34.4,34.0871533554416,9.34802857142857,22.5257142857143,-0.300137507275668,-0.00977216301240587
14.2,9,590,04-Aug-2026 01:06:29,34.6,34.2853178416727,9.32958666666667,22.5213333333333,-0.288633048352063,-0.00939758884563168
14.2,9,590,04-Aug-2026 01:06:27,34.8,34.4834821356386,9.31613684210526,22.5203684210526,-0.286580698487388,-0.00933077667719911
14.2,9,590,04-Aug-2026 01:06:25,35,34.6816462373338,9.30567368421053,22.5202631578947,-0.284528348622713,-0.00926396450876653
14.2,9,590,04-Aug-2026 01:06:23,35.2,34.8798101467398,9.30103333333333,22.5208333333333,-0.288347347662026,-0.00938833642459558
14.2,9,590,04-Aug-2026 01:06:21,35.4,35.0779738638832,9.2939,22.524,-0.286437087456131,-0.00932615366655692
14.2,9,590,04-Aug-2026 01:06:18,35.6,35.276137388752,9.28764285714286,22.5228571428571,-0.278797568005031,-0.00907741623465053
14.2,9,590,04-Aug-2026 01:06:15,35.8,35.4743007213406,9.28234,22.5248,-0.292527859188428,-0.00952444196497392
14.2,9,590,04-Aug-2026 01:06:11,36,35.672463861669,9.26923636363636,22.5273181818182,-0.258864692531692,-0.00842847502375085
14.2,9,700,04-Aug-2026 01:48:57,-0.1,-0.0990988599548819,18.7662,19.114,243.20965115538,7.88436742290865
14.2,9,700,04-Aug-2026 01:48:37,-0.01,-0.00990988382980743,19.0878,0.829,NaN,NaN
14.2,9,700,04-Aug-2026 01:48:47,0,0,18.8935,19.053,251.214532330532,8.11485765668195
14.2,9,700,04-Aug-2026 01:49:17,0.01,0.00990988334653659,18.5471,19.228,244.016955862562,7.91091113334505
14.2,9,700,04-Aug-2026 01:49:37,0.01,0.00990988334653659,18.9995,19.007,242.375033905616,7.85635289487724
14.2,9,700,04-Aug-2026 01:49:07,0.04,0.0396395305118137,18.7326,19.144,243.463604213183,7.89301565424244
14.2,9,700,04-Aug-2026 01:49:27,0.04,0.0396395305118137,19.2176,18.913,244.33163220082,7.92048861298617
14.2,9,700,04-Aug-2026 01:49:47,0.05,0.0495494119248564,19.0475,18.987,242.74438688933,7.86862719415081
14.2,9,700,04-Aug-2026 01:50:07,0.05,0.0495494119248564,19.1374,18.946,245.069135929705,7.94361792412382
14.2,9,700,04-Aug-2026 01:50:27,0.05,0.0495494119248564,19.0386,18.983,NaN,NaN
14.2,9,700,04-Aug-2026 01:50:17,0.07,0.0693691733325932,19.0226,18.996,244.577800323728,7.92811987499157
14.2,9,700,04-Aug-2026 01:49:57,0.17,0.168467951485988,18.8795,19.066,244.670143264709,7.93085080761054
15.2,10,190,NaT,0,0,NaN,NaN,NaN,NaN
15.2,10,190,04-Aug-2026 02:05:03,0.2,0.198197575549084,19.2193,18.895,NaN,NaN
15.2,10,190,04-Aug-2026 02:09:54,0.4,0.396394958602638,19.4383739130435,18.8752173913043,NaN,NaN
15.2,10,190,04-Aug-2026 02:10:34,0.6,0.594592149189359,19.43057,18.8809,NaN,NaN
15.2,10,190,04-Aug-2026 02:12:37,0.8,0.792789147292957,19.4356823529412,18.8812941176471,NaN,NaN
15.2,10,190,04-Aug-2026 02:13:04,1,0.990985952922833,19.4371588235294,18.8813529411765,NaN,NaN
15.2,10,190,04-Aug-2026 02:13:55,1.2,1.18918256608195,19.4312428571429,18.884,NaN,NaN
15.2,10,190,04-Aug-2026 02:15:51,1.4,1.3873789867604,19.43506875,18.879875,NaN,NaN
15.2,10,190,04-Aug-2026 02:16:46,1.6,1.58557521495471,19.436125,18.87875,NaN,NaN
15.2,10,190,04-Aug-2026 02:16:55,1.8,1.78377125068706,19.4353357142857,18.8787857142857,NaN,NaN
15.2,10,190,04-Aug-2026 02:17:05,2,1.98196709394753,19.4353307692308,18.8786153846154,NaN,NaN
15.2,10,190,04-Aug-2026 02:17:15,2.2,2.18016274473901,19.4354,18.878,NaN,NaN
15.2,10,190,04-Aug-2026 02:17:25,2.4,2.37835820305796,19.435325,18.87725,NaN,NaN
15.2,10,190,04-Aug-2026 02:17:35,2.6,2.57655346890084,19.4340666666667,18.878,NaN,NaN
15.2,10,190,04-Aug-2026 02:17:46,2.8,2.7747485422962,19.4328545454545,18.8781818181818,NaN,NaN
15.2,10,190,04-Aug-2026 02:17:55,3,2.97294342320192,19.4311,18.8797857142857,NaN,NaN
15.2,10,190,04-Aug-2026 02:18:08,3.2,3.1711381116594,19.4307,18.88,NaN,NaN
15.2,10,190,04-Aug-2026 02:20:11,3.4,3.36933260765859,19.42753,18.882,NaN,NaN
15.2,10,190,04-Aug-2026 02:20:48,3.6,3.56752691117663,19.4282909090909,18.883,NaN,NaN
15.2,10,190,04-Aug-2026 02:28:59,3.8,3.76572102225485,19.4125,18.888,NaN,NaN
15.2,10,190,04-Aug-2026 02:29:21,4,3.9639149408575,19.4109818181818,18.888,NaN,NaN
15.2,10,190,04-Aug-2026 02:29:43,4.2,4.16210866700663,19.4094,18.888,NaN,NaN
15.2,10,190,04-Aug-2026 02:30:13,4.4,4.360302200705,19.40708,18.8878,NaN,NaN
15.2,10,190,04-Aug-2026 02:31:27,4.6,4.55849554193609,19.40098,18.887,NaN,NaN
15.2,10,190,04-Aug-2026 02:31:54,4.8,4.75668869070905,19.3987375,18.887875,NaN,NaN
15.2,10,190,04-Aug-2026 02:32:03,5,4.95488164703947,19.3983,18.887,NaN,NaN
15.2,10,190,04-Aug-2026 02:32:09,5.2,5.15307441091721,19.39775,18.8878333333333,NaN,NaN
15.2,10,190,04-Aug-2026 02:32:17,5.4,5.35126698233855,19.3975,18.887,NaN,NaN
15.2,10,190,04-Aug-2026 02:32:28,5.6,5.54945936131259,19.3920043478261,18.887,NaN,NaN
15.2,10,190,04-Aug-2026 02:33:05,5.8,5.74765154782918,19.38922,18.8872,NaN,NaN
15.2,10,190,04-Aug-2026 02:33:49,6,5.94584354191667,19.38469375,18.889125,NaN,NaN
15.2,10,190,04-Aug-2026 02:37:21,6.2,6.14403534354558,19.3823941176471,18.891,NaN,NaN
15.2,10,190,04-Aug-2026 02:37:31,6.4,6.34222695272499,19.3791,18.891,NaN,NaN
15.2,10,190,04-Aug-2026 02:37:42,6.6,6.54041836945752,19.3830857142857,18.8882142857143,NaN,NaN
15.2,10,190,04-Aug-2026 02:37:55,6.8,6.7386095937522,19.3869071428571,18.8876428571429,NaN,NaN
15.2,10,190,04-Aug-2026 02:38:21,7,6.93680062561165,19.3844636363636,18.8889090909091,NaN,NaN
15.2,10,190,04-Aug-2026 02:39:49,7.2,7.1349914650256,19.3693666666667,18.8961333333333,NaN,NaN
15.2,10,190,04-Aug-2026 02:42:32,7.4,7.33318211199662,19.3673538461538,18.897,NaN,NaN
15.2,10,190,04-Aug-2026 02:42:44,7.6,7.53137256654014,19.35648,18.9014,NaN,NaN
15.2,10,190,04-Aug-2026 02:43:03,7.8,7.72956282863301,19.33532,18.9092,NaN,NaN
15.2,10,190,04-Aug-2026 02:43:27,8,7.92775289829704,19.33788,18.9049,NaN,NaN
15.2,10,190,04-Aug-2026 02:44:00,8.2,8.12594277552191,19.2918,18.927,NaN,NaN
15.2,10,190,04-Aug-2026 02:47:20,8.4,8.32413246031655,19.2719470588235,18.9338823529412,NaN,NaN
15.2,10,190,04-Aug-2026 02:47:25,8.6,8.52232195267705,19.2537,18.9406666666667,NaN,NaN
15.2,10,190,04-Aug-2026 02:47:31,8.8,8.7205112526059,19.2427833333333,18.9451666666667,NaN,NaN
15.2,10,190,04-Aug-2026 02:47:38,9,8.91870036010559,19.2348538461538,18.9467692307692,NaN,NaN
15.2,10,190,04-Aug-2026 02:47:44,9.2,9.11688927518497,19.2010454545455,18.9603636363636,NaN,NaN
15.2,10,190,04-Aug-2026 02:47:52,9.4,9.31507799782726,19.1519666666667,18.979,NaN,NaN
15.2,10,190,04-Aug-2026 02:48:01,9.6,9.51326652803489,19.1104,18.993,NaN,NaN
15.2,10,190,04-Aug-2026 02:48:08,9.8,9.71145486583598,18.98535,19.0358571428571,NaN,NaN
15.2,10,190,04-Aug-2026 02:48:21,10,9.90964301120082,18.79542,19.0774,NaN,NaN
15.2,10,190,04-Aug-2026 02:50:22,10.2,10.1078309641511,18.7284866666667,19.0792666666667,NaN,NaN
15.2,10,190,04-Aug-2026 02:52:07,10.4,10.3060187246635,18.6765,19.08,NaN,NaN
15.2,10,190,04-Aug-2026 02:52:12,10.6,10.5042062927725,18.6551277777778,19.0888888888889,NaN,NaN
15.2,10,190,04-Aug-2026 02:52:17,10.8,10.7023936684484,18.6229117647059,19.1002941176471,NaN,NaN
15.2,10,190,04-Aug-2026 02:52:22,11,10.9005808517193,18.5541,19.1195714285714,NaN,NaN
15.2,10,190,04-Aug-2026 02:52:27,11.2,11.0987678425617,18.4936636363636,19.1404545454545,NaN,NaN
15.2,10,190,04-Aug-2026 02:52:33,11.4,11.2969546410037,18.4124333333333,19.163,NaN,NaN
15.2,10,190,04-Aug-2026 02:52:43,11.6,11.4951412470155,18.3771727272727,19.1769090909091,NaN,NaN
15.2,10,190,04-Aug-2026 02:53:54,11.8,11.6933276606186,18.341,19.186,NaN,NaN
15.2,10,190,04-Aug-2026 02:57:09,12,11.8915138818154,18.322,19.207,NaN,NaN
15.2,10,190,04-Aug-2026 02:57:14,12.2,12.0896999105889,18.08278,19.432,NaN,NaN
15.2,10,190,04-Aug-2026 02:57:19,12.4,12.2878857469605,17.91275,19.5976666666667,NaN,NaN
15.2,10,190,04-Aug-2026 02:57:24,12.6,12.4860713909198,17.8321363636364,19.7196363636364,NaN,NaN
15.2,10,190,04-Aug-2026 02:57:31,12.8,12.6842568424818,17.7558538461538,19.805,NaN,NaN
15.2,10,190,04-Aug-2026 02:57:38,13,12.8824421016166,17.63868,19.9166,NaN,NaN
15.2,10,190,04-Aug-2026 02:57:46,13.2,13.0806271683585,17.4726461538462,20.0323076923077,NaN,NaN
15.2,10,190,04-Aug-2026 02:57:56,13.4,13.278812042697,17.3334,20.0815384615385,NaN,NaN
15.2,10,190,04-Aug-2026 02:58:08,13.6,13.476996724647,17.3125909090909,20.1347272727273,NaN,NaN
15.2,10,190,04-Aug-2026 02:59:08,13.8,13.6751812141786,17.0523090909091,20.182,NaN,NaN
15.2,10,190,04-Aug-2026 03:00:16,14,13.8733655113132,16.8911,20.2102727272727,NaN,NaN
15.2,10,190,04-Aug-2026 03:02:03,14.2,14.0715496160402,16.8746058823529,20.2205882352941,NaN,NaN
15.2,10,190,04-Aug-2026 03:02:10,14.4,14.269733528381,16.9369,20.2423076923077,NaN,NaN
15.2,10,190,04-Aug-2026 03:02:15,14.6,14.4679172483184,16.9538642857143,20.2462857142857,NaN,NaN
15.2,10,190,04-Aug-2026 03:02:20,14.8,14.6661007758609,16.9613416666667,20.2488333333333,NaN,NaN
15.2,10,190,04-Aug-2026 03:02:24,15,14.8642841110043,16.9683833333333,20.253,NaN,NaN
15.2,10,190,04-Aug-2026 03:02:28,15.2,15.0624672537699,16.9762,20.271,NaN,NaN
15.2,10,190,04-Aug-2026 03:02:34,15.4,15.2606502041341,17.0816666666667,20.338,NaN,NaN
15.2,10,190,04-Aug-2026 03:02:40,15.6,15.4588329621054,17.0506823529412,20.4261176470588,NaN,NaN
15.2,10,190,04-Aug-2026 03:02:49,15.8,15.6570155276859,16.8750266666667,20.5058,NaN,NaN
15.2,10,190,04-Aug-2026 03:03:11,16,15.855197900884,16.79028,20.5364,NaN,NaN
15.2,10,190,04-Aug-2026 03:04:10,16.2,16.0533800816824,16.7321583333333,20.5675,NaN,NaN
15.2,10,190,04-Aug-2026 03:06:09,16.4,16.2515620701089,16.6287272727273,20.6556363636364,NaN,NaN
15.2,10,190,04-Aug-2026 03:07:09,16.6,16.4497438661527,16.6462363636364,20.6771818181818,NaN,NaN
15.2,10,190,04-Aug-2026 03:07:15,16.8,16.6479254697964,16.5862,20.684,NaN,NaN
15.2,10,190,04-Aug-2026 03:07:22,17,16.8461068810614,16.4059,20.7401428571429,NaN,NaN
15.2,10,190,04-Aug-2026 03:11:17,17.2,17.0442880999495,16.1620818181818,20.8502727272727,NaN,NaN
15.2,10,190,04-Aug-2026 03:12:07,17.4,17.2424691264628,16.10365,20.874,NaN,NaN
15.2,10,190,04-Aug-2026 03:12:15,17.6,17.4406499605967,16.0463,20.897,NaN,NaN
15.2,10,190,04-Aug-2026 03:12:25,17.8,17.6388306023468,15.7987833333333,20.8721666666667,NaN,NaN
15.2,10,190,04-Aug-2026 03:17:07,18,17.8370110517151,14.2782666666667,21.3040833333333,NaN,NaN
15.2,10,190,04-Aug-2026 03:17:13,18.2,18.0351913087097,13.7852923076923,21.4994615384615,NaN,NaN
15.2,10,190,04-Aug-2026 03:17:20,18.4,18.2333713733455,13.3950615384615,21.6340769230769,NaN,NaN
15.2,10,190,04-Aug-2026 03:17:26,18.6,18.4315512455986,13.1654636363636,21.7155454545455,NaN,NaN
15.2,10,190,04-Aug-2026 03:17:34,18.8,18.629730925471,12.7634666666667,21.8716666666667,NaN,NaN
15.2,10,190,04-Aug-2026 03:17:43,19,18.8279104129773,12.3532,22.041,NaN,NaN
15.2,10,190,04-Aug-2026 03:17:55,19.2,19.0260897081193,12.3284,22,NaN,NaN
15.2,10,190,04-Aug-2026 03:21:54,19.4,19.2242688108926,12.190975,21.9891875,NaN,NaN
15.2,10,190,04-Aug-2026 03:22:06,19.6,19.4224477212988,12.1624909090909,22.0005454545455,NaN,NaN
15.2,10,190,04-Aug-2026 03:22:10,19.8,19.6206264393334,12.1338210526316,22.0133684210526,NaN,NaN
15.2,10,190,04-Aug-2026 03:22:15,20,19.8188049650046,12.162,22,NaN,NaN
15.2,10,190,04-Aug-2026 03:22:19,20.2,20.0169832983142,12.11504,22.0168,NaN,NaN
15.2,10,190,04-Aug-2026 03:22:23,20.4,20.215161439264,11.9583368421053,22.0673684210526,NaN,NaN
15.2,10,190,04-Aug-2026 03:22:27,20.6,20.4133393878363,11.801175,22.1325,NaN,NaN
15.2,10,190,04-Aug-2026 03:22:32,20.8,20.6115171440652,11.6845,22.1663333333333,NaN,NaN
15.2,10,190,04-Aug-2026 03:22:37,21,20.8096947079266,11.5605888888889,22.1984444444444,NaN,NaN
15.2,10,190,04-Aug-2026 03:22:43,21.2,21.0078720794479,11.2944,22.257,NaN,NaN
15.2,10,190,04-Aug-2026 03:22:47,21.4,21.206049258586,11.2096857142857,22.2670714285714,NaN,NaN
15.2,10,190,04-Aug-2026 03:22:54,21.6,21.4042262453874,11.057425,22.30575,NaN,NaN
15.2,10,190,04-Aug-2026 03:23:00,21.8,21.6024030398282,10.8449166666667,22.3726666666667,NaN,NaN
15.2,10,190,04-Aug-2026 03:23:07,22,21.8005796419164,10.88606,22.3346,NaN,NaN
15.2,10,190,04-Aug-2026 03:23:16,22.2,21.9987560516536,10.8073769230769,22.3616153846154,NaN,NaN
15.2,10,190,04-Aug-2026 03:23:24,22.4,22.1969322690417,10.7175933333333,22.3798,NaN,NaN
15.2,10,190,04-Aug-2026 03:23:33,22.6,22.395108294082,10.5023,22.44,NaN,NaN
15.2,10,190,04-Aug-2026 03:23:42,22.8,22.5932841267636,10.5341375,22.412875,NaN,NaN
15.2,10,190,04-Aug-2026 03:23:51,23,22.7914597671136,10.4899,22.4183333333333,NaN,NaN
15.2,10,190,04-Aug-2026 03:24:01,23.2,22.9896352151015,10.523825,22.3815,NaN,NaN
15.2,10,190,04-Aug-2026 03:24:13,23.4,23.1878104707546,10.4888818181818,22.3908181818182,NaN,NaN
15.2,10,190,04-Aug-2026 03:24:24,23.6,23.3859855340681,10.5159,22.35,NaN,NaN
15.2,10,190,04-Aug-2026 03:24:37,23.8,23.5841604050242,10.4417,22.397,NaN,NaN
15.2,10,190,04-Aug-2026 03:24:48,24,23.7823350836502,10.3979538461538,22.3952307692308,NaN,NaN
15.2,10,190,04-Aug-2026 03:25:03,24.2,23.9805095699347,10.34982,22.4092,NaN,NaN
15.2,10,190,04-Aug-2026 03:25:15,24.4,24.1786838638858,10.3514,22.391,NaN,NaN
15.2,10,190,04-Aug-2026 03:25:33,24.6,24.3768579654856,10.3235818181818,22.4011818181818,NaN,NaN
15.2,10,190,04-Aug-2026 03:25:51,24.8,24.5750318747613,10.3112636363636,22.405,NaN,NaN
15.2,10,190,04-Aug-2026 03:26:10,25,24.7732055917016,10.3411636363636,22.3848181818182,NaN,NaN
15.2,10,190,04-Aug-2026 03:26:30,25.2,24.9713791163016,10.2908,22.4107272727273,NaN,NaN
15.2,10,190,04-Aug-2026 03:26:47,25.4,25.169552448569,10.29648,22.4014,NaN,NaN
15.2,10,190,04-Aug-2026 03:27:04,25.6,25.3677255885182,10.3009230769231,22.3906923076923,NaN,NaN
15.2,10,190,04-Aug-2026 03:27:22,25.8,25.565898536125,10.1584727272727,22.4277272727273,NaN,NaN
15.2,10,190,04-Aug-2026 03:27:39,26,25.7640712913971,10.1260909090909,22.4375454545455,NaN,NaN
15.2,10,190,04-Aug-2026 03:27:53,26.2,25.9622438543425,10.1147,22.4382307692308,NaN,NaN
15.2,10,190,04-Aug-2026 03:28:09,26.4,26.1604162249753,10.1148666666667,22.4365,NaN,NaN
15.2,10,190,04-Aug-2026 03:28:25,26.6,26.3585884032649,10.1133333333333,22.4366666666667,NaN,NaN
15.2,10,190,04-Aug-2026 03:28:41,26.8,26.5567603892446,10.1047,22.4334,NaN,NaN
15.2,10,190,04-Aug-2026 03:28:59,27,26.7549321828902,10.07055,22.4345,NaN,NaN
15.2,10,190,04-Aug-2026 03:29:17,27.2,26.9531037842159,10.0139,22.456,NaN,NaN
15.2,10,190,04-Aug-2026 03:29:39,27.4,27.1512751932166,10.0063666666667,22.4516666666667,NaN,NaN
15.2,10,190,04-Aug-2026 03:30:04,27.6,27.3494464099193,9.98695,22.455,NaN,NaN
15.2,10,190,04-Aug-2026 03:30:32,27.8,27.5476174342867,9.98235,22.45125,NaN,NaN
15.2,10,190,04-Aug-2026 03:31:02,28,27.745788266333,9.93610909090909,22.4654545454545,NaN,NaN
15.2,10,190,04-Aug-2026 03:31:28,28.2,27.9439589060724,9.92193636363636,22.4578181818182,NaN,NaN
15.2,10,190,04-Aug-2026 03:31:52,28.4,28.1421293534805,9.91655,22.4485,NaN,NaN
15.2,10,190,04-Aug-2026 03:32:02,28.6,28.3402996085904,9.88714285714286,22.4617857142857,NaN,NaN
15.2,10,190,04-Aug-2026 03:32:07,28.8,28.5384696713844,9.87648125,22.4608125,NaN,NaN
15.2,10,190,04-Aug-2026 03:32:12,29,28.7366395418636,9.85285789473684,22.4685263157895,NaN,NaN
15.2,10,190,04-Aug-2026 03:32:17,29.2,28.934809220042,9.8291,22.47,NaN,NaN
15.2,10,190,04-Aug-2026 03:32:20,29.4,29.1329787058952,9.81896923076923,22.4706923076923,NaN,NaN
15.2,10,190,04-Aug-2026 03:32:24,29.6,29.3311479994501,9.81307058823529,22.4738235294118,NaN,NaN
15.2,10,190,04-Aug-2026 03:32:28,29.8,29.5293171006951,9.80976923076923,22.4728461538462,NaN,NaN
15.2,10,190,04-Aug-2026 03:32:32,30,29.7274860096376,9.80638235294118,22.4704705882353,NaN,NaN
15.2,10,190,04-Aug-2026 03:32:35,30.2,29.9256547262789,9.79566363636363,22.4733636363636,NaN,NaN
15.2,10,190,04-Aug-2026 03:32:39,30.4,30.1238232506009,9.782,22.4764,NaN,NaN
15.2,10,190,04-Aug-2026 03:32:43,30.6,30.3219915826432,9.76648333333333,22.4783333333333,NaN,NaN
15.2,10,190,04-Aug-2026 03:32:47,30.8,30.5201597223684,9.76023333333333,22.4805555555556,NaN,NaN
15.2,10,190,04-Aug-2026 03:32:51,31,30.7183276698033,9.74024545454545,22.4816363636364,NaN,NaN
15.2,10,190,04-Aug-2026 03:32:55,31.2,30.9164954249361,9.71308888888889,22.4891111111111,NaN,NaN
15.2,10,190,04-Aug-2026 03:32:58,31.4,31.114662987768,9.70635384615385,22.4909230769231,NaN,NaN
15.2,10,190,04-Aug-2026 03:33:03,31.6,31.3128303583065,9.701675,22.4845,NaN,NaN
15.2,10,190,04-Aug-2026 03:33:07,31.8,31.5109975365525,9.6722,22.4896470588235,NaN,NaN
15.2,10,190,04-Aug-2026 03:33:11,32,31.7091645225008,9.635575,22.498875,NaN,NaN
15.2,10,190,04-Aug-2026 03:33:16,32.2,31.9073313161587,9.62278,22.498,NaN,NaN
15.2,10,190,04-Aug-2026 03:33:20,32.4,32.1054979175274,9.59511052631579,22.5061052631579,NaN,NaN
15.2,10,190,04-Aug-2026 03:33:24,32.6,32.3036643266014,9.60784444444444,22.4993333333333,NaN,NaN
15.2,10,190,04-Aug-2026 03:33:29,32.8,32.5018305433944,9.5772,22.5054545454545,NaN,NaN
15.2,10,190,04-Aug-2026 03:33:34,33,32.6999965678948,9.57334666666667,22.5037333333333,NaN,NaN
15.2,10,190,04-Aug-2026 03:33:39,33.2,32.8981624001098,9.57676153846154,22.4989230769231,NaN,NaN
15.2,10,190,04-Aug-2026 03:33:44,33.4,33.0963280400341,9.5497375,22.5085625,NaN,NaN
15.2,10,190,04-Aug-2026 03:33:49,33.6,33.2944934876813,9.53570769230769,22.5057692307692,NaN,NaN
15.2,10,190,04-Aug-2026 03:33:55,33.8,33.4926587430396,9.52812857142857,22.5002857142857,NaN,NaN
15.2,10,190,04-Aug-2026 03:34:00,34,33.6908238061228,9.48334705882353,22.5168823529412,NaN,NaN
15.2,10,190,04-Aug-2026 03:34:06,34.2,33.8889886769189,9.46041428571429,22.5192857142857,NaN,NaN
15.2,10,190,04-Aug-2026 03:34:12,34.4,34.0871533554416,9.43694,22.5186,NaN,NaN
15.2,10,190,04-Aug-2026 03:34:18,34.6,34.2853178416727,9.41074615384615,22.526,NaN,NaN
15.2,10,190,04-Aug-2026 03:34:24,34.8,34.4834821356386,9.41465384615385,22.5158461538462,NaN,NaN
15.2,10,190,04-Aug-2026 03:34:31,35,34.6816462373338,9.43272727272727,22.5109090909091,NaN,NaN
15.2,10,190,04-Aug-2026 03:34:38,35.2,34.8798101467398,9.37754285714286,22.5362857142857,NaN,NaN
15.2,10,190,04-Aug-2026 03:34:46,35.4,35.0779738638832,9.390275,22.51825,NaN,NaN
15.2,10,190,04-Aug-2026 03:34:55,35.6,35.276137388752,9.3823,22.5182,NaN,NaN
15.2,10,190,04-Aug-2026 03:35:05,35.8,35.4743007213406,9.3412,22.534,NaN,NaN
15.2,10,190,04-Aug-2026 03:35:17,36,35.672463861669,9.34207272727273,22.5243636363636,NaN,NaN
15.2,10,190,04-Aug-2026 03:35:32,36.2,35.8706268097251,9.33580909090909,22.5239090909091,NaN,NaN
15.2,10,190,04-Aug-2026 03:36:41,36.4,36.0687895655098,9.3173,22.524,NaN,NaN
15.2,10,190,04-Aug-2026 03:40:33,36.6,36.2669521290302,9.309075,22.523,NaN,NaN
15.2,10,190,04-Aug-2026 03:41:26,36.8,36.4651145002934,9.3074,22.52375,NaN,NaN
15.2,10,290,07-Aug-2026 00:53:09,36.46,36.1282383547602,9.5583,22.496,0.846537498552304,0.0275612700187261
15.2,10,290,07-Aug-2026 02:53:11,36.47,36.1381464846205,9.5761,22.499,1.09005169159121,0.0354895072796594
15.2,10,290,07-Aug-2026 01:53:10,36.48,36.1480546139875,9.5809,22.494,1.58557205796026,0.0516222167433472
15.2,10,290,06-Aug-2026 23:53:08,36.49,36.1579627428931,9.5434,22.498,0.84360339934752,0.0274658258383038
15.2,10,290,06-Aug-2026 17:53:01,36.5,36.1678708713054,9.3331,22.522,-0.243325047925441,-0.00792248807122704
15.2,10,290,06-Aug-2026 18:53:02,36.5,36.1678708713054,9.3554,22.52,-0.232105554824269,-0.00755715733932852
15.2,10,290,06-Aug-2026 21:53:06,36.5,36.1678708713054,9.4537,22.509,-0.0200221712891228,-0.000651891391148171
15.2,10,290,06-Aug-2026 22:53:07,36.5,36.1678708713054,9.4895,22.504,0.263403873644312,0.00857594143849246
15.2,10,290,06-Aug-2026 19:53:03,36.51,36.1777789992433,9.3964,22.515,-0.235910463893924,-0.00768097215914449
15.2,10,290,06-Aug-2026 20:53:04,36.51,36.1777789992433,9.4354,22.511,-0.0671145931065518,-0.00218515517198036
15.2,10,290,07-Aug-2026 03:53:12,36.51,36.1777789992433,9.5016,22.504,0.157584371955869,0.00513064537145314
15.2,10,290,06-Aug-2026 16:53:00,36.54,36.2075033801666,9.3268,22.522,-0.240984711115984,-0.00784629933432566
15.2,10,290,07-Aug-2026 04:53:13,36.55,36.217411506188,9.4781,22.505,-0.0246199524770511,-0.000801581517551653
15.2,10,290,06-Aug-2026 15:52:59,36.57,36.237227756769,9.2989,22.525,-0.25226081911584,-0.00821348209452054
15.2,10,290,06-Aug-2026 14:52:58,36.6,36.2669521290302,9.2969,22.526,-0.245852791856862,-0.00800485997927447
15.2,10,290,07-Aug-2026 05:53:14,36.61,36.2768602521722,9.4696,22.505,-0.128205070488294,-0.00417413929257585
15.2,10,290,06-Aug-2026 13:52:58,36.64,36.3065846186604,9.4146,22.517,-0.241381277214009,-0.00785908149631258
15.2,10,290,06-Aug-2026 12:52:57,36.68,36.3462171006103,9.3897,22.518,-0.241149022092678,-0.00785157556595524
15.2,10,290,07-Aug-2026 06:53:16,36.68,36.3462171006103,9.4908,22.504,-0.104470248459961,-0.00340135797057263
15.2,10,290,05-Aug-2026 13:52:35,36.73,36.3957576922241,9.2219,22.531,-0.24467591403114,-0.00796665024093672
15.2,10,290,05-Aug-2026 16:52:38,36.73,36.3957576922241,9.2696,22.533,-0.249013970498609,-0.0081078555102723
15.2,10,290,05-Aug-2026 14:52:36,36.74,36.4056658091086,9.2504,22.53,-0.241461334887129,-0.00786195686468389
15.2,10,290,06-Aug-2026 04:52:49,36.74,36.4056658091086,9.4328,22.512,-0.154400072864619,-0.00502705426688521
15.2,10,290,05-Aug-2026 17:52:39,36.75,36.4155739255051,9.3036,22.526,-0.252371368267375,-0.00821709562392619
15.2,10,290,06-Aug-2026 03:52:49,36.75,36.4155739255051,9.379,22.518,-0.242821025564612,-0.00790600612882589
15.2,10,290,06-Aug-2026 11:52:56,36.75,36.4155739255051,9.3797,22.52,-0.235500786550287,-0.00766767972452956
15.2,10,290,07-Aug-2026 07:53:17,36.75,36.4155739255051,9.4833,22.507,-0.170877709415926,-0.00556348397626718
15.2,10,290,05-Aug-2026 12:52:34,36.76,36.4254820414199,9.2301,22.531,-0.240598263782302,-0.00783388204543013
15.2,10,290,05-Aug-2026 15:52:37,36.77,36.4353901568593,9.2512,22.532,-0.239923516975168,-0.00781188697737559
15.2,10,290,06-Aug-2026 10:52:55,36.77,36.4353901568593,9.3939,22.517,-0.229802612797718,-0.00748212585842781
15.2,10,290,05-Aug-2026 10:52:32,36.78,36.445298271817,9.2484,22.525,-0.249734539518929,-0.00813130116254186
15.2,10,290,06-Aug-2026 02:52:48,36.78,36.445298271817,9.5407,22.496,0.583895705501851,0.0190103489814957
15.2,10,290,06-Aug-2026 05:52:50,36.78,36.445298271817,9.4197,22.512,-0.226638170918273,-0.00737904738937706
15.2,10,290,06-Aug-2026 09:52:54,36.78,36.445298271817,9.3966,22.515,-0.233803717755676,-0.00761238590234664
15.2,10,290,08-Aug-2026 04:53:37,36.78,36.445298271817,9.5589,22.516,-0.202816046715647,-0.00660332411612102
15.2,10,290,05-Aug-2026 06:52:28,36.79,36.4552063862929,9.3714,22.534,-0.12266086178141,-0.00399376870729372
15.2,10,290,05-Aug-2026 08:52:30,36.79,36.4552063862929,9.2895,22.544,-0.226852294207716,-0.00738632743699898
15.2,10,290,05-Aug-2026 18:52:40,36.79,36.4552063862929,9.329,22.522,-0.249167985218592,-0.00811274819952567
15.2,10,290,08-Aug-2026 06:53:40,36.79,36.4552063862929,9.5412,22.53,-0.222597921168321,-0.00724750036907748
15.2,10,290,05-Aug-2026 04:52:26,36.8,36.4651145002934,9.3379,22.532,-0.249040271970148,-0.00810865226442404
15.2,10,290,05-Aug-2026 05:52:27,36.8,36.4651145002934,9.3611,22.534,-0.221731582027871,-0.0072194676429923
15.2,10,290,05-Aug-2026 11:52:33,36.8,36.4651145002934,9.1799,22.53,-0.25110168546997,-0.00817591024336501
15.2,10,290,06-Aug-2026 06:52:51,36.8,36.4651145002934,9.3862,22.517,-0.235401831368616,-0.00766444048831048
15.2,10,290,06-Aug-2026 07:52:52,36.8,36.4651145002934,9.3849,22.521,-0.231362903125799,-0.00753296296954426
15.2,10,290,07-Aug-2026 08:53:18,36.8,36.4651145002934,9.4798,22.506,-0.199023628006396,-0.00647986507755461
15.2,10,290,08-Aug-2026 05:53:38,36.8,36.4651145002934,9.5567,22.524,-0.128674867929748,-0.00418944958770888
15.2,10,290,05-Aug-2026 07:52:29,36.81,36.4750226138184,9.316,22.539,-0.226093899322665,-0.00736158012244293
15.2,10,290,05-Aug-2026 09:52:31,36.81,36.4750226138184,9.2068,22.529,-0.239731302287987,-0.00780566620511543
15.2,10,290,06-Aug-2026 08:52:53,36.81,36.4750226138184,9.393,22.516,-0.233844799899921,-0.00761373278447862
15.2,10,290,08-Aug-2026 03:53:37,36.82,36.4849307268422,9.5902,22.511,-0.000786402035910029,-2.56048689103719e-05
15.2,10,290,08-Aug-2026 17:53:51,36.82,36.4849307268422,9.5124,22.528,-0.239132674108627,-0.00778584520599462
15.2,10,290,05-Aug-2026 01:52:23,36.83,36.4948388394033,9.2964,22.536,-0.172926115251916,-0.00563045527380008
15.2,10,290,05-Aug-2026 02:52:24,36.83,36.4948388394033,9.2859,22.54,-0.0808302939996917,-0.00263182997966975
15.2,10,290,07-Aug-2026 09:53:19,36.83,36.4948388394033,9.473,22.506,-0.196199007617101,-0.00638790895379812
15.2,10,290,08-Aug-2026 16:53:50,36.83,36.4948388394033,9.4844,22.528,-0.223898747591636,-0.00728987795434774
15.2,10,290,08-Aug-2026 19:53:53,36.83,36.4948388394033,9.5346,22.526,-0.223824238027493,-0.00728739110023607
15.2,10,290,06-Aug-2026 01:52:47,36.84,36.504746951476,9.4942,22.502,0.0364451857921774,0.00118658521184877
15.2,10,290,08-Aug-2026 18:53:52,36.84,36.504746951476,9.509,22.527,-0.236412807192546,-0.00769729372648461
15.2,10,290,05-Aug-2026 19:52:41,36.85,36.5146550630601,9.3825,22.521,-0.247782491050962,-0.00806757044721321
15.2,10,290,05-Aug-2026 20:52:42,36.85,36.5146550630601,9.3758,22.521,-0.253364899365061,-0.00824933928684567
15.2,10,290,08-Aug-2026 07:53:41,36.85,36.5146550630601,9.5376,22.515,-0.21002605814589,-0.0068380778902358
15.2,10,290,08-Aug-2026 15:53:49,36.85,36.5146550630601,9.5023,22.532,-0.236406991999169,-0.00769713439462055
15.2,10,290,05-Aug-2026 03:52:25,36.86,36.5245631741879,9.3677,22.539,-0.0259234420463511,-0.000844057322732696
15.2,10,290,07-Aug-2026 10:53:20,36.86,36.5245631741879,9.4651,22.507,-0.174622507252419,-0.00568542747605854
15.2,10,290,07-Aug-2026 11:53:21,36.87,36.5344712848142,9.4198,22.511,-0.238885218322922,-0.00777779323996997
15.2,10,290,05-Aug-2026 21:52:43,36.88,36.5443793949648,9.3919,22.52,-0.241196079802666,-0.0078531062168382
15.2,10,290,08-Aug-2026 02:53:36,36.88,36.5443793949648,9.6072,22.504,-0.0488070230240413,-0.00158904375814358
15.2,10,290,05-Aug-2026 22:52:44,36.89,36.5542875046331,9.3899,22.518,-0.133658741258358,-0.00435178398757985
15.2,10,290,06-Aug-2026 00:52:46,36.89,36.5542875046331,9.4898,22.502,0.131770436784886,0.00429020451860838
15.2,10,290,04-Aug-2026 13:52:10,36.9,36.5641956138256,9.3015,22.524,-0.260631125200852,-0.008486024302719
15.2,10,290,04-Aug-2026 23:52:21,36.9,36.5641956138256,9.2937,22.524,-0.249715353630074,-0.00813061924801639
15.2,10,290,05-Aug-2026 00:52:22,36.9,36.5641956138256,9.2798,22.53,-0.195373551883795,-0.00636132358076306
15.2,10,290,05-Aug-2026 23:52:45,36.9,36.5641956138256,9.4347,22.512,-0.110707946438209,-0.00360450231654165
15.2,10,290,08-Aug-2026 20:53:54,36.9,36.5641956138256,9.5417,22.522,-0.226038566259177,-0.00735945782672164
15.2,10,290,04-Aug-2026 14:52:11,36.91,36.5741037225358,9.2769,22.522,-0.265456699383444,-0.00864316416834055
15.2,10,290,07-Aug-2026 12:53:22,36.91,36.5741037225358,9.3766,22.515,-0.241060824760412,-0.00784869652868704
15.2,10,290,08-Aug-2026 08:53:42,36.91,36.5741037225358,9.532,22.512,-0.212907956406192,-0.00693191190793283
15.2,10,290,04-Aug-2026 22:52:20,36.92,36.5840118307573,9.3327,22.521,-0.272151852843575,-0.00886107797369155
15.2,10,290,07-Aug-2026 13:53:23,36.92,36.5840118307573,9.3898,22.514,-0.23542365630226,-0.00766514024771528
15.2,10,290,07-Aug-2026 14:53:24,36.92,36.5840118307573,9.3996,22.512,-0.23386729003908,-0.00761444517488059
15.2,10,290,08-Aug-2026 14:53:48,36.92,36.5840118307573,9.5298,22.532,-0.22958547593402,-0.00747501697344816
15.2,10,290,04-Aug-2026 10:52:07,36.93,36.5939199385092,9.3515,22.521,-0.215633303195018,-0.00702085383114761
15.2,10,290,04-Aug-2026 11:52:08,36.93,36.5939199385092,9.2518,22.528,-0.254737345367824,-0.00829419509685516
15.2,10,290,04-Aug-2026 12:52:09,36.94,36.6038280457786,9.3084,22.524,-0.260624372607641,-0.00848580444060023
15.2,10,290,08-Aug-2026 01:53:35,36.94,36.6038280457786,9.6306,22.502,0.185283355369111,0.00603237572683486
15.2,10,290,08-Aug-2026 09:53:43,36.94,36.6038280457786,9.5443,22.513,-0.201545228032901,-0.00656194748614987
15.2,10,290,04-Aug-2026 09:52:06,36.95,36.6137361525592,9.4239,22.521,1.52623165822067,0.0496924559976546
15.2,10,290,08-Aug-2026 10:53:44,36.95,36.6137361525592,9.5749,22.51,-0.189706372382196,-0.00617645884329758
15.2,10,290,08-Aug-2026 13:53:47,36.95,36.6137361525592,9.4381,22.529,-0.235483622842538,-0.00766712657322684
15.2,10,290,04-Aug-2026 15:52:12,36.96,36.62364425887,9.2305,22.528,-0.251361967891452,-0.00818432615401376
15.2,10,290,04-Aug-2026 16:52:13,36.96,36.62364425887,9.2354,22.528,-0.26373965332241,-0.00858734256934516
15.2,10,290,08-Aug-2026 12:53:46,36.96,36.62364425887,9.4524,22.521,-0.228499866404518,-0.00743967980156279
15.2,10,290,04-Aug-2026 08:52:05,36.97,36.6335523646855,9.408,22.523,1.47156426481702,0.0479126823580837
15.2,10,290,04-Aug-2026 19:52:16,36.97,36.6335523646855,9.2833,22.524,-0.272087069188598,-0.00885904803695261
15.2,10,290,04-Aug-2026 20:52:17,36.97,36.6335523646855,9.2623,22.526,-0.27118167654384,-0.00882960554067855
15.2,10,290,04-Aug-2026 21:52:18,36.97,36.6335523646855,9.3067,22.521,-0.258167140987743,-0.00840579004116375
15.2,10,290,07-Aug-2026 15:53:25,36.97,36.6335523646855,9.411,22.515,-0.234733224814711,-0.00764263430842154
15.2,10,290,07-Aug-2026 16:53:26,36.97,36.6335523646855,9.4477,22.508,-0.233619253340828,-0.00760629560158927
15.2,10,290,08-Aug-2026 11:53:45,36.97,36.6335523646855,9.5382,22.516,-0.226316876158569,-0.00736848716506815
15.2,10,290,04-Aug-2026 05:51:58,36.98,36.6434604700376,9.3423,22.522,NaN,NaN
15.2,10,290,04-Aug-2026 06:52:03,36.98,36.6434604700376,9.3749,22.516,0.112261567656307,0.0036551261413543
15.2,10,290,04-Aug-2026 07:52:04,36.98,36.6434604700376,9.4003,22.522,0.343181190893965,0.0111736479225886
15.2,10,290,08-Aug-2026 00:53:34,36.98,36.6434604700376,9.5958,22.516,0.0371728852122747,0.00121027507185813
15.2,10,290,04-Aug-2026 17:52:14,36.99,36.6533685748942,9.2738,22.526,-0.277757008861378,-0.00904368485067678
15.2,10,290,04-Aug-2026 18:52:15,36.99,36.6533685748942,9.2615,22.526,-0.238315139213579,-0.00775947964314245
15.2,10,290,07-Aug-2026 17:53:27,36.99,36.6533685748942,9.4865,22.515,-0.204779331498815,-0.0066673177529211
15.2,10,290,08-Aug-2026 21:53:56,36.99,36.6533685748942,9.5516,22.52,-0.216851771400677,-0.00706033072624085
15.2,10,290,07-Aug-2026 23:53:33,37,36.6632766792875,9.5947,22.532,0.0703826778859478,0.00229155090724849
15.2,10,290,07-Aug-2026 20:53:30,37.02,36.6830928866193,9.5792,22.535,0.138797470577196,0.00451905210022304
15.2,10,290,07-Aug-2026 19:53:29,37.03,36.6930009895513,9.5251,22.527,-0.156301379082812,-0.005088969194075
15.2,10,290,07-Aug-2026 21:53:31,37.03,36.6930009895513,9.6067,22.522,0.205321298350425,0.00668488588189804
15.2,10,290,08-Aug-2026 22:53:57,37.03,36.6930009895513,9.5426,22.522,-0.230221910301893,-0.00749566549823604
15.2,10,290,07-Aug-2026 18:53:28,37.04,36.7029090920134,9.5738,22.543,0.018458375837409,0.000600983976788227
15.2,10,290,08-Aug-2026 23:53:58,37.04,36.7029090920134,9.5164,22.53,NaN,NaN
15.2,10,290,07-Aug-2026 22:53:32,37.06,36.7227252954952,9.6044,22.523,0.100536310988309,0.00327328056526943
15.2,10,590,NaT,0,0,NaN,NaN,NaN,NaN
15.2,10,590,NaT,0.2,0.198197575549084,NaN,NaN,NaN,NaN
15.2,10,590,09-Aug-2026 01:52:51,0.4,0.396394958602638,19.08265,18.6929,244.282430419654,7.915359542805
15.2,10,590,09-Aug-2026 01:52:44,0.6,0.594592149189359,19.084275,18.692125,244.052092729695,7.90789204789605
15.2,10,590,09-Aug-2026 01:52:39,0.8,0.792789147292957,19.0825473684211,18.6920526315789,243.909364809425,7.90326733493684
15.2,10,590,09-Aug-2026 01:52:35,1,0.990985952922833,19.0818421052632,18.6907368421053,243.854246658843,7.90148540392739
15.2,10,590,09-Aug-2026 01:52:31,1.2,1.18918256608195,19.0815454545455,18.6927272727273,243.755411589042,7.8982898844441
15.2,10,590,09-Aug-2026 01:52:27,1.4,1.3873789867604,19.0822111111111,18.6911111111111,243.632403855274,7.8943081543734
15.2,10,590,09-Aug-2026 01:52:22,1.6,1.58557521495471,19.08215,18.69025,243.515804054093,7.89053699928407
15.2,10,590,09-Aug-2026 01:52:18,1.8,1.78377125068706,19.0830952380952,18.6920476190476,243.429784849468,7.88776262976351
15.2,10,590,09-Aug-2026 01:52:14,2,1.98196709394753,19.0839473684211,18.6919473684211,243.46245837042,7.88883126752371
15.2,10,590,09-Aug-2026 01:52:10,2.2,2.18016274473901,19.0862466666667,18.6928666666667,243.530087179075,7.89102559396406
15.2,10,590,09-Aug-2026 01:52:06,2.4,2.37835820305796,19.08705,18.6925,243.513978549857,7.89050260180381
15.2,10,590,09-Aug-2026 01:52:01,2.6,2.57655346890084,19.0890666666667,18.6924444444444,243.570876804127,7.89235913894006
15.2,10,590,09-Aug-2026 01:51:57,2.8,2.7747485422962,19.0888444444444,18.6955555555556,243.666553395078,7.89546137851994
15.2,10,590,09-Aug-2026 01:51:53,3,2.97294342320192,19.0886285714286,18.6917142857143,243.801008322711,7.89980932054345
15.2,10,590,09-Aug-2026 01:51:49,3.2,3.1711381116594,19.0881277777778,18.691,243.873127743305,7.90215612732716
15.2,10,590,09-Aug-2026 01:51:45,3.4,3.36933260765859,19.0878285714286,18.6919047619048,243.903193998997,7.90316294987608
15.2,10,590,09-Aug-2026 01:51:41,3.6,3.56752691117663,19.0901,18.702,243.891207089787,7.9028297881902
15.2,10,590,09-Aug-2026 01:51:37,3.8,3.76572102225485,19.08858125,18.7064375,243.886022478696,7.90269241505479
15.2,10,590,09-Aug-2026 01:51:33,4,3.9639149408575,19.0876,18.709,243.950691208691,7.90484428698664
15.2,10,590,09-Aug-2026 01:51:29,4.2,4.16210866700663,19.0861,18.7246666666667,243.912001662963,7.90367446130231
15.2,10,590,09-Aug-2026 01:51:25,4.4,4.360302200705,19.0869941176471,18.7352941176471,243.769953841511,7.89918293800178
15.2,10,590,09-Aug-2026 01:51:21,4.6,4.55849554193609,19.08306,18.752,243.819852155277,7.90083835282187
15.2,10,590,09-Aug-2026 01:51:17,4.8,4.75668869070905,19.0892,18.752,243.808664987799,7.90049259334003
15.2,10,590,09-Aug-2026 01:51:13,5,4.95488164703947,19.0985684210526,18.752,243.736392339077,7.89814565955626
15.2,10,590,09-Aug-2026 01:51:09,5.2,5.15307441091721,19.1198545454545,18.7640909090909,243.531174173047,7.89153870951359
15.2,10,590,09-Aug-2026 01:51:06,5.4,5.35126698233855,19.1349739130435,18.7675217391304,243.364267047666,7.88616982424199
15.2,10,590,09-Aug-2026 01:51:02,5.6,5.54945936131259,19.120219047619,18.7697142857143,243.235670962932,7.88203900374146
15.2,10,590,09-Aug-2026 01:50:59,5.8,5.74765154782918,19.1386,18.784,243.032563283085,7.87545146681146
15.2,10,590,09-Aug-2026 01:50:54,6,5.94584354191667,19.1642615384615,18.7756153846154,242.809926457657,7.86824925149987
15.2,10,590,09-Aug-2026 01:50:51,6.2,6.14403534354558,19.185625,18.79325,242.642272081763,7.86288907423614
15.2,10,590,09-Aug-2026 01:50:47,6.4,6.34222695272499,19.2167,18.8091111111111,242.396684429351,7.85498928666342
15.2,10,590,09-Aug-2026 01:50:43,6.6,6.54041836945752,19.2352454545455,18.8243636363636,242.073163500421,7.8445498887817
15.2,10,590,09-Aug-2026 01:50:39,6.8,6.7386095937522,19.2605476190476,18.8339047619048,241.645469032821,7.83072294378163
15.2,10,590,09-Aug-2026 01:50:36,7,6.93680062561165,19.2720363636364,18.8438181818182,241.173202721679,7.81545854328968
15.2,10,590,09-Aug-2026 01:50:33,7.2,7.1349914650256,19.3159,18.863,240.656364566995,7.79875668730585
15.2,10,590,09-Aug-2026 01:50:29,7.4,7.33318211199662,19.3532272727273,18.8715454545455,240.11625434891,7.78132922106195
15.2,10,590,09-Aug-2026 01:50:25,7.6,7.53137256654014,19.36148,18.8847,239.552872067424,7.76317614455796
15.2,10,590,09-Aug-2026 01:50:21,7.8,7.72956282863301,19.3475727272727,18.8925454545455,239.060820200605,7.74734621514172
15.2,10,590,09-Aug-2026 01:50:18,8,7.92775289829704,19.3354454545455,18.901,238.760290737091,7.7377298719791
15.2,10,590,09-Aug-2026 01:50:15,8.2,8.12594277552191,19.2854,18.9015,238.651283676881,7.7343271150701
15.2,10,590,09-Aug-2026 01:50:11,8.4,8.32413246031655,19.19715,18.9103333333333,238.566381319189,7.73180271695465
15.2,10,590,09-Aug-2026 01:50:08,8.6,8.52232195267705,19.0237461538462,18.9658461538462,238.505583664013,7.73015667763274
15.2,10,590,09-Aug-2026 01:50:05,8.8,8.7205112526059,19.03375,18.958,238.587906826715,7.73309399567619
15.2,10,590,09-Aug-2026 01:50:01,9,8.91870036010559,18.9004,19.0208,238.670229989416,7.73603131371963
15.2,10,590,09-Aug-2026 01:49:58,9.2,9.11688927518497,18.9041818181818,19.0121818181818,238.62387407618,7.73462406789847
15.2,10,590,09-Aug-2026 01:49:55,9.4,9.31507799782726,18.8399733333333,19.0158666666667,238.577518162943,7.73321682207732
15.2,10,590,09-Aug-2026 01:49:51,9.6,9.51326652803489,18.8137181818182,19.0839090909091,238.313047622435,7.72492276678751
15.2,10,590,09-Aug-2026 01:49:48,9.8,9.71145486583598,18.7719538461538,19.1124615384615,237.757471754983,7.70739907723226
15.2,10,590,09-Aug-2026 01:49:45,10,9.90964301120082,18.7044769230769,19.1573846153846,237.286227346125,7.69236485889221
15.2,10,590,09-Aug-2026 01:49:41,10.2,10.1078309641511,18.67776,19.1864,236.814982937267,7.67733064055217
15.2,10,590,09-Aug-2026 01:49:38,10.4,10.3060187246635,18.6731818181818,19.1924545454545,235.868344556218,7.64667862339325
15.2,10,590,09-Aug-2026 01:49:34,10.6,10.5042062927725,18.668375,19.1948333333333,235.114696882739,7.62228039007654
15.2,10,590,09-Aug-2026 01:49:31,10.8,10.7023936684484,18.6621285714286,19.1985714285714,234.55403991683,7.60413594060205
15.2,10,590,09-Aug-2026 01:49:27,11,10.9005808517193,18.6473666666667,19.2082222222222,233.993382950921,7.58599149112756
15.2,10,590,09-Aug-2026 01:49:23,11.2,11.0987678425617,18.6427714285714,19.2124285714286,232.691702608166,7.54385446825701
15.2,10,590,09-Aug-2026 01:49:19,11.4,11.2969546410037,18.6304636363636,19.217,231.719697476703,7.51239717715624
15.2,10,590,09-Aug-2026 01:49:16,11.6,11.4951412470155,18.6216,19.2195,230.76444755626,7.48162660773795
15.2,10,590,09-Aug-2026 01:49:12,11.8,11.6933276606186,18.5643294117647,19.2635294117647,229.825952846839,7.45154276000215
15.2,10,590,09-Aug-2026 01:49:07,12,11.8915138818154,18.4783176470588,19.3382352941176,229.324936054925,7.4357061584189
15.2,10,590,09-Aug-2026 01:49:03,12.2,12.0896999105889,18.4309894736842,19.3779473684211,228.791492402705,7.41873144385782
15.2,10,590,09-Aug-2026 01:48:58,12.4,12.2878857469605,18.3977625,19.395875,228.316148670439,7.40347317362725
15.2,10,590,09-Aug-2026 01:48:53,12.6,12.4860713909198,18.38626,19.4065333333333,227.931331718431,7.39106946070504
15.2,10,590,09-Aug-2026 01:48:47,12.8,12.6842568424818,18.38936,19.4178,227.057976670901,7.3628355897867
15.2,10,590,09-Aug-2026 01:48:41,13,12.8824421016166,18.3647222222222,19.4372777777778,226.11341938125,7.33244361358838
15.2,10,590,09-Aug-2026 01:48:33,13.2,13.0806271683585,18.30825,19.4849,225.091962746039,7.29956121505747
15.2,10,590,09-Aug-2026 01:48:25,13.4,13.278812042697,18.2806923076923,19.5058461538462,224.33716284948,7.27526113630555
15.2,10,590,09-Aug-2026 01:48:15,13.6,13.476996724647,18.2700666666667,19.512,224.051331581369,7.26610320096805
15.2,10,590,09-Aug-2026 01:48:03,13.8,13.6751812141786,18.2526461538462,19.5218461538462,223.931759060461,7.26240643374225
15.2,10,590,09-Aug-2026 01:47:49,14,13.8733655113132,18.224,19.541,223.312125756329,7.24267681366382
15.2,10,590,09-Aug-2026 01:47:29,14.2,14.0715496160402,18.1192363636364,19.613,222.151585466005,7.20552257392393
15.2,10,590,09-Aug-2026 01:46:51,14.4,14.269733528381,17.9828545454545,19.7023636363636,221.399380783083,7.18171590752606
15.2,10,590,09-Aug-2026 01:46:21,14.6,14.4679172483184,17.802,19.809,220.834009436604,7.16434092413328
15.2,10,590,09-Aug-2026 01:35:37,14.8,14.6661007758609,17.7184,19.85,211.846601598963,6.87234539594388
15.2,10,590,09-Aug-2026 01:32:45,15,14.8642841110043,17.5883,19.952,208.933821815262,6.77912962012869
15.2,10,590,09-Aug-2026 01:32:32,15.2,15.0624672537699,17.5572307692308,19.9638461538462,208.841650704115,6.77628863345525
15.2,10,590,09-Aug-2026 01:30:54,15.4,15.2606502041341,17.5020307692308,19.9961538461538,203.020650546231,6.58768161540169
15.2,10,590,09-Aug-2026 01:29:57,15.6,15.4588329621054,17.3712538461538,20.0792307692308,198.745066037719,6.44984188389621
15.2,10,590,09-Aug-2026 01:28:10,15.8,15.6570155276859,17.2889,20.1593333333333,198.936290221351,6.45619515156332
15.2,10,590,09-Aug-2026 01:27:19,16,15.855197900884,17.2235727272727,20.2000909090909,198.462437711527,6.44106844449263
15.2,10,590,09-Aug-2026 01:24:17,16.2,16.0533800816824,17.17205,20.25,195.71761741342,6.35249723080745
15.2,10,590,09-Aug-2026 01:23:55,16.4,16.2515620701089,17.0567285714286,20.3507142857143,187.183674564148,6.07598407914909
15.2,10,590,09-Aug-2026 01:22:13,16.6,16.4497438661527,17.01315,20.3955,174.466500258538,5.66349352139423
15.2,10,590,09-Aug-2026 01:22:03,16.8,16.6479254697964,16.9401,20.4651875,173.690629301845,5.63885330811223
15.2,10,590,09-Aug-2026 01:21:06,17,16.8461068810614,16.844,20.5556666666667,166.019989271141,5.39066262800602
15.2,10,590,09-Aug-2026 01:20:16,17.2,17.0442880999495,16.6137769230769,20.7683076923077,161.265138770961,5.23701166057885
15.2,10,590,09-Aug-2026 01:20:02,17.4,17.2424691264628,16.4305071428571,20.8950714285714,160.233730645062,5.20409113674059
15.2,10,590,09-Aug-2026 01:19:51,17.6,17.4406499605967,16.3025727272727,21.0004545454545,151.766808446508,4.92966572578525
15.2,10,590,09-Aug-2026 01:18:12,17.8,17.6388306023468,16.2409454545455,21.058,143.003109687932,4.64545359418125
15.2,10,590,09-Aug-2026 01:17:54,18,17.8370110517151,16.03726,21.1229,142.185801285746,4.61915035995548
15.2,10,590,09-Aug-2026 01:16:09,18.2,18.0351913087097,15.86,21.136,128.704598126233,4.18154086812276
15.2,10,590,09-Aug-2026 01:15:55,18.4,18.2333713733455,15.4582272727273,21.2680909090909,125.851903889986,4.08931859937624
15.2,10,590,09-Aug-2026 01:14:11,18.6,18.4315512455986,15.2989666666667,21.2994,116.487995804016,3.78525639019645
15.2,10,590,09-Aug-2026 01:12:19,18.8,18.629730925471,15.2395307692308,21.3086923076923,37.1946493951919,1.20889221694262
15.2,10,590,09-Aug-2026 01:12:13,19,18.8279104129773,15.19185,21.3278,30.6276339592392,0.995474424383493
15.2,10,590,09-Aug-2026 01:12:09,19.2,19.0260897081193,14.9828,21.3472727272727,25.196933388168,0.819022742337636
15.2,10,590,09-Aug-2026 01:12:06,19.4,19.2242688108926,14.5065666666667,21.5023333333333,20.9025476819783,0.679537170805046
15.2,10,590,09-Aug-2026 01:12:04,19.6,19.4224477212988,14.0700375,21.6084375,18.186884049965,0.591428628965984
15.2,10,590,09-Aug-2026 01:12:01,19.8,19.6206264393334,13.5022125,21.855875,17.0499424921282,0.554697116820452
15.2,10,590,09-Aug-2026 01:11:58,20,19.8188049650046,11.9244368421053,22.2913684210526,16.1123196973482,0.524320040885948
15.2,10,590,09-Aug-2026 01:11:56,20.2,20.0169832983142,11.4582466666667,22.2128,15.3740156656249,0.500297401162473
15.2,10,590,09-Aug-2026 01:11:54,20.4,20.215161439264,11.1975,22.241,14.6357116339016,0.476274761438997
15.2,10,590,09-Aug-2026 01:11:51,20.6,20.4133393878363,11.1615666666667,22.238,14.0351183942234,0.456738829145276
15.2,10,590,09-Aug-2026 01:11:49,20.8,20.6115171440652,11.1539,22.239,13.4345251545451,0.437202896851555
15.2,10,590,09-Aug-2026 01:11:46,21,20.8096947079266,11.07103,22.275,12.8765170991681,0.419050168717295
15.2,10,590,09-Aug-2026 01:11:44,21.2,21.0078720794479,10.94584,22.2916666666667,12.3610942280924,0.402280644742497
15.2,10,590,09-Aug-2026 01:11:42,21.4,21.206049258586,10.92105,22.2855,11.8456713570167,0.385511120767699
15.2,10,590,09-Aug-2026 01:11:39,21.6,21.4042262453874,10.89899,22.2906,11.3893707276004,0.370663332849339
15.2,10,590,09-Aug-2026 01:11:37,21.8,21.6024030398282,10.8773,22.29525,10.9330700981841,0.35581554493098
15.2,10,590,09-Aug-2026 01:11:35,22,21.8005796419164,10.8580222222222,22.2988333333333,10.4767694687678,0.34096775701262
15.2,10,590,09-Aug-2026 01:11:32,22.2,21.9987560516536,10.8413947368421,22.3012105263158,9.95437249773447,0.323968768478336
15.2,10,590,09-Aug-2026 01:11:30,22.4,22.1969322690417,10.8234157894737,22.3052105263158,9.61493621086299,0.312924388097865
15.2,10,590,09-Aug-2026 01:11:28,22.6,22.395108294082,10.7739,22.3184117647059,9.45846060815341,0.307834615871208
15.2,10,590,09-Aug-2026 01:11:26,22.8,22.5932841267636,10.7160055555556,22.3261111111111,9.08699950908956,0.295749339703394
15.2,10,590,09-Aug-2026 01:11:24,23,22.7914597671136,10.6731,22.334,8.50055291367142,0.276668559594423
15.2,10,590,09-Aug-2026 01:11:21,23.2,22.9896352151015,10.6431789473684,22.3375789473684,8.13275587160024,0.264699051157
15.2,10,590,09-Aug-2026 01:11:19,23.4,23.1878104707546,10.6247157894737,22.3386315789474,7.76495882952906,0.252729542719578
15.2,10,590,09-Aug-2026 01:11:17,23.6,23.3859855340681,10.6082882352941,22.3412941176471,7.39716178745788,0.240760034282156
15.2,10,590,09-Aug-2026 01:11:15,23.8,23.5841604050242,10.5873888888889,22.3464444444444,6.9841342814672,0.227319320799733
15.2,10,590,09-Aug-2026 01:11:13,24,23.7823350836502,10.5456947368421,22.3564736842105,6.57110677547651,0.213878607317311
15.2,10,590,09-Aug-2026 01:11:11,24.2,23.9805095699347,10.5112,22.3604545454545,6.15111294341136,0.200210169433129
15.2,10,590,09-Aug-2026 01:11:09,24.4,24.1786838638858,10.4841888888889,22.3638333333333,5.73836622461582,0.186777127411486
15.2,10,590,09-Aug-2026 01:11:07,24.6,24.3768579654856,10.4485,22.374,5.32561950582026,0.173344085389843
15.2,10,590,09-Aug-2026 01:11:05,24.8,24.5750318747613,10.4215,22.374,4.91287278702473,0.159911043368201
15.2,10,590,09-Aug-2026 01:11:03,25,24.7732055917016,10.3979761904762,22.3787619047619,4.47697620345567,0.145724682403507
15.2,10,590,09-Aug-2026 01:11:01,25.2,24.9713791163016,10.3578,22.388,4.04107961988661,0.131538321438813
15.2,10,590,09-Aug-2026 01:10:59,25.4,25.169552448569,10.3064,22.398,3.68197788420511,0.119851070023401
15.2,10,590,09-Aug-2026 01:10:56,25.6,25.3677255885182,10.2534578947368,22.4066315789474,3.39967099641115,0.110662928157272
15.2,10,590,09-Aug-2026 01:10:54,25.8,25.565898536125,10.2117956521739,22.4110434782609,3.16706827604448,0.103092555753414
15.2,10,590,09-Aug-2026 01:10:52,26,25.7640712913971,10.175219047619,22.4161904761905,3.00737319420918,0.0978952432545182
15.2,10,590,09-Aug-2026 01:10:51,26.2,25.9622438543425,10.1376,22.42,2.87088158347798,0.0934532211983152
15.2,10,590,09-Aug-2026 01:10:49,26.4,26.1604162249753,10.0996952380952,22.4266666666667,2.73438997274678,0.0890111991421122
15.2,10,590,09-Aug-2026 01:10:46,26.6,26.3585884032649,10.05173,22.439,2.61205564939101,0.0850295944984631
15.2,10,590,09-Aug-2026 01:10:44,26.8,26.5567603892446,10.0095578947368,22.4391052631579,2.50387861341068,0.0815084072673682
15.2,10,590,09-Aug-2026 01:10:42,27,26.7549321828902,9.9908947368421,22.4408947368421,2.39570157743035,0.0779872200362732
15.2,10,590,09-Aug-2026 01:10:40,27.2,26.9531037842159,9.97516842105263,22.4401578947368,2.28465426321807,0.0743725632158713
15.2,10,590,09-Aug-2026 01:10:38,27.4,27.1512751932166,9.96730588235294,22.4414705882353,2.17073667077384,0.0706644368061624
15.2,10,590,09-Aug-2026 01:10:36,27.6,27.3494464099193,9.96150909090909,22.4433181818182,2.05621781116616,0.0669366598448531
15.2,10,590,09-Aug-2026 01:10:34,27.8,27.5476174342867,9.9556625,22.444625,1.93348331578185,0.0629413820507008
15.2,10,590,09-Aug-2026 01:10:31,28,27.745788266333,9.94553529411765,22.4465294117647,1.80313445178435,0.0586982539753057
15.2,10,590,09-Aug-2026 01:10:29,28.2,27.9439589060724,9.93757368421053,22.447,1.67278558778686,0.0544551258999107
15.2,10,590,09-Aug-2026 01:10:27,28.4,28.1421293534805,9.933905,22.447,1.54921433096837,0.0504325721817814
15.2,10,590,09-Aug-2026 01:10:25,28.6,28.3402996085904,9.93086111111111,22.4477222222222,1.42564307414989,0.046410018463652
15.2,10,590,09-Aug-2026 01:10:23,28.8,28.5384696713844,9.9219,22.45,1.3075687699942,0.0425663582673718
15.2,10,590,09-Aug-2026 01:10:21,29,28.7366395418636,9.91826363636364,22.4490909090909,1.19499141850129,0.0389015915929405
15.2,10,590,09-Aug-2026 01:10:19,29.2,28.934809220042,9.91664,22.449,1.08241406700839,0.0352368249185094
15.2,10,590,09-Aug-2026 01:10:17,29.4,29.1329787058952,9.91233157894737,22.4499473684211,0.969836715515493,0.0315720582440782
15.2,10,590,09-Aug-2026 01:10:14,29.6,29.3311479994501,9.90695,22.45,0.802382838571821,0.0261207989700529
15.2,10,590,09-Aug-2026 01:10:13,29.8,29.5293171006951,9.90345,22.45,0.634928961628152,0.0206695396960276
15.2,10,590,09-Aug-2026 01:10:11,30,29.7274860096376,9.90139,22.45,0.479315242495138,0.0156037113315456
15.2,10,590,09-Aug-2026 01:10:09,30.2,29.9256547262789,9.89238,22.4527,0.355838433586509,0.0115840402324335
15.2,10,590,09-Aug-2026 01:10:07,30.4,30.1238232506009,9.87314285714286,22.4555714285714,0.232361624677881,0.00756436913332141
15.2,10,590,09-Aug-2026 01:10:05,30.6,30.3219915826432,9.86216666666667,22.4550555555556,0.10888481576925,0.00354469803420925
15.2,10,590,09-Aug-2026 01:10:03,30.8,30.5201597223684,9.837285,22.4626,0.00873922352993162,0.00028448273269259
15.2,10,590,09-Aug-2026 01:10:01,31,30.7183276698033,9.820515,22.46205,-0.0914063687093871,-0.00297573256882407
15.2,10,590,09-Aug-2026 01:09:59,31.2,30.9164954249361,9.80716,22.4639,-0.169830534888593,-0.00552885089645911
15.2,10,590,09-Aug-2026 01:09:57,31.4,31.114662987768,9.7913,22.466,-0.215465576644593,-0.00701455514902816
15.2,10,590,09-Aug-2026 01:09:55,31.6,31.3128303583065,9.77355,22.4693333333333,-0.261100618400594,-0.00850025940159724
15.2,10,590,09-Aug-2026 01:09:53,31.8,31.5109975365525,9.74528,22.474,-0.282078756303795,-0.00918329439044649
15.2,10,590,09-Aug-2026 01:09:51,32,31.7091645225008,9.71144285714286,22.4795714285714,-0.291357562342301,-0.00948545753282024
15.2,10,590,09-Aug-2026 01:09:49,32.2,31.9073313161587,9.68055,22.485375,-0.300636368380807,-0.009787620675194
15.2,10,590,09-Aug-2026 01:09:48,32.4,32.1054979175274,9.65796956521739,22.4884782608696,-0.294664876296861,-0.00959324155552626
15.2,10,590,09-Aug-2026 01:09:46,32.6,32.3036643266014,9.64203333333333,22.4901428571429,-0.290049140071636,-0.00944299969854908
15.2,10,590,09-Aug-2026 01:09:44,32.8,32.5018305433944,9.63034166666667,22.4922916666667,-0.286789159705132,-0.00933689510426249
15.2,10,590,09-Aug-2026 01:09:42,33,32.6999965678948,9.62507692307692,22.493,-0.287867530162968,-0.00937202243684864
15.2,10,590,09-Aug-2026 01:09:41,33.2,32.8981624001098,9.62492307692308,22.493,-0.293284251445144,-0.00954838169630754
15.2,10,590,09-Aug-2026 01:09:39,33.4,33.0963280400341,9.624696,22.493,-0.295551962952104,-0.00962223409152435
15.2,10,590,09-Aug-2026 01:09:38,33.6,33.2944934876813,9.624,22.4945,-0.297819674459063,-0.00969608648674116
15.2,10,590,09-Aug-2026 01:09:36,33.8,33.4926587430396,9.62110434782609,22.4973913043478,-0.3025948271947,-0.00985159556610625
15.2,10,590,09-Aug-2026 01:09:34,34,33.6908238061228,9.61105,22.5021153846154,-0.305403225310692,-0.00994310654014487
15.2,10,590,09-Aug-2026 01:09:33,34.2,33.8889886769189,9.58805,22.5105769230769,-0.303737427578364,-0.00988896272470873
15.2,10,590,09-Aug-2026 01:09:31,34.4,34.0871533554416,9.53779230769231,22.5161153846154,-0.302071629846035,-0.0098348189092726
15.2,10,590,09-Aug-2026 01:09:29,34.6,34.2853178416727,9.5191347826087,22.5129130434783,-0.297193471432782,-0.00967597892718456
15.2,10,590,09-Aug-2026 01:09:28,34.8,34.4834821356386,9.520825,22.5081666666667,-0.292315313019529,-0.00951713894509653
15.2,10,590,09-Aug-2026 01:09:26,35,34.6816462373338,9.5256,22.5083846153846,-0.287979956802101,-0.00937598985000344
15.2,10,590,09-Aug-2026 01:09:25,35.2,34.8798101467398,9.5316,22.513,-0.284187402780499,-0.00925253164190529
15.2,10,590,09-Aug-2026 01:09:23,35.4,35.0779738638832,9.54055652173913,22.5077826086957,-0.298873724257537,-0.00973063772482203
15.2,10,590,09-Aug-2026 01:09:21,35.6,35.276137388752,9.54081818181818,22.5193636363636,-0.299657828256426,-0.00975626776790328
15.2,10,590,09-Aug-2026 01:09:19,35.8,35.4743007213406,9.5315,22.527375,-0.300441932255315,-0.00978189781098453
15.2,10,590,09-Aug-2026 01:09:17,36,35.672463861669,9.52353333333333,22.5310476190476,-0.292298693899406,-0.00951678536202327
15.2,10,590,09-Aug-2026 01:09:16,36.2,35.8706268097251,9.51975,22.5315,-0.290193523465985,-0.00944824747399377
15.2,10,590,09-Aug-2026 01:09:13,36.4,36.0687895655098,9.51613333333333,22.5321111111111,-0.294126420955051,-0.00957628414689602
15.2,10,590,09-Aug-2026 01:09:11,36.6,36.2669521290302,9.515675,22.53225,-0.298059318444118,-0.00970432081979827
15.2,10,590,09-Aug-2026 01:09:08,36.8,36.4651145002934,9.51002,22.532,-0.264097500507315,-0.0085986228936669
15.2,10,590,09-Aug-2026 00:38:41,37,36.6632766792875,9.495325,22.5271875,-0.230135682570512,-0.0074929249675355
15.2,10,700,09-Aug-2026 02:03:09,-0.2,-0.198197768028353,17.4271,0.679,NaN,NaN
15.2,10,700,09-Aug-2026 02:03:19,-0.1,-0.0990988599548819,17.2587,2.851,278.616226505942,8.93183288422176
15.2,10,700,09-Aug-2026 02:04:29,-0.1,-0.0990988599548819,17.1794,9.914,266.600974235714,8.58577803000941
15.2,10,700,09-Aug-2026 02:04:49,-0.1,-0.0990988599548819,16.9631,10.504,266.914551097279,8.59864761426585
15.2,10,700,09-Aug-2026 02:04:59,-0.01,-0.00990988382980743,16.8283,10.075,NaN,NaN
15.2,10,700,09-Aug-2026 02:03:49,0,0,17.093,9.424,261.482085279268,8.41935633349614
15.2,10,700,09-Aug-2026 02:03:29,0.01,0.00990988334653659,17.3014,9.523,270.407849681199,8.6948414790714
15.2,10,700,09-Aug-2026 02:04:39,0.01,0.00990988334653659,17.0999,10.198,266.548244402964,8.58590352860958
15.2,10,700,09-Aug-2026 02:03:39,0.02,0.0198197662161875,17.2017,9.481,267.796100063571,8.62132387454819
15.2,10,700,09-Aug-2026 02:04:19,0.03,0.0297296486089114,17.2631,9.729,266.69557439382,8.58811232617199
15.2,10,700,09-Aug-2026 02:03:59,0.05,0.0495494119248564,17.5901,11.114,261.894531705048,8.43671606801601
15.2,10,700,09-Aug-2026 02:04:09,0.05,0.0495494119248564,17.4126,9.973,266.024891986831,8.56879731249821
16.2,11,190,NaT,0,0,NaN,NaN,NaN,NaN
16.2,11,190,09-Aug-2026 02:24:26,0.2,0.198197575549084,18.5491,16.18125,NaN,NaN
16.2,11,190,09-Aug-2026 02:28:56,0.4,0.396394958602638,19.04925,18.69,NaN,NaN
16.2,11,190,09-Aug-2026 02:30:57,0.6,0.594592149189359,19.0577545454545,18.695,NaN,NaN
16.2,11,190,09-Aug-2026 02:31:13,0.8,0.792789147292957,19.05955,18.695,NaN,NaN
16.2,11,190,09-Aug-2026 02:31:22,1,0.990985952922833,19.0600571428571,18.695,NaN,NaN
16.2,11,190,09-Aug-2026 02:31:31,1.2,1.18918256608195,19.0602,18.695,NaN,NaN
16.2,11,190,09-Aug-2026 02:31:39,1.4,1.3873789867604,19.0597727272727,18.695,NaN,NaN
16.2,11,190,09-Aug-2026 02:31:51,1.6,1.58557521495471,19.0592636363636,18.695,NaN,NaN
16.2,11,190,09-Aug-2026 02:32:04,1.8,1.78377125068706,19.0587333333333,18.695,NaN,NaN
16.2,11,190,09-Aug-2026 02:32:16,2,1.98196709394753,19.0577076923077,18.6942307692308,NaN,NaN
16.2,11,190,09-Aug-2026 02:32:29,2.2,2.18016274473901,19.0575,18.6936,NaN,NaN
16.2,11,190,09-Aug-2026 02:32:47,2.4,2.37835820305796,19.05827,18.693,NaN,NaN
16.2,11,190,09-Aug-2026 02:33:05,2.6,2.57655346890084,19.058,18.693,NaN,NaN
16.2,11,190,09-Aug-2026 02:33:23,2.8,2.7747485422962,19.0585666666667,18.692,NaN,NaN
16.2,11,190,09-Aug-2026 02:33:44,3,2.97294342320192,19.05875,18.692,NaN,NaN
16.2,11,190,09-Aug-2026 02:34:16,3.2,3.1711381116594,19.0587272727273,18.692,NaN,NaN
16.2,11,190,09-Aug-2026 02:34:58,3.4,3.36933260765859,19.0588666666667,18.692,NaN,NaN
16.2,11,190,09-Aug-2026 02:35:39,3.6,3.56752691117663,19.0602,18.692,NaN,NaN
16.2,11,190,09-Aug-2026 02:43:20,3.8,3.76572102225485,19.0652363636364,18.696,NaN,NaN
16.2,11,190,09-Aug-2026 02:43:58,4,3.9639149408575,19.0661181818182,18.697,NaN,NaN
16.2,11,190,09-Aug-2026 02:45:22,4.2,4.16210866700663,19.0675181818182,18.6993636363636,NaN,NaN
16.2,11,190,09-Aug-2026 02:47:13,4.4,4.360302200705,19.0694,18.701,NaN,NaN
16.2,11,190,09-Aug-2026 02:47:18,4.6,4.55849554193609,19.0697285714286,18.701,NaN,NaN
16.2,11,190,09-Aug-2026 02:47:23,4.8,4.75668869070905,19.0701117647059,18.701,NaN,NaN
16.2,11,190,09-Aug-2026 02:47:27,5,4.95488164703947,19.0705421052632,18.701,NaN,NaN
16.2,11,190,09-Aug-2026 02:47:31,5.2,5.15307441091721,19.0707,18.701,NaN,NaN
16.2,11,190,09-Aug-2026 02:47:36,5.4,5.35126698233855,19.0709333333333,18.701,NaN,NaN
16.2,11,190,09-Aug-2026 02:47:39,5.6,5.54945936131259,19.0711114754098,18.6985737704918,NaN,NaN
16.2,11,190,09-Aug-2026 02:47:43,5.8,5.74765154782918,19.071668852459,18.6864426229508,NaN,NaN
16.2,11,190,09-Aug-2026 02:47:47,6,5.94584354191667,19.0722262295082,18.6743114754098,NaN,NaN
16.2,11,190,09-Aug-2026 02:47:51,6.2,6.14403534354558,19.07444375,18.67675,NaN,NaN
16.2,11,190,09-Aug-2026 02:47:56,6.4,6.34222695272499,19.0821842105263,18.7397368421053,NaN,NaN
16.2,11,190,09-Aug-2026 02:48:00,6.6,6.54041836945752,19.1168333333333,18.765,NaN,NaN
16.2,11,190,09-Aug-2026 02:48:05,6.8,6.7386095937522,19.1903,18.802,NaN,NaN
16.2,11,190,09-Aug-2026 02:48:10,7,6.93680062561165,19.26336,18.8512,NaN,NaN
16.2,11,190,09-Aug-2026 02:48:15,7.2,7.1349914650256,19.3052,18.868,NaN,NaN
16.2,11,190,09-Aug-2026 02:48:19,7.4,7.33318211199662,19.3223266666667,18.8562,NaN,NaN
16.2,11,190,09-Aug-2026 02:48:25,7.6,7.53137256654014,19.307275,18.8394166666667,NaN,NaN
16.2,11,190,09-Aug-2026 02:48:32,7.8,7.72956282863301,19.28285,18.8625,NaN,NaN
16.2,11,190,09-Aug-2026 02:48:39,8,7.92775289829704,19.2838833333333,18.8719166666667,NaN,NaN
16.2,11,190,09-Aug-2026 02:48:49,8.2,8.12594277552191,19.2472,18.8880909090909,NaN,NaN
16.2,11,190,09-Aug-2026 02:49:02,8.4,8.32413246031655,19.1835076923077,18.9074615384615,NaN,NaN
16.2,11,190,09-Aug-2026 02:49:28,8.6,8.52232195267705,19.0224727272727,18.973,NaN,NaN
16.2,11,190,09-Aug-2026 02:50:03,8.8,8.7205112526059,18.9794272727273,18.989,NaN,NaN
16.2,11,190,09-Aug-2026 02:51:01,9,8.91870036010559,18.90317,19.0073,NaN,NaN
16.2,11,190,09-Aug-2026 02:52:35,9.2,9.11688927518497,18.9481833333333,18.992,NaN,NaN
16.2,11,190,09-Aug-2026 02:55:39,9.4,9.31507799782726,18.8664,19.015,NaN,NaN
16.2,11,190,09-Aug-2026 02:57:11,9.6,9.51326652803489,18.8467692307692,19.0706153846154,NaN,NaN
16.2,11,190,09-Aug-2026 02:57:17,9.8,9.71145486583598,18.8036181818182,19.1125454545455,NaN,NaN
16.2,11,190,09-Aug-2026 02:57:21,10,9.90964301120082,18.7399263157895,19.1513684210526,NaN,NaN
16.2,11,190,09-Aug-2026 02:57:26,10.2,10.1078309641511,18.6941176470588,19.1862352941176,NaN,NaN
16.2,11,190,09-Aug-2026 02:57:30,10.4,10.3060187246635,18.6663166666667,19.2108333333333,NaN,NaN
16.2,11,190,09-Aug-2026 02:57:34,10.6,10.5042062927725,18.67051,19.21295,NaN,NaN
16.2,11,190,09-Aug-2026 02:57:39,10.8,10.7023936684484,18.6634142857143,19.2228571428571,NaN,NaN
16.2,11,190,09-Aug-2026 02:57:44,11,10.9005808517193,18.6498181818182,19.2352727272727,NaN,NaN
16.2,11,190,09-Aug-2026 02:57:49,11.2,11.0987678425617,18.6384705882353,19.2553529411765,NaN,NaN
16.2,11,190,09-Aug-2026 02:57:54,11.4,11.2969546410037,18.6315625,19.263,NaN,NaN
16.2,11,190,09-Aug-2026 02:58:00,11.6,11.4951412470155,18.5980833333333,19.2913333333333,NaN,NaN
16.2,11,190,09-Aug-2026 02:58:05,11.8,11.6933276606186,18.5696307692308,19.3064615384615,NaN,NaN
16.2,11,190,09-Aug-2026 02:58:12,12,11.8915138818154,18.5600666666667,19.3188333333333,NaN,NaN
16.2,11,190,09-Aug-2026 02:58:18,12.2,12.0896999105889,18.5313,19.3424285714286,NaN,NaN
16.2,11,190,09-Aug-2026 02:58:26,12.4,12.2878857469605,18.5040454545455,19.3582727272727,NaN,NaN
16.2,11,190,09-Aug-2026 02:58:42,12.6,12.4860713909198,18.49426,19.3808,NaN,NaN
16.2,11,190,09-Aug-2026 02:59:57,12.8,12.6842568424818,18.4545818181818,19.408,NaN,NaN
16.2,11,190,09-Aug-2026 03:00:26,13,12.8824421016166,18.4227636363636,19.4343636363636,NaN,NaN
16.2,11,190,09-Aug-2026 03:00:48,13.2,13.0806271683585,18.3935692307692,19.4496923076923,NaN,NaN
16.2,11,190,09-Aug-2026 03:01:06,13.4,13.278812042697,18.1496,19.6137692307692,NaN,NaN
16.2,11,190,09-Aug-2026 03:01:40,13.6,13.476996724647,18.0662909090909,19.6596363636364,NaN,NaN
16.2,11,190,09-Aug-2026 03:03:09,13.8,13.6751812141786,17.9154636363636,19.748,NaN,NaN
16.2,11,190,09-Aug-2026 03:04:04,14,13.8733655113132,17.6861909090909,19.9170909090909,NaN,NaN
16.2,11,190,09-Aug-2026 03:05:38,14.2,14.0715496160402,17.4566090909091,20.0530909090909,NaN,NaN
16.2,11,190,09-Aug-2026 03:06:32,14.4,14.269733528381,17.4347692307692,20.0575384615385,NaN,NaN
16.2,11,190,09-Aug-2026 03:07:11,14.6,14.4679172483184,17.414325,20.06625,NaN,NaN
16.2,11,190,09-Aug-2026 03:07:19,14.8,14.6661007758609,17.3554,20.105,NaN,NaN
16.2,11,190,09-Aug-2026 03:07:26,15,14.8642841110043,17.2430923076923,20.177,NaN,NaN
16.2,11,190,09-Aug-2026 03:07:35,15.2,15.0624672537699,17.06984,20.287,NaN,NaN
16.2,11,190,09-Aug-2026 03:07:50,15.4,15.2606502041341,16.8594,20.3896666666667,NaN,NaN
16.2,11,190,09-Aug-2026 03:11:30,15.6,15.4588329621054,16.7844,20.4146666666667,NaN,NaN
16.2,11,190,09-Aug-2026 03:12:17,15.8,15.6570155276859,16.7668,18.763,NaN,NaN
16.2,11,190,09-Aug-2026 03:12:24,16,15.855197900884,16.7660571428571,20.522,NaN,NaN
16.2,11,190,09-Aug-2026 03:12:32,16.2,16.0533800816824,16.7803833333333,20.5573333333333,NaN,NaN
16.2,11,190,09-Aug-2026 03:12:44,16.4,16.2515620701089,16.7818909090909,20.5862727272727,NaN,NaN
16.2,11,190,09-Aug-2026 03:15:35,16.6,16.4497438661527,16.6943416666667,20.6653333333333,NaN,NaN
16.2,11,190,09-Aug-2026 03:17:32,16.8,16.6479254697964,16.5614142857143,20.7508571428571,NaN,NaN
16.2,11,190,09-Aug-2026 03:17:38,17,16.8461068810614,16.4711705882353,20.8577058823529,NaN,NaN
16.2,11,190,09-Aug-2026 03:17:48,17.2,17.0442880999495,16.4091363636364,20.9613636363636,NaN,NaN
16.2,11,190,09-Aug-2026 03:21:00,17.4,17.2424691264628,16.3857857142857,20.985,NaN,NaN
16.2,11,190,09-Aug-2026 03:22:17,17.6,17.4406499605967,16.3594923076923,20.9936923076923,NaN,NaN
16.2,11,190,09-Aug-2026 03:22:23,17.8,17.6388306023468,16.3176181818182,21.01,NaN,NaN
16.2,11,190,09-Aug-2026 03:22:34,18,17.8370110517151,16.2599181818182,21.0254545454545,NaN,NaN
16.2,11,190,09-Aug-2026 03:27:06,18.2,18.0351913087097,15.85966,21.107,NaN,NaN
16.2,11,190,09-Aug-2026 03:27:14,18.4,18.2333713733455,15.8107,21.1220769230769,NaN,NaN
16.2,11,190,09-Aug-2026 03:27:22,18.6,18.4315512455986,15.46835625,21.263375,NaN,NaN
16.2,11,190,09-Aug-2026 03:28:02,18.8,18.629730925471,14.72055,21.45875,NaN,NaN
16.2,11,190,09-Aug-2026 03:30:04,19,18.8279104129773,14.1360285714286,21.6578571428571,NaN,NaN
16.2,11,190,09-Aug-2026 03:32:11,19.2,19.0260897081193,13.5517,21.8217272727273,NaN,NaN
16.2,11,190,09-Aug-2026 03:32:18,19.4,19.2242688108926,13.3595,21.86925,NaN,NaN
16.2,11,190,09-Aug-2026 03:32:24,19.6,19.4224477212988,13.0801785714286,21.9252142857143,NaN,NaN
16.2,11,190,09-Aug-2026 03:32:30,19.8,19.6206264393334,12.4667166666667,22.0594166666667,NaN,NaN
16.2,11,190,09-Aug-2026 03:32:37,20,19.8188049650046,11.7203,22.207,NaN,NaN
16.2,11,190,09-Aug-2026 03:32:43,20.2,20.0169832983142,11.5581615384615,22.2340769230769,NaN,NaN
16.2,11,190,09-Aug-2026 03:32:51,20.4,20.215161439264,11.5410692307692,22.1951538461538,NaN,NaN
16.2,11,190,09-Aug-2026 03:33:01,20.6,20.4133393878363,11.4071,22.2470909090909,NaN,NaN
16.2,11,190,09-Aug-2026 03:33:14,20.8,20.6115171440652,11.3031,22.2521818181818,NaN,NaN
16.2,11,190,09-Aug-2026 03:33:27,21,20.8096947079266,11.22555,22.25,NaN,NaN
16.2,11,190,09-Aug-2026 03:33:45,21.2,21.0078720794479,11.1252,22.261,NaN,NaN
16.2,11,190,09-Aug-2026 03:34:06,21.4,21.206049258586,11.0735363636364,22.2707272727273,NaN,NaN
16.2,11,190,09-Aug-2026 03:34:26,21.6,21.4042262453874,11.0452357142857,22.2732857142857,NaN,NaN
16.2,11,190,09-Aug-2026 03:34:59,21.8,21.6024030398282,11.0145,22.2774545454545,NaN,NaN
16.2,11,190,09-Aug-2026 03:37:04,22,21.8005796419164,10.9648615384615,22.2826923076923,NaN,NaN
16.2,11,190,09-Aug-2026 03:37:12,22.2,21.9987560516536,10.95295,22.2829166666667,NaN,NaN
16.2,11,190,09-Aug-2026 03:37:17,22.4,22.1969322690417,10.9221,22.292,NaN,NaN
16.2,11,190,09-Aug-2026 03:37:21,22.6,22.395108294082,10.8999764705882,22.2953529411765,NaN,NaN
16.2,11,190,09-Aug-2026 03:37:25,22.8,22.5932841267636,10.8854090909091,22.2997272727273,NaN,NaN
16.2,11,190,09-Aug-2026 03:37:29,23,22.7914597671136,10.8625,22.307,NaN,NaN
16.2,11,190,09-Aug-2026 03:37:32,23.2,22.9896352151015,10.8251363636364,22.3179090909091,NaN,NaN
16.2,11,190,09-Aug-2026 03:37:36,23.4,23.1878104707546,10.7948736842105,22.3199473684211,NaN,NaN
16.2,11,190,09-Aug-2026 03:37:39,23.6,23.3859855340681,10.7463461538462,22.3373076923077,NaN,NaN
16.2,11,190,09-Aug-2026 03:37:43,23.8,23.5841604050242,10.742,22.333,NaN,NaN
16.2,11,190,09-Aug-2026 03:37:47,24,23.7823350836502,10.6967,22.346,NaN,NaN
16.2,11,190,09-Aug-2026 03:37:50,24.2,23.9805095699347,10.67405,22.34725,NaN,NaN
16.2,11,190,09-Aug-2026 03:37:53,24.4,24.1786838638858,10.6644333333333,22.3496666666667,NaN,NaN
16.2,11,190,09-Aug-2026 03:37:57,24.6,24.3768579654856,10.6518,22.348,NaN,NaN
16.2,11,190,09-Aug-2026 03:38:00,24.8,24.5750318747613,10.6327090909091,22.3534545454545,NaN,NaN
16.2,11,190,09-Aug-2026 03:38:04,25,24.7732055917016,10.6171,22.3592,NaN,NaN
16.2,11,190,09-Aug-2026 03:38:07,25.2,24.9713791163016,10.5988363636364,22.3600909090909,NaN,NaN
16.2,11,190,09-Aug-2026 03:38:11,25.4,25.169552448569,10.5624777777778,22.3698888888889,NaN,NaN
16.2,11,190,09-Aug-2026 03:38:15,25.6,25.3677255885182,10.5581,22.373,NaN,NaN
16.2,11,190,09-Aug-2026 03:38:18,25.8,25.565898536125,10.5398105263158,22.3726842105263,NaN,NaN
16.2,11,190,09-Aug-2026 03:38:22,26,25.7640712913971,10.50936,22.377,NaN,NaN
16.2,11,190,09-Aug-2026 03:38:26,26.2,25.9622438543425,10.49832,22.3756,NaN,NaN
16.2,11,190,09-Aug-2026 03:38:31,26.4,26.1604162249753,10.47,22.3865,NaN,NaN
16.2,11,190,09-Aug-2026 03:38:35,26.6,26.3585884032649,10.36776,22.4298,NaN,NaN
16.2,11,190,09-Aug-2026 03:38:39,26.8,26.5567603892446,10.41,22.4043333333333,NaN,NaN
16.2,11,190,09-Aug-2026 03:38:45,27,26.7549321828902,10.4317181818182,22.3973636363636,NaN,NaN
16.2,11,190,09-Aug-2026 03:38:49,27.2,26.9531037842159,10.3997666666667,22.3863333333333,NaN,NaN
16.2,11,190,09-Aug-2026 03:38:54,27.4,27.1512751932166,10.2974058823529,22.4298823529412,NaN,NaN
16.2,11,190,09-Aug-2026 03:39:00,27.6,27.3494464099193,10.1825571428571,22.4521428571429,NaN,NaN
16.2,11,190,09-Aug-2026 03:39:05,27.8,27.5476174342867,10.2076666666667,22.4293333333333,NaN,NaN
16.2,11,190,09-Aug-2026 03:39:11,28,27.745788266333,10.1579571428571,22.4425714285714,NaN,NaN
16.2,11,190,09-Aug-2026 03:39:17,28.2,27.9439589060724,10.1046714285714,22.4577142857143,NaN,NaN
16.2,11,190,09-Aug-2026 03:39:23,28.4,28.1421293534805,10.0793,22.453,NaN,NaN
16.2,11,190,09-Aug-2026 03:39:29,28.6,28.3402996085904,10.06416875,22.4535,NaN,NaN
16.2,11,190,09-Aug-2026 03:39:35,28.8,28.5384696713844,10.04975,22.4609166666667,NaN,NaN
16.2,11,190,09-Aug-2026 03:39:42,29,28.7366395418636,10.0542636363636,22.4388181818182,NaN,NaN
16.2,11,190,09-Aug-2026 03:39:48,29.2,28.934809220042,10.0217416666667,22.4455,NaN,NaN
16.2,11,190,09-Aug-2026 03:39:55,29.4,29.1329787058952,10.019925,22.44275,NaN,NaN
16.2,11,190,09-Aug-2026 03:40:02,29.6,29.3311479994501,9.98763333333333,22.4498333333333,NaN,NaN
16.2,11,190,09-Aug-2026 03:40:10,29.8,29.5293171006951,9.96184285714286,22.4532857142857,NaN,NaN
16.2,11,190,09-Aug-2026 03:40:17,30,29.7274860096376,9.96761818181818,22.4516363636364,NaN,NaN
16.2,11,190,09-Aug-2026 03:40:26,30.2,29.9256547262789,9.9524,22.458,NaN,NaN
16.2,11,190,09-Aug-2026 03:40:35,30.4,30.1238232506009,9.96093333333333,22.4506666666667,NaN,NaN
16.2,11,190,09-Aug-2026 03:40:43,30.6,30.3219915826432,9.94839,22.4486,NaN,NaN
16.2,11,190,09-Aug-2026 03:40:54,30.8,30.5201597223684,9.90158333333333,22.4675833333333,NaN,NaN
16.2,11,190,09-Aug-2026 03:41:06,31,30.7183276698033,9.86548,22.4774,NaN,NaN
16.2,11,190,09-Aug-2026 03:41:21,31.2,30.9164954249361,9.8526,22.465,NaN,NaN
16.2,11,190,09-Aug-2026 03:41:35,31.4,31.114662987768,9.85913636363636,22.4447272727273,NaN,NaN
16.2,11,190,09-Aug-2026 03:41:52,31.6,31.3128303583065,9.769175,22.4771666666667,NaN,NaN
16.2,11,190,09-Aug-2026 03:42:11,31.8,31.5109975365525,9.75216363636364,22.4671818181818,NaN,NaN
16.2,11,190,09-Aug-2026 03:42:30,32,31.7091645225008,9.72059230769231,22.4771538461538,NaN,NaN
16.2,11,190,09-Aug-2026 03:42:51,32.2,31.9073313161587,9.70195454545454,22.4804545454545,NaN,NaN
16.2,11,190,09-Aug-2026 03:43:12,32.4,32.1054979175274,9.67761666666667,22.4855,NaN,NaN
16.2,11,190,09-Aug-2026 03:43:36,32.6,32.3036643266014,9.67146,22.4838,NaN,NaN
16.2,11,190,09-Aug-2026 03:44:02,32.8,32.5018305433944,9.61036153846154,22.5032307692308,NaN,NaN
16.2,11,190,09-Aug-2026 03:44:31,33,32.6999965678948,9.60725,22.4925,NaN,NaN
16.2,11,190,09-Aug-2026 03:44:55,33.2,32.8981624001098,9.5758,22.5030909090909,NaN,NaN
16.2,11,190,09-Aug-2026 03:45:25,33.4,33.0963280400341,9.55044166666667,22.5119166666667,NaN,NaN
16.2,11,190,09-Aug-2026 03:46:10,33.6,33.2944934876813,9.54771,22.5101,NaN,NaN
16.2,11,190,09-Aug-2026 03:47:06,33.8,33.4926587430396,9.54145,22.511,NaN,NaN
16.2,11,190,09-Aug-2026 03:47:12,34,33.6908238061228,9.54368666666667,22.5128666666667,NaN,NaN
16.2,11,190,09-Aug-2026 03:47:17,34.2,33.8889886769189,9.54721052631579,22.514,NaN,NaN
16.2,11,190,09-Aug-2026 03:47:21,34.4,34.0871533554416,9.54597777777778,22.5148888888889,NaN,NaN
16.2,11,190,09-Aug-2026 03:47:26,34.6,34.2853178416727,9.54048571428571,22.5177142857143,NaN,NaN
16.2,11,190,09-Aug-2026 03:47:30,34.8,34.4834821356386,9.54267368421053,22.5167368421053,NaN,NaN
16.2,11,190,09-Aug-2026 03:47:34,35,34.6816462373338,9.54270434782609,22.5162608695652,NaN,NaN
16.2,11,190,09-Aug-2026 03:47:37,35.2,34.8798101467398,9.54268235294118,22.5171764705882,NaN,NaN
16.2,11,190,09-Aug-2026 03:47:41,35.4,35.0779738638832,9.54018461538461,22.518,NaN,NaN
16.2,11,190,09-Aug-2026 03:47:45,35.6,35.276137388752,9.53492,22.5206,NaN,NaN
16.2,11,190,09-Aug-2026 03:47:49,35.8,35.4743007213406,9.5358,22.51915,NaN,NaN
16.2,11,190,09-Aug-2026 03:47:53,36,35.672463861669,9.53224545454545,22.5219090909091,NaN,NaN
16.2,11,190,09-Aug-2026 03:47:56,36.2,35.8706268097251,9.53506363636364,22.5219090909091,NaN,NaN
16.2,11,290,10-Aug-2026 06:57:30,35.87,35.5436578423319,9.5248,22.504,-0.249900506032018,-0.00813623417376409
16.2,11,290,10-Aug-2026 07:57:31,35.87,35.5436578423319,9.5387,22.501,-0.255976802681632,-0.00833403472987471
16.2,11,290,10-Aug-2026 05:57:30,35.91,35.5832904723204,9.5477,22.5,-0.24263462225147,-0.00789963076143007
16.2,11,290,10-Aug-2026 08:57:32,35.91,35.5832904723204,9.7393,22.501,-0.169317917080712,-0.00551245861741041
16.2,11,290,09-Aug-2026 05:57:01,35.96,35.6328312489888,9.55,22.533,NaN,NaN
16.2,11,290,11-Aug-2026 06:57:55,35.96,35.6328312489888,9.5454,22.528,-0.238529465607849,-0.00776614253998979
16.2,11,290,10-Aug-2026 04:57:29,35.97,35.6427394028733,9.5562,22.501,-0.241012309968527,-0.00784680717733691
16.2,11,290,10-Aug-2026 09:57:33,35.97,35.6427394028733,9.7887,22.5,0.0305803653205942,0.000995594137772867
16.2,11,290,11-Aug-2026 07:57:56,35.97,35.6427394028733,9.5629,22.537,-0.243388809485736,-0.00792438676478694
16.2,11,290,09-Aug-2026 07:57:08,35.99,35.6625557092263,9.5305,22.527,-0.252303159958749,-0.0082145966063404
16.2,11,290,11-Aug-2026 04:57:53,35.99,35.6625557092263,9.5422,22.53,-0.234500662623503,-0.00763498245436308
16.2,11,290,11-Aug-2026 05:57:54,35.99,35.6625557092263,9.5546,22.531,-0.244966609234079,-0.00797573250593096
16.2,11,290,09-Aug-2026 06:57:07,36,35.672463861669,9.5491,22.525,-0.240952454217373,-0.00784500560949809
16.2,11,290,09-Aug-2026 19:57:20,36,35.672463861669,9.473,22.513,-0.253764979199577,-0.00826217012168484
16.2,11,290,09-Aug-2026 18:57:19,36.01,35.6823720136459,9.4767,22.513,-0.256252978473327,-0.00834316778247773
16.2,11,290,10-Aug-2026 19:57:43,36.01,35.6823720136459,9.5848,22.493,-0.240288075155723,-0.00782315190036083
16.2,11,290,10-Aug-2026 20:57:44,36.01,35.6823720136459,9.554,22.502,-0.237042004081602,-0.00771755293176935
16.2,11,290,10-Aug-2026 18:57:42,36.02,35.692280165125,9.607,22.49,-0.237158811569667,-0.00772123243212481
16.2,11,290,09-Aug-2026 08:57:09,36.03,35.7021883161319,9.5324,22.525,-0.264542341765664,-0.00861307600910251
16.2,11,290,10-Aug-2026 17:57:41,36.03,35.7021883161319,9.62,22.494,-0.246081602043885,-0.00801173563215571
16.2,11,290,11-Aug-2026 03:57:52,36.03,35.7021883161319,9.5443,22.535,-0.25054027931731,-0.00815724128143139
16.2,11,290,10-Aug-2026 10:57:34,36.04,35.71209646666,9.7862,22.496,0.113095664869497,0.00368200541696814
16.2,11,290,11-Aug-2026 08:57:57,36.04,35.71209646666,9.5809,22.539,-0.240224571597285,-0.00782135823063767
16.2,11,290,09-Aug-2026 17:57:18,36.05,35.7220046167031,9.4728,22.513,-0.249703426137603,-0.00812993633619323
16.2,11,290,09-Aug-2026 20:57:21,36.06,35.7319127662801,9.4759,22.513,-0.249677499243011,-0.00812909214878222
16.2,11,290,09-Aug-2026 21:57:22,36.07,35.7418209153528,9.4746,22.511,-0.245637677461517,-0.00799754997367497
16.2,11,290,10-Aug-2026 16:57:40,36.07,35.7418209153528,9.645,22.491,-0.241413515586027,-0.00785970524977265
16.2,11,290,10-Aug-2026 03:57:28,36.08,35.7517290639658,9.567,22.505,-0.235353674958199,-0.00766259134275013
16.2,11,290,10-Aug-2026 21:57:45,36.09,35.7616372120871,9.5088,22.514,-0.251357424650615,-0.00818374784896962
16.2,11,290,09-Aug-2026 09:57:10,36.11,35.7814535068928,9.5275,22.524,-0.270225362607743,-0.0087981153285819
16.2,11,290,10-Aug-2026 11:57:35,36.11,35.7814535068928,9.6294,22.494,-0.226889748328849,-0.00738688809926316
16.2,11,290,11-Aug-2026 02:57:51,36.11,35.7814535068928,9.5717,22.521,-0.237904511932257,-0.00774573082329896
16.2,11,290,11-Aug-2026 09:57:58,36.11,35.7814535068928,9.5664,22.532,-0.239313500375955,-0.00779167924262679
16.2,11,290,09-Aug-2026 16:57:17,36.12,35.7913616535707,9.4557,22.516,-0.252883959370235,-0.00823353426251737
16.2,11,290,10-Aug-2026 22:57:46,36.12,35.7913616535707,9.568,22.495,-0.239384443308603,-0.00779377001200775
16.2,11,290,09-Aug-2026 22:57:23,36.13,35.801269799776,9.4767,22.511,-0.256236230990223,-0.00834261356967623
16.2,11,290,10-Aug-2026 15:57:39,36.13,35.801269799776,9.7699,22.477,-0.232146604064409,-0.00755781216237194
16.2,11,290,10-Aug-2026 23:57:48,36.13,35.801269799776,9.513,22.512,-0.234510041049179,-0.00763519024676991
16.2,11,290,10-Aug-2026 02:57:27,36.14,35.8111779454893,9.5333,22.508,-0.248217258408361,-0.00808145598392384
16.2,11,290,12-Aug-2026 10:58:22,36.14,35.8111779454893,9.7963,22.523,-0.0751029593232054,-0.00244512480829687
16.2,11,290,11-Aug-2026 01:57:50,36.15,35.8210860907428,9.5308,22.545,-0.231940990328146,-0.00755174495372732
16.2,11,290,12-Aug-2026 08:58:20,36.15,35.8210860907428,9.5927,22.51,-0.226522588186613,-0.0073750709538137
16.2,11,290,10-Aug-2026 12:57:36,36.16,35.8309942354914,9.8385,22.482,0.376598967432813,0.0122605581158919
16.2,11,290,11-Aug-2026 10:57:59,36.16,35.8309942354914,9.5689,22.535,-0.235252779587805,-0.007659485336267
16.2,11,290,13-Aug-2026 08:58:46,36.16,35.8309942354914,9.8087,22.516,-0.216406631254198,-0.00704553628229048
16.2,11,290,09-Aug-2026 15:57:16,36.17,35.8409023797736,9.4889,22.531,-0.252142461646586,-0.0082094527702531
16.2,11,290,11-Aug-2026 00:57:49,36.17,35.8409023797736,9.5381,22.54,-0.244024739725184,-0.00794514905884553
16.2,11,290,12-Aug-2026 09:58:21,36.17,35.8409023797736,9.5956,22.511,-0.226533201878777,-0.00737541220161824
16.2,11,290,12-Aug-2026 19:58:31,36.17,35.8409023797736,9.7749,22.541,-0.216655190660071,-0.00705379590373019
16.2,11,290,13-Aug-2026 10:58:48,36.17,35.8409023797736,9.8706,22.507,-0.224311579889225,-0.00730279595843081
16.2,11,290,09-Aug-2026 23:57:24,36.18,35.8508105235701,9.4806,22.511,-0.245603848691186,-0.00799645208537596
16.2,11,290,11-Aug-2026 17:58:06,36.18,35.8508105235701,9.5235,22.534,-0.227912712989696,-0.00742052717847063
16.2,11,290,12-Aug-2026 07:58:19,36.18,35.8508105235701,9.6718,22.497,-0.22114728838548,-0.00719993591223015
16.2,11,290,12-Aug-2026 11:58:23,36.18,35.8508105235701,9.6013,22.51,-0.228213293277029,-0.00743013138200161
16.2,11,290,13-Aug-2026 19:58:57,36.18,35.8508105235701,9.73,22.514,-0.207404053750419,-0.00675237832524116
16.2,11,290,13-Aug-2026 21:58:59,36.18,35.8508105235701,9.8596,22.505,-0.208300135840093,-0.00678151260775708
16.2,11,290,09-Aug-2026 10:57:11,36.19,35.8607186668873,9.5295,22.523,-0.262071130226504,-0.00853261978953747
16.2,11,290,10-Aug-2026 01:57:26,36.19,35.8607186668873,9.4922,22.509,-0.25871233338393,-0.00842320677920099
16.2,11,290,10-Aug-2026 14:57:38,36.19,35.8607186668873,9.8677,22.487,0.846408088719649,0.0275556527481449
16.2,11,290,11-Aug-2026 16:58:05,36.19,35.8607186668873,9.5684,22.525,-0.23765534185797,-0.00773764079220317
16.2,11,290,11-Aug-2026 18:58:07,36.19,35.8607186668873,9.5519,22.531,-0.234532835760713,-0.00763604269521136
16.2,11,290,13-Aug-2026 07:58:45,36.19,35.8607186668873,9.8088,22.516,-0.223973262348071,-0.00729188445407458
16.2,11,290,10-Aug-2026 13:57:37,36.2,35.8706268097251,9.8114,22.472,0.192920327039737,0.0062806884229598
16.2,11,290,12-Aug-2026 18:58:30,36.2,35.8706268097251,9.7471,22.544,-0.222008743050865,-0.00722817246721409
16.2,11,290,12-Aug-2026 20:58:32,36.2,35.8706268097251,9.7392,22.549,-0.214097070439433,-0.00697061142557054
16.2,11,290,13-Aug-2026 09:58:47,36.2,35.8706268097251,9.8643,22.514,-0.232236494846393,-0.00756084800381516
16.2,11,290,13-Aug-2026 20:58:58,36.2,35.8706268097251,9.5669,22.53,-0.23866392122072,-0.00777050616232995
16.2,11,290,13-Aug-2026 23:59:01,36.2,35.8706268097251,9.8707,22.505,NaN,NaN
16.2,11,290,09-Aug-2026 14:57:15,36.21,35.8805349520771,9.4376,22.539,-0.256053970680966,-0.00833691766004377
16.2,11,290,10-Aug-2026 00:57:25,36.21,35.8805349520771,9.5007,22.51,-0.244937200796103,-0.00797471237120346
16.2,11,290,11-Aug-2026 11:58:00,36.21,35.8805349520771,9.5551,22.536,-0.232952521613915,-0.00758461124540885
16.2,11,290,11-Aug-2026 15:58:04,36.21,35.8805349520771,9.5955,22.526,-0.242674669642758,-0.0079010482375454
16.2,11,290,12-Aug-2026 21:58:33,36.21,35.8805349520771,9.5834,22.536,-0.219804894744691,-0.007156514921856
16.2,11,290,13-Aug-2026 12:58:50,36.21,35.8805349520771,9.9354,22.485,-0.209171427819284,-0.00680970857599392
16.2,11,290,13-Aug-2026 22:59:00,36.21,35.8805349520771,9.8958,22.498,-0.210719207753228,-0.00686022553355101
16.2,11,290,12-Aug-2026 12:58:24,36.22,35.8904430939497,9.5528,22.529,-0.236691511793646,-0.00770630409239531
16.2,11,290,13-Aug-2026 11:58:49,36.22,35.8904430939497,9.9057,22.494,-0.221858017402227,-0.00722280920764401
16.2,11,290,13-Aug-2026 18:58:56,36.22,35.8904430939497,9.9634,22.464,-0.184273828475072,-0.00599905874724725
16.2,11,290,11-Aug-2026 19:58:08,36.23,35.9003512353493,9.5504,22.532,-0.244931697483566,-0.00797461285657365
16.2,11,290,12-Aug-2026 06:58:19,36.23,35.9003512353493,9.6159,22.5,-0.23531369341684,-0.00766121430112325
16.2,11,290,12-Aug-2026 22:58:34,36.23,35.9003512353493,9.6057,22.538,-0.215293399770006,-0.00700960857478023
16.2,11,290,13-Aug-2026 06:58:44,36.23,35.9003512353493,9.7864,22.521,-0.222385684933717,-0.0072402674724251
16.2,11,290,09-Aug-2026 11:57:12,36.24,35.9102593762693,9.5076,22.529,-0.259582978580996,-0.00845166355691195
16.2,11,290,11-Aug-2026 12:58:01,36.24,35.9102593762693,9.5149,22.523,-0.245709069164557,-0.00799990133321698
16.2,11,290,11-Aug-2026 13:58:02,36.24,35.9102593762693,9.5733,22.528,-0.241886458621474,-0.00787541804031478
16.2,11,290,12-Aug-2026 17:58:29,36.24,35.9102593762693,9.8165,22.552,-0.209724010903317,-0.00682817246088123
16.2,11,290,13-Aug-2026 14:58:52,36.24,35.9102593762693,9.9752,22.464,-0.210880947758714,-0.00686521575005808
16.2,11,290,13-Aug-2026 15:58:53,36.24,35.9102593762693,9.9807,22.46,-0.19527743694565,-0.00635722734183661
16.2,11,290,13-Aug-2026 17:58:55,36.24,35.9102593762693,9.842,22.505,-0.21644661445347,-0.00704670583887766
16.2,11,290,13-Aug-2026 13:58:51,36.25,35.9201675167033,9.9549,22.472,-0.198546705821096,-0.0064637325116266
16.2,11,290,13-Aug-2026 16:58:54,36.25,35.9201675167033,9.9337,22.476,-0.200208065455845,-0.0065178504365476
16.2,11,290,09-Aug-2026 13:57:14,36.26,35.9300756566513,9.4374,22.533,-0.258552102834135,-0.00841820524928746
16.2,11,290,11-Aug-2026 14:58:03,36.26,35.9300756566513,9.5997,22.526,-0.245180988986146,-0.00798263867070145
16.2,11,290,12-Aug-2026 23:58:35,36.26,35.9300756566513,9.5807,22.535,-0.223781048519091,-0.0072859667884315
16.2,11,290,13-Aug-2026 05:58:42,36.27,35.9399837961197,9.7451,22.526,-0.213532270771119,-0.00695207024260185
16.2,11,290,09-Aug-2026 12:57:13,36.28,35.9498919351148,9.4861,22.535,-0.256222100096856,-0.00834231013089068
16.2,11,290,11-Aug-2026 20:58:09,36.28,35.9498919351148,9.5238,22.527,-0.237539371134475,-0.00773393136496885
16.2,11,290,12-Aug-2026 13:58:25,36.28,35.9498919351148,9.5677,22.525,-0.224900042282371,-0.0073223235719889
16.2,11,290,12-Aug-2026 16:58:28,36.28,35.9498919351148,9.8204,22.55,-0.215023347525201,-0.00700070434735903
16.2,11,290,13-Aug-2026 04:58:41,36.28,35.9498919351148,9.7914,22.525,-0.212699787821544,-0.00692493428241105
16.2,11,290,12-Aug-2026 05:58:18,36.29,35.9598000736237,9.6006,22.502,-0.231519138314784,-0.00753768619670642
16.2,11,290,12-Aug-2026 14:58:26,36.29,35.9598000736237,9.6297,22.528,-0.226563213716709,-0.00737649906381203
16.2,11,290,13-Aug-2026 00:58:37,36.29,35.9598000736237,9.5507,22.533,-0.214161494147191,-0.00697279608634575
16.2,11,290,12-Aug-2026 15:58:27,36.3,35.9697082116593,9.6224,22.528,-0.232707119192623,-0.00757652276069276
16.2,11,290,13-Aug-2026 01:58:38,36.32,35.9895244862782,9.5399,22.536,-0.222331345555242,-0.00723881223513296
16.2,11,290,13-Aug-2026 03:58:40,36.33,35.9994326228614,9.7844,22.525,-0.223700949308929,-0.00728312485725659
16.2,11,290,13-Aug-2026 02:58:39,36.34,36.0093407589711,9.56,22.524,-0.231087332941752,-0.00752380568483964
16.2,11,290,11-Aug-2026 21:58:10,36.37,36.0390651644073,9.5708,22.525,-0.233902976688779,-0.00761547510429956
16.2,11,290,11-Aug-2026 22:58:11,36.41,36.0786976982651,9.6261,22.521,-0.248474035006023,-0.00808979768733797
16.2,11,290,12-Aug-2026 04:58:17,36.41,36.0786976982651,9.5855,22.513,-0.225670378737137,-0.00734737265358858
16.2,11,290,12-Aug-2026 03:58:16,36.45,36.1183302244194,9.5594,22.529,-0.231137231954175,-0.00752546327883742
16.2,11,290,11-Aug-2026 23:58:12,36.47,36.1381464846205,9.6019,22.519,-0.241123001296943,-0.00785048356323336
16.2,11,290,12-Aug-2026 02:58:15,36.47,36.1381464846205,9.5669,22.527,-0.227208459221112,-0.00739753893822182
16.2,11,290,12-Aug-2026 00:58:13,36.49,36.1579627428931,9.5943,22.522,-0.238627792138093,-0.0077692728454083
16.2,11,290,12-Aug-2026 01:58:14,36.49,36.1579627428931,9.5602,22.525,-0.235185093905302,-0.00765723344496008
16.2,11,590,NaT,0,0,NaN,NaN,NaN,NaN
16.2,11,590,NaT,0.2,0.198197575549084,NaN,NaN,NaN,NaN
16.2,11,590,NaT,0.4,0.396394958602638,NaN,NaN,NaN,NaN
16.2,11,590,NaT,0.6,0.594592149189359,NaN,NaN,NaN,NaN
16.2,11,590,NaT,0.8,0.792789147292957,NaN,NaN,NaN,NaN
16.2,11,590,NaT,1,0.990985952922833,NaN,NaN,NaN,NaN
16.2,11,590,NaT,1.2,1.18918256608195,NaN,NaN,NaN,NaN
16.2,11,590,NaT,1.4,1.3873789867604,NaN,NaN,NaN,NaN
16.2,11,590,NaT,1.6,1.58557521495471,NaN,NaN,NaN,NaN
16.2,11,590,14-Aug-2026 01:55:21,1.8,1.78377125068706,19.1893090909091,18.9508181818182,244.427263191722,7.92138750118373
16.2,11,590,14-Aug-2026 01:54:37,2,1.98196709394753,19.1974615384615,18.9471538461538,244.093260354964,7.91058750041536
16.2,11,590,14-Aug-2026 01:53:56,2.2,2.18016274473901,19.1856363636364,18.9539090909091,243.912096784334,7.9047750267836
16.2,11,590,14-Aug-2026 01:53:19,2.4,2.37835820305796,19.16954,18.9626,244.025934400408,7.90849315456532
16.2,11,590,14-Aug-2026 01:52:49,2.6,2.57655346890084,19.1787,18.9575,244.129381504264,7.91186915682772
16.2,11,590,14-Aug-2026 01:52:17,2.8,2.7747485422962,19.1716,18.961,243.709605087696,7.89830846901164
16.2,11,590,14-Aug-2026 01:51:52,3,2.97294342320192,19.1732,18.9601,243.459345231047,7.89021105981453
16.2,11,590,14-Aug-2026 01:51:30,3.2,3.1711381116594,19.1623363636364,18.9657272727273,243.669588212728,7.89702454467443
16.2,11,590,14-Aug-2026 01:51:08,3.4,3.36933260765859,19.1610272727273,18.9657272727273,243.156279357053,7.88042303035409
16.2,11,590,14-Aug-2026 01:50:50,3.6,3.56752691117663,19.15685,18.9675,243.283645859793,7.88458619660251
16.2,11,590,14-Aug-2026 01:50:29,3.8,3.76572102225485,19.1498,18.9726363636364,243.220820090292,7.88256609836962
16.2,11,590,14-Aug-2026 01:50:06,4,3.9639149408575,19.1524181818182,18.97,243.061097799558,7.87739786333312
16.2,11,590,14-Aug-2026 01:49:23,4.2,4.16210866700663,19.1511833333333,18.9741666666667,243.152630786667,7.88039392337871
16.2,11,590,14-Aug-2026 01:49:03,4.4,4.360302200705,19.1474909090909,18.978,243.427893188806,7.88934908075078
16.2,11,590,14-Aug-2026 01:48:44,4.6,4.55849554193609,19.1447818181818,18.981,243.728925479139,7.89913416804493
16.2,11,590,14-Aug-2026 01:48:32,4.8,4.75668869070905,19.1427636363636,18.9810909090909,243.598132736303,7.89491401877689
16.2,11,590,14-Aug-2026 01:48:20,5,4.95488164703947,19.1380818181818,18.9840909090909,242.825573957999,7.86989148833109
16.2,11,590,14-Aug-2026 01:48:05,5.2,5.15307441091721,19.1400090909091,18.9825454545455,241.713934172325,7.8338851953734
16.2,11,590,14-Aug-2026 01:47:54,5.4,5.35126698233855,19.1327,18.9869090909091,241.356232560048,7.82232043698882
16.2,11,590,14-Aug-2026 01:47:35,5.6,5.54945936131259,19.1282454545455,18.9896363636364,241.414170841019,7.82420512180354
16.2,11,590,14-Aug-2026 01:47:17,5.8,5.74765154782918,19.1261818181818,18.9870909090909,241.577009561402,7.82950738813043
16.2,11,590,14-Aug-2026 01:47:01,6,5.94584354191667,19.1262545454545,18.9928181818182,241.628527854949,7.83119460752395
16.2,11,590,14-Aug-2026 01:46:44,6.2,6.14403534354558,19.1264272727273,18.9907272727273,241.463825282248,7.82584919847191
16.2,11,590,14-Aug-2026 01:46:29,6.4,6.34222695272499,19.1284,18.993,241.714966663353,7.83401435895007
16.2,11,590,14-Aug-2026 01:46:13,6.6,6.54041836945752,19.1288,18.9965,241.751064906638,7.83521934454572
16.2,11,590,14-Aug-2026 01:46:01,6.8,6.7386095937522,19.1299846153846,18.998,241.473051147026,7.82619790615475
16.2,11,590,14-Aug-2026 01:45:41,7,6.93680062561165,19.1297363636364,18.998,241.286625587095,7.82017656750507
16.2,11,590,14-Aug-2026 01:45:05,7.2,7.1349914650256,19.1285090909091,19.0012727272727,240.111721263973,7.78211277213633
16.2,11,590,14-Aug-2026 01:38:53,7.4,7.33318211199662,19.1161,18.9996,237.821709004068,7.70790266424275
16.2,11,590,14-Aug-2026 01:38:07,7.6,7.53137256654014,19.1162,18.998,236.638395621693,7.66960633540193
16.2,11,590,14-Aug-2026 01:33:29,7.8,7.72956282863301,19.1054,19.019,234.50664177346,7.60067606189304
16.2,11,590,14-Aug-2026 01:32:38,8,7.92775289829704,19.1049769230769,19.0263076923077,231.973223527886,7.51880990498179
16.2,11,590,14-Aug-2026 01:32:24,8.2,8.12594277552191,19.0733285714286,19.04,231.409872081644,7.50069605553251
16.2,11,590,14-Aug-2026 01:32:15,8.4,8.32413246031655,19.0319153846154,19.0536923076923,231.036483315098,7.48861881742095
16.2,11,590,14-Aug-2026 01:32:07,8.6,8.52232195267705,18.98205,19.06,230.750292606465,7.47937330145797
16.2,11,590,14-Aug-2026 01:31:58,8.8,8.7205112526059,18.9836428571429,19.0674285714286,230.528766154924,7.47227240492503
16.2,11,590,14-Aug-2026 01:31:39,9,8.91870036010559,18.99159,19.0761,230.311135341809,7.46537640197794
16.2,11,590,14-Aug-2026 01:31:17,9.2,9.11688927518497,18.9853916666667,19.0779166666667,230.086054523837,7.45822977074907
16.2,11,590,14-Aug-2026 01:31:05,9.4,9.31507799782726,18.95888,19.0796,229.891738366592,7.45203021202025
16.2,11,590,14-Aug-2026 01:30:56,9.6,9.51326652803489,18.9048,19.0783333333333,229.674868256268,7.44508862822906
16.2,11,590,14-Aug-2026 01:30:50,9.8,9.71145486583598,18.8534857142857,19.0794285714286,229.539572745794,7.44079838757762
16.2,11,590,14-Aug-2026 01:30:42,10,9.90964301120082,18.8569714285714,19.0808571428571,229.290411879375,7.43315878227402
16.2,11,590,14-Aug-2026 01:30:35,10.2,10.1078309641511,18.7663733333333,19.1436666666667,229.172961086127,7.42942617734577
16.2,11,590,14-Aug-2026 01:30:30,10.4,10.3060187246635,18.7136928571429,19.1465,229.165051757666,7.42933282419962
16.2,11,590,14-Aug-2026 01:30:24,10.6,10.5042062927725,18.63035,19.1614375,229.274295154935,7.43306860937024
16.2,11,590,14-Aug-2026 01:30:18,10.8,10.7023936684484,18.6039538461538,19.2043846153846,229.391149813145,7.43699428107554
16.2,11,590,14-Aug-2026 01:30:13,11,10.9005808517193,18.5368533333333,19.2275333333333,229.832515737845,7.45137014986904
16.2,11,590,14-Aug-2026 01:30:07,11.2,11.0987678425617,18.53054,19.2347333333333,229.954333208415,7.45553723269792
16.2,11,590,14-Aug-2026 01:30:01,11.4,11.2969546410037,18.5477153846154,19.2694615384615,230.006829535405,7.45729370832421
16.2,11,590,14-Aug-2026 01:29:51,11.6,11.4951412470155,18.5440461538462,19.289,230.059325862395,7.4590501839505
16.2,11,590,14-Aug-2026 01:29:30,11.8,11.6933276606186,18.5193833333333,19.3088333333333,230.746729575184,7.48149304138035
16.2,11,590,14-Aug-2026 01:29:09,12,11.8915138818154,18.5251,19.306,231.669667465405,7.51142185834179
16.2,11,590,14-Aug-2026 01:28:48,12.2,12.0896999105889,18.5159181818182,19.3127272727273,232.073895622768,7.52456517556614
16.2,11,590,14-Aug-2026 01:28:34,12.4,12.2878857469605,18.51202,19.3156,232.092147669271,7.5251966097122
16.2,11,590,14-Aug-2026 01:28:23,12.6,12.4860713909198,18.5086727272727,19.3175454545455,231.969452185641,7.5212653864558
16.2,11,590,14-Aug-2026 01:28:15,12.8,12.6842568424818,18.4925,19.322,231.839178557624,7.51706867662903
16.2,11,590,14-Aug-2026 01:28:05,13,12.8824421016166,18.4859,19.3226666666667,231.774055932967,7.51496716167977
16.2,11,590,14-Aug-2026 01:27:42,13.2,13.0806271683585,18.4790076923077,19.3214615384615,231.59036179219,7.50903212725798
16.2,11,590,14-Aug-2026 01:26:19,13.4,13.278812042697,18.48087,19.321,231.241145985317,7.49773325170081
16.2,11,590,14-Aug-2026 01:25:59,13.6,13.476996724647,18.4730916666667,19.3228333333333,230.776761646082,7.48270207852619
16.2,11,590,14-Aug-2026 01:24:11,13.8,13.6751812141786,18.47174,19.3492,219.614961407289,7.12180866558742
16.2,11,590,14-Aug-2026 01:23:44,14,13.8733655113132,18.3248692307692,19.638,219.508473117052,7.11971773033395
16.2,11,590,14-Aug-2026 01:22:25,14.2,14.0715496160402,18.1806,19.743,217.570488867938,7.05742748699215
16.2,11,590,14-Aug-2026 01:22:02,14.4,14.269733528381,18.13308,19.7844,217.516702297601,7.05576573005057
16.2,11,590,14-Aug-2026 01:20:47,14.6,14.4679172483184,18.1128,19.7914,215.361808837692,6.98595631203357
16.2,11,590,14-Aug-2026 01:19:16,14.8,14.6661007758609,18.0888545454545,19.8057272727273,209.55471165028,6.79779426075282
16.2,11,590,14-Aug-2026 01:17:27,15,14.8642841110043,18.0115363636364,19.8594545454545,181.445981393409,5.88665831822805
16.2,11,590,14-Aug-2026 01:14:17,15.2,15.0624672537699,17.7934909090909,20.0212727272727,113.319140726004,3.67805464847993
16.2,11,590,14-Aug-2026 01:11:53,15.4,15.2606502041341,16.9485692307692,20.6664615384615,65.6869195027148,2.1339493720239
16.2,11,590,14-Aug-2026 01:11:23,15.6,15.4588329621054,16.1098,21.069,59.9224998921393,1.94712995289118
16.2,11,590,14-Aug-2026 01:11:19,15.8,15.6570155276859,15.676,21.215,56.2636882711527,1.82839918962207
16.2,11,590,14-Aug-2026 01:11:16,16,15.855197900884,15.40795,21.274,51.9632799894546,1.68883010405357
16.2,11,590,14-Aug-2026 01:11:13,16.2,16.0533800816824,15.3246,21.2963571428571,47.0212750470451,1.52842269618566
16.2,11,590,14-Aug-2026 01:11:10,16.4,16.2515620701089,15.32941875,21.4124375,43.428470318837,1.4118621055583
16.2,11,590,14-Aug-2026 01:11:08,16.6,16.4497438661527,15.1096666666667,21.5686666666667,41.1848658048303,1.3391483321715
16.2,11,590,14-Aug-2026 01:11:06,16.8,16.6479254697964,14.7551789473684,21.6411578947368,38.9412612908236,1.2664345587847
16.2,11,590,14-Aug-2026 01:11:04,17,16.8461068810614,14.4088,21.77165,36.7719724072486,1.19605089127437
16.2,11,590,14-Aug-2026 01:11:02,17.2,17.0442880999495,14.2961090909091,22.0023181818182,34.6769991541054,1.12799732964052
16.2,11,590,14-Aug-2026 01:11:00,17.4,17.2424691264628,13.9768944444444,22.1549444444444,32.5820259009621,1.05994376800667
16.2,11,590,14-Aug-2026 01:10:58,17.6,17.4406499605967,13.720316,22.28764,30.5170546515029,0.992832669582995
16.2,11,590,14-Aug-2026 01:10:56,17.8,17.6388306023468,13.6081476190476,22.3199523809524,28.4820854057277,0.926664034369487
16.2,11,590,14-Aug-2026 01:10:54,18,17.8370110517151,13.51485,22.3679166666667,26.8004860550538,0.871978962992979
16.2,11,590,14-Aug-2026 01:10:53,18.2,18.0351913087097,13.42585,22.38625,25.4722565994812,0.828777455453468
16.2,11,590,14-Aug-2026 01:10:51,18.4,18.2333713733455,13.2248347826087,22.4178260869565,23.6522803141319,0.769583066078173
16.2,11,590,14-Aug-2026 01:10:49,18.6,18.4315512455986,12.9836,22.4267272727273,21.8323040287826,0.710388676702877
16.2,11,590,14-Aug-2026 01:10:47,18.8,18.629730925471,12.73555,22.423,20.8908205216071,0.679763864704561
16.2,11,590,14-Aug-2026 01:10:46,19,18.8279104129773,12.5346619047619,22.4135238095238,19.9156060620608,0.648040233897691
16.2,11,590,14-Aug-2026 01:10:44,19.2,19.0260897081193,12.3715869565217,22.4005652173913,18.9066606501436,0.615217784282269
16.2,11,590,14-Aug-2026 01:10:42,19.4,19.2242688108926,12.167804,22.39084,18.1453846441869,0.590455019291107
16.2,11,590,14-Aug-2026 01:10:41,19.6,19.4224477212988,12.031324,22.37004,17.6317780441905,0.573751938924203
16.2,11,590,14-Aug-2026 01:10:39,19.8,19.6206264393334,11.9547115384615,22.3492692307692,16.9604039786786,0.551906744674934
16.2,11,590,14-Aug-2026 01:10:38,20,19.8188049650046,11.8921,22.345,16.2890299131667,0.530061550425664
16.2,11,590,14-Aug-2026 01:10:36,20.2,20.0169832983142,11.7923458333333,22.3485833333333,15.6091197244371,0.507941274871334
16.2,11,590,14-Aug-2026 01:10:34,20.4,20.215161439264,11.6251173913043,22.3473913043478,15.0767397425561,0.490626194101624
16.2,11,590,14-Aug-2026 01:10:33,20.6,20.4133393878363,11.5279,22.33,14.7004260907414,0.478391389421594
16.2,11,590,14-Aug-2026 01:10:31,20.8,20.6115171440652,11.3632076923077,22.3115384615385,14.3241124389267,0.466156584741564
16.2,11,590,14-Aug-2026 01:10:29,21,20.8096947079266,11.2772444444444,22.3054814814815,14.0833431313041,0.458334791822457
16.2,11,590,14-Aug-2026 01:10:28,21.2,21.0078720794479,11.244025,22.30325,13.8054504073959,0.449297640823092
16.2,11,590,14-Aug-2026 01:10:27,21.4,21.206049258586,11.2460964285714,22.29825,13.4904342672022,0.439045131743469
16.2,11,590,14-Aug-2026 01:10:25,21.6,21.4042262453874,11.224616,22.355,13.1754181270085,0.428792622663846
16.2,11,590,14-Aug-2026 01:10:24,21.8,21.6024030398282,11.1674,22.381,12.981204915356,0.422475546445563
16.2,11,590,14-Aug-2026 01:10:22,22,21.8005796419164,11.109175,22.38425,12.7527288433588,0.41504324022687
16.2,11,590,14-Aug-2026 01:10:20,22.2,21.9987560516536,11.0834555555556,22.3693333333333,12.489989911017,0.406495704007769
16.2,11,590,14-Aug-2026 01:10:19,22.4,22.1969322690417,11.0610111111111,22.3626666666667,12.2272509786752,0.397948167788667
16.2,11,590,14-Aug-2026 01:10:17,22.6,22.395108294082,11.05996,22.3676,11.9581337800363,0.389192166838671
16.2,11,590,14-Aug-2026 01:10:16,22.8,22.5932841267636,11.0682222222222,22.3738518518519,11.6331295790673,0.378616098354283
16.2,11,590,14-Aug-2026 01:10:14,23,22.7914597671136,11.0787655172414,22.3787586206897,11.252238375768,0.366219962335502
16.2,11,590,14-Aug-2026 01:10:13,23.2,22.9896352151015,11.0898689655172,22.3904827586207,10.8713471724688,0.353823826316721
16.2,11,590,14-Aug-2026 01:10:11,23.4,23.1878104707546,11.0891615384615,22.3977692307692,10.539579323021,0.343030198684713
16.2,11,590,14-Aug-2026 01:10:10,23.6,23.3859855340681,11.0844851851852,22.3962592592593,10.1683192591666,0.330949083165274
16.2,11,590,14-Aug-2026 01:10:08,23.8,23.5841604050242,11.0815,22.3861666666667,9.75756698090546,0.317580479758405
16.2,11,590,14-Aug-2026 01:10:07,24,23.7823350836502,11.0795,22.4095,9.34681470264435,0.304211876351537
16.2,11,590,14-Aug-2026 01:10:05,24.2,23.9805095699347,11.0391192307692,22.4195384615385,8.80815559700933,0.286683483678746
16.2,11,590,14-Aug-2026 01:10:04,24.4,24.1786838638858,11.0164857142857,22.4178928571429,8.47236146108119,0.275753769044503
16.2,11,590,14-Aug-2026 01:10:02,24.6,24.3768579654856,11.0127653846154,22.4102307692308,8.13656732515304,0.26482405441026
16.2,11,590,14-Aug-2026 01:10:01,24.8,24.5750318747613,11.0025346153846,22.4117692307692,7.80077318922489,0.253894339776016
16.2,11,590,14-Aug-2026 01:09:59,25,24.7732055917016,10.9293481481481,22.4189259259259,7.46409813498603,0.242938100349201
16.2,11,590,14-Aug-2026 01:09:58,25.2,24.9713791163016,10.8772769230769,22.413,7.06490597374012,0.229947187730608
16.2,11,590,14-Aug-2026 01:09:56,25.4,25.169552448569,10.8642133333333,22.397,6.60319670548719,0.214921601920239
16.2,11,590,14-Aug-2026 01:09:55,25.6,25.3677255885182,10.87828,22.397,6.14148743723426,0.19989601610987
16.2,11,590,14-Aug-2026 01:09:53,25.8,25.565898536125,10.9002916666667,22.3946666666667,5.71296835535878,0.185948495294166
16.2,11,590,14-Aug-2026 01:09:52,26,25.7640712913971,10.9069615384615,22.4053076923077,5.2288797429909,0.170192889747634
16.2,11,590,14-Aug-2026 01:09:50,26.2,25.9622438543425,10.8914565217391,22.4241304347826,4.68922160013058,0.152629199470274
16.2,11,590,14-Aug-2026 01:09:48,26.4,26.1604162249753,10.8623666666667,22.4202962962963,4.31194951900196,0.140350208272624
16.2,11,590,14-Aug-2026 01:09:47,26.6,26.3585884032649,10.8357,22.4262222222222,4.09706349960503,0.133355916154684
16.2,11,590,14-Aug-2026 01:09:45,26.8,26.5567603892446,10.727516,22.4308,3.93916536514995,0.128217694861633
16.2,11,590,14-Aug-2026 01:09:44,27,26.7549321828902,10.583172,22.433,3.78126723069488,0.123079473568583
16.2,11,590,14-Aug-2026 01:09:42,27.2,26.9531037842159,10.4690185185185,22.4281111111111,3.64242044867781,0.118561040647931
16.2,11,590,14-Aug-2026 01:09:41,27.4,27.1512751932166,10.4816111111111,22.4036666666667,3.52262501909874,0.114662396099677
16.2,11,590,14-Aug-2026 01:09:39,27.6,27.3494464099193,10.5202625,22.3943333333333,3.40282958951968,0.110763751551424
16.2,11,590,14-Aug-2026 01:09:37,27.8,27.5476174342867,10.550116,22.40708,2.87934285702351,0.0937243522291937
16.2,11,590,14-Aug-2026 01:09:36,28,27.745788266333,10.5598333333333,22.4243333333333,2.41493433289988,0.0786078757552848
16.2,11,590,14-Aug-2026 01:09:34,28.2,27.9439589060724,10.549508,22.43244,2.05539952924681,0.0669049405003579
16.2,11,590,14-Aug-2026 01:09:33,28.4,28.1421293534805,10.536548,22.43964,1.7416602376918,0.056692623616093
16.2,11,590,14-Aug-2026 01:09:31,28.6,28.3402996085904,10.5298833333333,22.4368333333333,1.42792094613679,0.046480306731828
16.2,11,590,14-Aug-2026 01:09:29,28.8,28.5384696713844,10.5175115384615,22.4394615384615,1.24874128893654,0.0406481569408177
16.2,11,590,14-Aug-2026 01:09:28,29,28.7366395418636,10.471476,22.4366,1.07593965895633,0.0350234375267985
16.2,11,590,14-Aug-2026 01:09:26,29.2,28.934809220042,10.3965727272727,22.4311818181818,0.90951605619613,0.0296061484897703
16.2,11,590,14-Aug-2026 01:09:24,29.4,29.1329787058952,10.3583153846154,22.4494615384615,0.796227577841929,0.0259185381689667
16.2,11,590,14-Aug-2026 01:09:23,29.6,29.3311479994501,10.2964692307692,22.4440769230769,0.736074223893721,0.0239606065643879
16.2,11,590,14-Aug-2026 01:09:21,29.8,29.5293171006951,10.26554,22.42892,0.668280784639533,0.0217537907247601
16.2,11,590,14-Aug-2026 01:09:20,30,29.7274860096376,10.2460708333333,22.4269583333333,0.600487345385347,0.0195469748851325
16.2,11,590,14-Aug-2026 01:09:18,30.2,29.9256547262789,10.231175,22.4315,0.536704037715374,0.0174708225087159
16.2,11,590,14-Aug-2026 01:09:17,30.4,30.1238232506009,10.2191035714286,22.4243571428571,0.476930861629614,0.0155253335955105
16.2,11,590,14-Aug-2026 01:09:15,30.6,30.3219915826432,10.2244814814815,22.416962962963,0.314762031708644,0.0102463574017285
16.2,11,590,14-Aug-2026 01:09:14,30.8,30.5201597223684,10.2516666666667,22.4162222222222,0.152593201787671,0.0049673812079464
16.2,11,590,14-Aug-2026 01:09:12,31,30.7183276698033,10.2734038461538,22.4282307692308,0.0091950748360705,0.000299306206142659
16.2,11,590,14-Aug-2026 01:09:11,31.2,30.9164954249361,10.2370192307692,22.4651538461538,-0.115432349146161,-0.00375786760368288
16.2,11,590,14-Aug-2026 01:09:09,31.4,31.114662987768,10.1955714285714,22.4690357142857,-0.177160171981853,-0.0057674305439962
16.2,11,590,14-Aug-2026 01:09:08,31.6,31.3128303583065,10.1141,22.4932222222222,-0.238887994817545,-0.00777699348430951
16.2,11,590,14-Aug-2026 01:09:06,31.8,31.5109975365525,10.0075518518519,22.5244814814815,-0.27506752319053,-0.00895485327263327
16.2,11,590,14-Aug-2026 01:09:05,32,31.7091645225008,9.93081111111111,22.5118888888889,-0.285698757100807,-0.00930100990896748
16.2,11,590,14-Aug-2026 01:09:03,32.2,31.9073313161587,9.91335,22.5008928571429,-0.291157084683787,-0.00947872023784453
16.2,11,590,14-Aug-2026 01:09:02,32.4,32.1054979175274,9.90673333333333,22.4953333333333,-0.296615412266767,-0.00965643056672157
16.2,11,590,14-Aug-2026 01:09:00,32.6,32.3036643266014,9.90097692307692,22.4960769230769,-0.296665877469877,-0.00965808871740918
16.2,11,590,14-Aug-2026 01:08:59,32.8,32.5018305433944,9.89874615384615,22.4968461538462,-0.291308480293117,-0.00948369468990736
16.2,11,590,14-Aug-2026 01:08:57,33,32.6999965678948,9.89799230769231,22.4963846153846,-0.290333023261799,-0.00945197350976169
16.2,11,590,14-Aug-2026 01:08:56,33.2,32.8981624001098,9.8973,22.496,-0.289357566230481,-0.00942025232961601
16.2,11,590,14-Aug-2026 01:08:54,33.4,33.0963280400341,9.89538888888889,22.4965925925926,-0.291551472815309,-0.0094916927809343
16.2,11,590,14-Aug-2026 01:08:53,33.6,33.2944934876813,9.88983333333333,22.4995555555556,-0.296914743016283,-0.00966629486371652
16.2,11,590,14-Aug-2026 01:08:51,33.8,33.4926587430396,9.87615555555556,22.505037037037,-0.292731818936966,-0.00953012302038671
16.2,11,590,14-Aug-2026 01:08:50,34,33.6908238061228,9.86795714285714,22.5062142857143,-0.28854889485765,-0.00939395117705689
16.2,11,590,14-Aug-2026 01:08:48,34.2,33.8889886769189,9.866875,22.503,-0.287797009550347,-0.00936948540910661
16.2,11,590,14-Aug-2026 01:08:47,34.4,34.0871533554416,9.867625,22.503,-0.290476163015055,-0.00945672571653585
16.2,11,590,14-Aug-2026 01:08:45,34.6,34.2853178416727,9.8677,22.5016153846154,-0.289840769092628,-0.00943604455498213
16.2,11,590,14-Aug-2026 01:08:43,34.8,34.4834821356386,9.8701,22.5004782608696,-0.289205375170201,-0.00941536339342842
16.2,11,590,14-Aug-2026 01:08:42,35,34.6816462373338,9.869528,22.5018,-0.284869294904236,-0.00927420453103755
16.2,11,590,14-Aug-2026 01:08:40,35.2,34.8798101467398,9.86430909090909,22.5046363636364,-0.283840000972044,-0.00924070173905873
16.2,11,590,14-Aug-2026 01:08:38,35.4,35.0779738638832,9.862872,22.503,-0.289818179717166,-0.00943533271832912
16.2,11,590,14-Aug-2026 01:08:37,35.6,35.276137388752,9.861592,22.503,-0.295796358462288,-0.00962996369759949
16.2,11,590,14-Aug-2026 01:08:35,35.8,35.4743007213406,9.860975,22.503,-0.301774537207408,-0.00982459467686983
16.2,11,590,14-Aug-2026 01:08:32,36,35.672463861669,9.856072,22.50436,-0.262284662866401,-0.00853899363958153
16.2,11,590,14-Aug-2026 00:28:23,36.2,35.8706268097251,9.86773846153846,22.5040769230769,-0.222794788525391,-0.00725339260229318
16.2,11,700,14-Aug-2026 02:06:33,-0.1,-0.0990988599548819,17.9877,9.348,NaN,NaN
16.2,11,700,14-Aug-2026 02:05:33,0.02,0.0198197662161875,18.0916,0.652,NaN,NaN
16.2,11,700,14-Aug-2026 02:07:03,0.02,0.0198197662161875,18.034,9.458,NaN,NaN
16.2,11,700,14-Aug-2026 02:05:53,0.03,0.0297296486089114,18.0361,8.89,NaN,NaN
16.2,11,700,14-Aug-2026 02:06:13,0.03,0.0297296486089114,18.019,9.359,NaN,NaN
16.2,11,700,14-Aug-2026 02:06:23,0.03,0.0297296486089114,17.9969,9.173,NaN,NaN
16.2,11,700,14-Aug-2026 02:07:13,0.03,0.0297296486089114,18.0276,9.437,NaN,NaN
16.2,11,700,14-Aug-2026 02:05:43,0.04,0.0396395305118137,18.058,9.164,NaN,NaN
16.2,11,700,14-Aug-2026 02:06:43,0.04,0.0396395305118137,17.9968,9.404,NaN,NaN
16.2,11,700,14-Aug-2026 02:07:23,0.05,0.0495494119248564,18.0094,9.432,NaN,NaN
16.2,11,700,14-Aug-2026 02:06:03,0.06,0.0594592928736976,18.0338,9.333,NaN,NaN
16.2,11,700,14-Aug-2026 02:06:53,0.08,0.0792790533207813,18.0068,9.427,NaN,NaN
17.2,12,190,NaT,0,0,NaN,NaN,NaN,NaN
17.2,12,190,14-Aug-2026 02:33:05,0.2,0.198197575549084,18.96839,18.9872,NaN,NaN
17.2,12,190,14-Aug-2026 02:35:45,0.4,0.396394958602638,19.1617,18.937,NaN,NaN
17.2,12,190,14-Aug-2026 02:38:13,0.6,0.594592149189359,19.159,18.9474545454545,NaN,NaN
17.2,12,190,14-Aug-2026 02:38:40,0.8,0.792789147292957,19.15605,18.948,NaN,NaN
17.2,12,190,14-Aug-2026 02:38:55,1,0.990985952922833,19.1557727272727,18.9493636363636,NaN,NaN
17.2,12,190,14-Aug-2026 02:39:15,1.2,1.18918256608195,19.1551,18.951,NaN,NaN
17.2,12,190,14-Aug-2026 02:39:40,1.4,1.3873789867604,19.15648,18.9517,NaN,NaN
17.2,12,190,14-Aug-2026 02:40:00,1.6,1.58557521495471,19.1575,18.9525,NaN,NaN
17.2,12,190,14-Aug-2026 02:40:11,1.8,1.78377125068706,19.15823,18.9521,NaN,NaN
17.2,12,190,14-Aug-2026 02:40:26,2,1.98196709394753,19.1586833333333,18.953,NaN,NaN
17.2,12,190,14-Aug-2026 02:40:41,2.2,2.18016274473901,19.15924,18.953,NaN,NaN
17.2,12,190,14-Aug-2026 02:40:56,2.4,2.37835820305796,19.1598090909091,18.9533636363636,NaN,NaN
17.2,12,190,14-Aug-2026 02:41:13,2.6,2.57655346890084,19.1603090909091,18.954,NaN,NaN
17.2,12,190,14-Aug-2026 02:41:32,2.8,2.7747485422962,19.1604909090909,18.954,NaN,NaN
17.2,12,190,14-Aug-2026 02:41:53,3,2.97294342320192,19.16126,18.9548,NaN,NaN
17.2,12,190,14-Aug-2026 02:42:16,3.2,3.1711381116594,19.1611416666667,18.955,NaN,NaN
17.2,12,190,14-Aug-2026 02:42:41,3.4,3.36933260765859,19.1601076923077,18.955,NaN,NaN
17.2,12,190,14-Aug-2026 02:43:21,3.6,3.56752691117663,19.1569,18.955,NaN,NaN
17.2,12,190,14-Aug-2026 02:44:04,3.8,3.76572102225485,19.1501166666667,18.9568333333333,NaN,NaN
17.2,12,190,14-Aug-2026 02:44:56,4,3.9639149408575,19.1407545454545,18.9596363636364,NaN,NaN
17.2,12,190,14-Aug-2026 02:45:45,4.2,4.16210866700663,19.1345454545455,18.9624545454545,NaN,NaN
17.2,12,190,14-Aug-2026 02:46:35,4.4,4.360302200705,19.1291,18.9654,NaN,NaN
17.2,12,190,14-Aug-2026 02:47:26,4.6,4.55849554193609,19.12525,18.9669,NaN,NaN
17.2,12,190,14-Aug-2026 02:48:16,4.8,4.75668869070905,19.1231230769231,18.97,NaN,NaN
17.2,12,190,14-Aug-2026 02:48:51,5,4.95488164703947,19.12216,18.9709,NaN,NaN
17.2,12,190,14-Aug-2026 02:49:25,5.2,5.15307441091721,19.12133,18.972,NaN,NaN
17.2,12,190,14-Aug-2026 02:49:57,5.4,5.35126698233855,19.1203307692308,18.9735384615385,NaN,NaN
17.2,12,190,14-Aug-2026 02:50:16,5.6,5.54945936131259,19.11635,18.9785,NaN,NaN
17.2,12,190,14-Aug-2026 02:50:26,5.8,5.74765154782918,19.1123,18.9834285714286,NaN,NaN
17.2,12,190,14-Aug-2026 02:50:33,6,5.94584354191667,19.11446,18.9864,NaN,NaN
17.2,12,190,14-Aug-2026 02:50:41,6.2,6.14403534354558,19.114475,18.9880625,NaN,NaN
17.2,12,190,14-Aug-2026 02:50:48,6.4,6.34222695272499,19.1146357142857,18.989,NaN,NaN
17.2,12,190,14-Aug-2026 02:50:55,6.6,6.54041836945752,19.1119466666667,18.9897333333333,NaN,NaN
17.2,12,190,14-Aug-2026 02:51:04,6.8,6.7386095937522,19.12198,18.996,NaN,NaN
17.2,12,190,14-Aug-2026 02:51:12,7,6.93680062561165,19.1213545454545,18.9970909090909,NaN,NaN
17.2,12,190,14-Aug-2026 02:51:22,7.2,7.1349914650256,19.1126428571429,18.992,NaN,NaN
17.2,12,190,14-Aug-2026 02:51:32,7.4,7.33318211199662,19.1207181818182,18.9964545454545,NaN,NaN
17.2,12,190,14-Aug-2026 02:51:45,7.6,7.53137256654014,19.11995,18.99775,NaN,NaN
17.2,12,190,14-Aug-2026 02:51:59,7.8,7.72956282863301,19.1219538461538,18.9983076923077,NaN,NaN
17.2,12,190,14-Aug-2026 02:52:18,8,7.92775289829704,19.12396,19.0148,NaN,NaN
17.2,12,190,14-Aug-2026 02:52:50,8.2,8.12594277552191,19.0749909090909,19.0442727272727,NaN,NaN
17.2,12,190,14-Aug-2026 02:53:30,8.4,8.32413246031655,19.0420818181818,19.0575454545455,NaN,NaN
17.2,12,190,14-Aug-2026 02:55:25,8.6,8.52232195267705,19.0682,19.054,NaN,NaN
17.2,12,190,14-Aug-2026 02:55:35,8.8,8.7205112526059,19.0010909090909,19.0643636363636,NaN,NaN
17.2,12,190,14-Aug-2026 02:55:50,9,8.91870036010559,18.9470916666667,19.0759166666667,NaN,NaN
17.2,12,190,14-Aug-2026 02:56:10,9.2,9.11688927518497,18.8936,19.0869,NaN,NaN
17.2,12,190,14-Aug-2026 02:58:42,9.4,9.31507799782726,18.83415,19.098,NaN,NaN
17.2,12,190,14-Aug-2026 03:00:35,9.6,9.51326652803489,18.7657875,19.127125,NaN,NaN
17.2,12,190,14-Aug-2026 03:00:44,9.8,9.71145486583598,18.64274,19.1922,NaN,NaN
17.2,12,190,14-Aug-2026 03:00:55,10,9.90964301120082,18.5853333333333,19.204,NaN,NaN
17.2,12,190,14-Aug-2026 03:01:07,10.2,10.1078309641511,18.5592,19.2245714285714,NaN,NaN
17.2,12,190,14-Aug-2026 03:01:26,10.4,10.3060187246635,18.5300909090909,19.2534545454545,NaN,NaN
17.2,12,190,14-Aug-2026 03:02:59,10.6,10.5042062927725,18.53009,19.2726,NaN,NaN
17.2,12,190,14-Aug-2026 03:05:38,10.8,10.7023936684484,18.5333933333333,19.2826,NaN,NaN
17.2,12,190,14-Aug-2026 03:05:44,11,10.9005808517193,18.5397,19.2987142857143,NaN,NaN
17.2,12,190,14-Aug-2026 03:05:50,11.2,11.0987678425617,18.5333153846154,19.3060769230769,NaN,NaN
17.2,12,190,14-Aug-2026 03:05:56,11.4,11.2969546410037,18.5230733333333,19.3107333333333,NaN,NaN
17.2,12,190,14-Aug-2026 03:06:01,11.6,11.4951412470155,18.5223769230769,19.3106923076923,NaN,NaN
17.2,12,190,14-Aug-2026 03:06:09,11.8,11.6933276606186,18.5113,19.309,NaN,NaN
17.2,12,190,14-Aug-2026 03:06:16,12,11.8915138818154,18.5033,19.312,NaN,NaN
17.2,12,190,14-Aug-2026 03:06:22,12.2,12.0896999105889,18.5024545454545,19.3105454545455,NaN,NaN
17.2,12,190,14-Aug-2026 03:06:30,12.4,12.2878857469605,18.5116,19.30825,NaN,NaN
17.2,12,190,14-Aug-2026 03:06:39,12.6,12.4860713909198,18.5033571428571,19.3099285714286,NaN,NaN
17.2,12,190,14-Aug-2026 03:06:50,12.8,12.6842568424818,18.4981,19.311,NaN,NaN
17.2,12,190,14-Aug-2026 03:07:03,13,12.8824421016166,18.4957333333333,19.3103333333333,NaN,NaN
17.2,12,190,14-Aug-2026 03:09:36,13.2,13.0806271683585,18.48998,19.3108,NaN,NaN
17.2,12,190,14-Aug-2026 03:14:01,13.4,13.278812042697,18.4889333333333,19.3114166666667,NaN,NaN
17.2,12,190,14-Aug-2026 03:15:18,13.6,13.476996724647,18.4668857142857,19.3745,NaN,NaN
17.2,12,190,14-Aug-2026 03:15:26,13.8,13.6751812141786,18.39355,19.5723,NaN,NaN
17.2,12,190,14-Aug-2026 03:15:35,14,13.8733655113132,18.3731,19.6,NaN,NaN
17.2,12,190,14-Aug-2026 03:17:51,14.2,14.0715496160402,18.3623,19.6176153846154,NaN,NaN
17.2,12,190,14-Aug-2026 03:20:14,14.4,14.269733528381,18.24045,19.697,NaN,NaN
17.2,12,190,14-Aug-2026 03:20:24,14.6,14.4679172483184,18.2324769230769,19.6978461538462,NaN,NaN
17.2,12,190,14-Aug-2026 03:21:42,14.8,14.6661007758609,18.2021818181818,19.7043636363636,NaN,NaN
17.2,12,190,14-Aug-2026 03:25:15,15,14.8642841110043,17.9295571428571,19.8307142857143,NaN,NaN
17.2,12,190,14-Aug-2026 03:25:27,15.2,15.0624672537699,17.0566,20.528,NaN,NaN
17.2,12,190,14-Aug-2026 03:25:49,15.4,15.2606502041341,16.1110083333333,20.9898333333333,NaN,NaN
17.2,12,190,14-Aug-2026 03:30:15,15.6,15.4588329621054,15.90502,21.0538,NaN,NaN
17.2,12,190,14-Aug-2026 03:30:22,15.8,15.6570155276859,15.6259166666667,21.1811666666667,NaN,NaN
17.2,12,190,14-Aug-2026 03:30:30,16,15.855197900884,15.42465625,21.348875,NaN,NaN
17.2,12,190,14-Aug-2026 03:30:42,16.2,16.0533800816824,15.25064,21.4783,NaN,NaN
17.2,12,190,14-Aug-2026 03:35:19,16.4,16.2515620701089,15.06235,21.5815833333333,NaN,NaN
17.2,12,190,14-Aug-2026 03:35:25,16.6,16.4497438661527,14.9753714285714,21.659,NaN,NaN
17.2,12,190,14-Aug-2026 03:35:32,16.8,16.6479254697964,14.87024375,21.721375,NaN,NaN
17.2,12,190,14-Aug-2026 03:35:40,17,16.8461068810614,14.6955923076923,21.7586923076923,NaN,NaN
17.2,12,190,14-Aug-2026 03:36:52,17.2,17.0442880999495,14.4379384615385,21.8097692307692,NaN,NaN
17.2,12,190,14-Aug-2026 03:40:20,17.4,17.2424691264628,14.05065,21.919,NaN,NaN
17.2,12,190,14-Aug-2026 03:40:27,17.6,17.4406499605967,13.79225,22.0165,NaN,NaN
17.2,12,190,14-Aug-2026 03:40:32,17.8,17.6388306023468,13.6926142857143,22.068,NaN,NaN
17.2,12,190,14-Aug-2026 03:40:38,18,17.8370110517151,13.65935,22.0925,NaN,NaN
17.2,12,190,14-Aug-2026 03:40:44,18.2,18.0351913087097,13.4407846153846,22.2040769230769,NaN,NaN
17.2,12,190,14-Aug-2026 03:40:52,18.4,18.2333713733455,13.3720909090909,22.2652727272727,NaN,NaN
17.2,12,190,14-Aug-2026 03:40:58,18.6,18.4315512455986,13.381,22.3068,NaN,NaN
17.2,12,190,14-Aug-2026 03:41:05,18.8,18.629730925471,13.2369333333333,22.373,NaN,NaN
17.2,12,190,14-Aug-2026 03:41:12,19,18.8279104129773,13.1233833333333,22.4183333333333,NaN,NaN
17.2,12,190,14-Aug-2026 03:41:19,19.2,19.0260897081193,13.1106,22.4156,NaN,NaN
17.2,12,190,14-Aug-2026 03:41:28,19.4,19.2242688108926,13.05725,22.4315,NaN,NaN
17.2,12,190,14-Aug-2026 03:41:37,19.6,19.4224477212988,13.0387,22.4273571428571,NaN,NaN
17.2,12,190,14-Aug-2026 03:41:48,19.8,19.6206264393334,12.9702,22.4005,NaN,NaN
17.2,12,190,14-Aug-2026 03:42:05,20,19.8188049650046,12.7107090909091,22.4374545454545,NaN,NaN
17.2,12,190,14-Aug-2026 03:42:31,20.2,20.0169832983142,12.6653,22.4128333333333,NaN,NaN
17.2,12,190,14-Aug-2026 03:43:46,20.4,20.215161439264,12.2350272727273,22.3678181818182,NaN,NaN
17.2,12,190,14-Aug-2026 03:44:27,20.6,20.4133393878363,11.8229307692308,22.3433846153846,NaN,NaN
17.2,12,190,14-Aug-2026 03:44:50,20.8,20.6115171440652,11.6370181818182,22.3304545454545,NaN,NaN
17.2,12,190,14-Aug-2026 03:45:07,21,20.8096947079266,11.5781,22.324,NaN,NaN
17.2,12,190,14-Aug-2026 03:45:32,21.2,21.0078720794479,11.54558,22.3211,NaN,NaN
17.2,12,190,14-Aug-2026 03:46:02,21.4,21.206049258586,11.4718727272727,22.3157272727273,NaN,NaN
17.2,12,190,14-Aug-2026 03:46:26,21.6,21.4042262453874,11.34842,22.2988,NaN,NaN
17.2,12,190,14-Aug-2026 03:46:50,21.8,21.6024030398282,11.18435,22.305,NaN,NaN
17.2,12,190,14-Aug-2026 03:47:09,22,21.8005796419164,11.1248,22.343,NaN,NaN
17.2,12,190,14-Aug-2026 03:47:27,22.2,21.9987560516536,11.1087,22.348,NaN,NaN
17.2,12,190,14-Aug-2026 03:47:45,22.4,22.1969322690417,11.08576,22.3426,NaN,NaN
17.2,12,190,14-Aug-2026 03:48:01,22.6,22.395108294082,11.0381333333333,22.3466666666667,NaN,NaN
17.2,12,190,14-Aug-2026 03:48:21,22.8,22.5932841267636,11.0320636363636,22.3371818181818,NaN,NaN
17.2,12,190,14-Aug-2026 03:48:44,23,22.7914597671136,10.9991454545455,22.3543636363636,NaN,NaN
17.2,12,190,14-Aug-2026 03:49:03,23.2,22.9896352151015,11.0137,22.362,NaN,NaN
17.2,12,190,14-Aug-2026 03:49:20,23.4,23.1878104707546,11.0285272727273,22.3669090909091,NaN,NaN
17.2,12,190,14-Aug-2026 03:49:38,23.6,23.3859855340681,11.0368,22.3735,NaN,NaN
17.2,12,190,14-Aug-2026 03:49:55,23.8,23.5841604050242,11.0404272727273,22.3742727272727,NaN,NaN
17.2,12,190,14-Aug-2026 03:50:10,24,23.7823350836502,11.04205,22.37575,NaN,NaN
17.2,12,190,14-Aug-2026 03:50:17,24.2,23.9805095699347,11.0414266666667,22.378,NaN,NaN
17.2,12,190,14-Aug-2026 03:50:22,24.4,24.1786838638858,11.04028,22.3786,NaN,NaN
17.2,12,190,14-Aug-2026 03:50:27,24.6,24.3768579654856,11.0425,22.38,NaN,NaN
17.2,12,190,14-Aug-2026 03:50:31,24.8,24.5750318747613,11.0599,22.383,NaN,NaN
17.2,12,190,14-Aug-2026 03:50:34,25,24.7732055917016,11.0582235294118,22.3872941176471,NaN,NaN
17.2,12,190,14-Aug-2026 03:50:39,25.2,24.9713791163016,11.0677,22.39,NaN,NaN
17.2,12,190,14-Aug-2026 03:50:42,25.4,25.169552448569,11.0641818181818,22.3921818181818,NaN,NaN
17.2,12,190,14-Aug-2026 03:50:47,25.6,25.3677255885182,10.9811,22.397,NaN,NaN
17.2,12,190,14-Aug-2026 03:50:50,25.8,25.565898536125,10.9711909090909,22.3951818181818,NaN,NaN
17.2,12,190,14-Aug-2026 03:50:55,26,25.7640712913971,10.87575,22.4161,NaN,NaN
17.2,12,190,14-Aug-2026 03:50:59,26.2,25.9622438543425,10.8546,22.408,NaN,NaN
17.2,12,190,14-Aug-2026 03:51:03,26.4,26.1604162249753,10.8568,22.4032,NaN,NaN
17.2,12,190,14-Aug-2026 03:51:07,26.6,26.3585884032649,10.86273,22.3964,NaN,NaN
17.2,12,190,14-Aug-2026 03:51:12,26.8,26.5567603892446,10.8508764705882,22.4047058823529,NaN,NaN
17.2,12,190,14-Aug-2026 03:51:16,27,26.7549321828902,10.8630333333333,22.399,NaN,NaN
17.2,12,190,14-Aug-2026 03:51:21,27.2,26.9531037842159,10.8521,22.407,NaN,NaN
17.2,12,190,14-Aug-2026 03:51:25,27.4,27.1512751932166,10.8536647058824,22.4026470588235,NaN,NaN
17.2,12,190,14-Aug-2026 03:51:30,27.6,27.3494464099193,10.8488375,22.40325,NaN,NaN
17.2,12,190,14-Aug-2026 03:51:34,27.8,27.5476174342867,10.8252181818182,22.4124545454545,NaN,NaN
17.2,12,190,14-Aug-2026 03:51:40,28,27.745788266333,10.7584,22.4283333333333,NaN,NaN
17.2,12,190,14-Aug-2026 03:51:46,28.2,27.9439589060724,10.7402461538462,22.4199230769231,NaN,NaN
17.2,12,190,14-Aug-2026 03:51:50,28.4,28.1421293534805,10.7352769230769,22.4217692307692,NaN,NaN
17.2,12,190,14-Aug-2026 03:51:56,28.6,28.3402996085904,10.725,22.4095714285714,NaN,NaN
17.2,12,190,14-Aug-2026 03:52:02,28.8,28.5384696713844,10.6890181818182,22.4234545454545,NaN,NaN
17.2,12,190,14-Aug-2026 03:52:08,29,28.7366395418636,10.6737,22.4345,NaN,NaN
17.2,12,190,14-Aug-2026 03:52:14,29.2,28.934809220042,10.69042,22.4342,NaN,NaN
17.2,12,190,14-Aug-2026 03:52:20,29.4,29.1329787058952,10.69349375,22.44025,NaN,NaN
17.2,12,190,14-Aug-2026 03:52:27,29.6,29.3311479994501,10.69635,22.449,NaN,NaN
17.2,12,190,14-Aug-2026 03:52:34,29.8,29.5293171006951,10.6875545454545,22.4494545454545,NaN,NaN
17.2,12,190,14-Aug-2026 03:52:41,30,29.7274860096376,10.62786,22.459,NaN,NaN
17.2,12,190,14-Aug-2026 03:52:49,30.2,29.9256547262789,10.5322428571429,22.4657142857143,NaN,NaN
17.2,12,190,14-Aug-2026 03:52:58,30.4,30.1238232506009,10.5503727272727,22.4516363636364,NaN,NaN
17.2,12,190,14-Aug-2026 03:53:06,30.6,30.3219915826432,10.52225,22.422625,NaN,NaN
17.2,12,190,14-Aug-2026 03:53:16,30.8,30.5201597223684,10.3725416666667,22.4548333333333,NaN,NaN
17.2,12,190,14-Aug-2026 03:53:25,31,30.7183276698033,10.3574166666667,22.4578333333333,NaN,NaN
17.2,12,190,14-Aug-2026 03:53:36,31.2,30.9164954249361,10.2777857142857,22.4505714285714,NaN,NaN
17.2,12,190,14-Aug-2026 03:53:45,31.4,31.114662987768,10.2393,22.4547,NaN,NaN
17.2,12,190,14-Aug-2026 03:53:56,31.6,31.3128303583065,10.1878538461538,22.4494615384615,NaN,NaN
17.2,12,190,14-Aug-2026 03:54:04,31.8,31.5109975365525,10.1065153846154,22.4566153846154,NaN,NaN
17.2,12,190,14-Aug-2026 03:54:13,32,31.7091645225008,10.0567461538462,22.4543076923077,NaN,NaN
17.2,12,190,14-Aug-2026 03:54:22,32.2,31.9073313161587,9.98122857142857,22.4757857142857,NaN,NaN
17.2,12,190,14-Aug-2026 03:54:31,32.4,32.1054979175274,9.94200909090909,22.4868181818182,NaN,NaN
17.2,12,190,14-Aug-2026 03:54:41,32.6,32.3036643266014,9.93001818181818,22.4909090909091,NaN,NaN
17.2,12,190,14-Aug-2026 03:54:55,32.8,32.5018305433944,9.91974,22.4931,NaN,NaN
17.2,12,190,14-Aug-2026 03:55:15,33,32.6999965678948,9.90976363636364,22.495,NaN,NaN
17.2,12,190,14-Aug-2026 04:00:22,33.2,32.8981624001098,9.89975,22.497,NaN,NaN
17.2,12,190,14-Aug-2026 04:00:27,33.4,33.0963280400341,9.9022,22.497,NaN,NaN
17.2,12,190,14-Aug-2026 04:00:31,33.6,33.2944934876813,9.9033,22.497,NaN,NaN
17.2,12,190,14-Aug-2026 04:00:35,33.8,33.4926587430396,9.90245,22.4975,NaN,NaN
17.2,12,190,14-Aug-2026 04:00:39,34,33.6908238061228,9.9015,22.4975,NaN,NaN
17.2,12,190,14-Aug-2026 04:00:42,34.2,33.8889886769189,9.90185,22.497,NaN,NaN
17.2,12,190,14-Aug-2026 04:00:46,34.4,34.0871533554416,9.90106923076923,22.4977692307692,NaN,NaN
17.2,12,190,14-Aug-2026 04:00:50,34.6,34.2853178416727,9.90155,22.4972272727273,NaN,NaN
17.2,12,190,14-Aug-2026 04:00:53,34.8,34.4834821356386,9.90022857142857,22.4977142857143,NaN,NaN
17.2,12,190,14-Aug-2026 04:00:57,35,34.6816462373338,9.89923478260869,22.4986086956522,NaN,NaN
17.2,12,190,14-Aug-2026 04:01:01,35.2,34.8798101467398,9.899165,22.499,NaN,NaN
17.2,12,190,14-Aug-2026 04:01:05,35.4,35.0779738638832,9.89965,22.4985,NaN,NaN
17.2,12,190,14-Aug-2026 04:01:08,35.6,35.276137388752,9.899955,22.498,NaN,NaN
17.2,12,190,14-Aug-2026 04:01:12,35.8,35.4743007213406,9.89855,22.4995,NaN,NaN
17.2,12,190,14-Aug-2026 04:01:16,36,35.672463861669,9.89874761904762,22.4991904761905,NaN,NaN
17.2,12,190,14-Aug-2026 04:01:19,36.2,35.8706268097251,9.89892380952381,22.499,NaN,NaN
17.2,12,290,16-Aug-2026 18:16:15,36.04,35.71209646666,9.8082,22.502,-0.229621952522902,-0.00747571525798136
17.2,12,290,16-Aug-2026 15:16:12,36.07,35.7418209153528,9.7297,22.51,-0.220569526827863,-0.00718111161194033
17.2,12,290,16-Aug-2026 17:16:14,36.07,35.7418209153528,9.7864,22.504,-0.232884978791806,-0.00758198053010924
17.2,12,290,16-Aug-2026 19:16:16,36.07,35.7418209153528,9.802,22.502,-0.217725804622528,-0.00708841789183641
17.2,12,290,16-Aug-2026 20:16:17,36.07,35.7418209153528,9.7433,22.508,-0.222925902023015,-0.00725780543424792
17.2,12,290,15-Aug-2026 09:15:43,36.08,35.7517290639658,9.7397,22.508,-0.228683575073412,-0.00744527087853895
17.2,12,290,15-Aug-2026 11:15:45,36.08,35.7517290639658,9.7453,22.505,-0.23515398050908,-0.00765590051432942
17.2,12,290,16-Aug-2026 16:16:13,36.08,35.7517290639658,9.766,22.505,-0.220064069552444,-0.00716459890539771
17.2,12,290,15-Aug-2026 10:15:44,36.09,35.7616372120871,9.7549,22.507,-0.229604440740184,-0.00747522538676226
17.2,12,290,16-Aug-2026 13:16:10,36.09,35.7616372120871,9.6776,22.515,-0.225994456889058,-0.00735782060079094
17.2,12,290,18-Aug-2026 16:17:03,36.09,35.7616372120871,10.0071,22.462,-0.211876978882759,-0.00689760411033969
17.2,12,290,15-Aug-2026 08:15:42,36.1,35.7715453597358,9.7302,22.508,-0.232702960281038,-0.00757613054678237
17.2,12,290,15-Aug-2026 12:15:46,36.1,35.7715453597358,9.7567,22.507,-0.22799974386128,-0.00742297487523378
17.2,12,290,16-Aug-2026 14:16:11,36.1,35.7715453597358,9.722,22.511,-0.226137617694467,-0.0073624091912543
17.2,12,290,18-Aug-2026 15:17:02,36.1,35.7715453597358,10.0259,22.46,-0.206037241110702,-0.00670744912555596
17.2,12,290,18-Aug-2026 17:17:04,36.1,35.7715453597358,10.0111,22.461,-0.200821814200225,-0.00653768497731189
17.2,12,290,18-Aug-2026 18:17:04,36.1,35.7715453597358,10.0567,22.459,-0.193514560657705,-0.00629974787397657
17.2,12,290,16-Aug-2026 10:16:07,36.11,35.7814535068928,9.6942,22.513,-0.225367802221481,-0.00733738102020211
17.2,12,290,16-Aug-2026 21:16:18,36.11,35.7814535068928,9.8856,22.502,-0.213271800857281,-0.00694333363834679
17.2,12,290,19-Aug-2026 00:17:10,36.11,35.7814535068928,9.7589,22.501,NaN,NaN
17.2,12,290,15-Aug-2026 13:15:47,36.12,35.7913616535707,9.6979,22.512,-0.229390062889928,-0.00746832911487343
17.2,12,290,16-Aug-2026 12:16:09,36.12,35.7913616535707,9.6697,22.516,-0.227556005557135,-0.00740868046725049
17.2,12,290,17-Aug-2026 13:16:36,36.12,35.7913616535707,10.0958,22.47,-0.216372628969211,-0.00704390557751336
17.2,12,290,17-Aug-2026 15:16:38,36.12,35.7913616535707,10.1163,22.466,-0.211913763397949,-0.00689870066969368
17.2,12,290,18-Aug-2026 21:17:07,36.12,35.7913616535707,9.9655,22.474,-0.21079085194233,-0.00686233230446765
17.2,12,290,16-Aug-2026 22:16:19,36.13,35.801269799776,9.9103,22.481,-0.220463367036638,-0.00717732284397749
17.2,12,290,17-Aug-2026 14:16:37,36.13,35.801269799776,10.1209,22.465,-0.205578381089946,-0.00669246034076545
17.2,12,290,17-Aug-2026 16:16:39,36.13,35.801269799776,10.0498,22.476,-0.212354201069743,-0.00691311901927448
17.2,12,290,18-Aug-2026 14:17:01,36.13,35.801269799776,10.0736,22.457,-0.199828318999513,-0.00650526890663199
17.2,12,290,18-Aug-2026 19:17:05,36.13,35.801269799776,10.0209,22.462,-0.205754194055721,-0.00669824426381805
17.2,12,290,18-Aug-2026 22:17:08,36.13,35.801269799776,9.9104,22.482,-0.192990151584851,-0.00628292321258528
17.2,12,290,15-Aug-2026 14:15:48,36.14,35.8111779454893,9.704,22.511,-0.233372184372466,-0.00759797092125079
17.2,12,290,16-Aug-2026 09:16:06,36.14,35.8111779454893,9.693,22.512,-0.234894429261607,-0.00764754721455214
17.2,12,290,16-Aug-2026 11:16:08,36.14,35.8111779454893,9.6732,22.515,-0.230903613498245,-0.0075176343609018
17.2,12,290,16-Aug-2026 23:16:20,36.14,35.8111779454893,9.8831,22.488,-0.211689217258245,-0.00689172796759485
17.2,12,290,18-Aug-2026 12:16:59,36.14,35.8111779454893,10.1743,22.453,-0.199236387020798,-0.00648590599839711
17.2,12,290,18-Aug-2026 20:17:06,36.14,35.8111779454893,10.0233,22.464,-0.199695787311154,-0.00650103631657832
17.2,12,290,15-Aug-2026 07:15:41,36.15,35.8210860907428,9.7232,22.509,-0.238325555016573,-0.00775920587088142
17.2,12,290,18-Aug-2026 23:17:09,36.15,35.8210860907428,9.7533,22.503,-0.217345619825244,-0.0070760940861057
17.2,12,290,17-Aug-2026 12:16:35,36.16,35.8309942354914,10.0712,22.473,-0.19994611070693,-0.00650918109697762
17.2,12,290,18-Aug-2026 13:17:00,36.16,35.8309942354914,10.097,22.454,-0.196664366992164,-0.00640223565640122
17.2,12,290,17-Aug-2026 17:16:40,36.17,35.8409023797736,10.0635,22.473,-0.20130152906427,-0.00655331784285662
17.2,12,290,18-Aug-2026 03:16:50,36.17,35.8409023797736,10.0065,22.481,-0.19877296284461,-0.006471093297566
17.2,12,290,18-Aug-2026 05:16:52,36.18,35.8508105235701,10.0586,22.467,-0.210681073509228,-0.0068586427160185
17.2,12,290,15-Aug-2026 06:15:40,36.19,35.8607186668873,9.7096,22.509,-0.227836878636325,-0.00741773466742032
17.2,12,290,15-Aug-2026 15:15:49,36.19,35.8607186668873,9.7029,22.511,-0.226924363706704,-0.00738805612688981
17.2,12,290,17-Aug-2026 22:16:45,36.19,35.8607186668873,9.9488,22.49,-0.207937422946208,-0.00676955007172887
17.2,12,290,15-Aug-2026 16:15:50,36.2,35.8706268097251,9.7934,22.501,-0.231328525021681,-0.00753128374113493
17.2,12,290,15-Aug-2026 19:15:53,36.2,35.8706268097251,9.801,22.502,-0.237872884794246,-0.00774434532793152
17.2,12,290,15-Aug-2026 23:15:57,36.2,35.8706268097251,9.619,22.526,-0.243406928281187,-0.00792486407808513
17.2,12,290,17-Aug-2026 00:16:22,36.2,35.8706268097251,9.9572,22.492,-0.215791965545284,-0.00702526949769177
17.2,12,290,17-Aug-2026 18:16:41,36.2,35.8706268097251,10.0322,22.478,-0.205857119820532,-0.00670167965218978
17.2,12,290,17-Aug-2026 20:16:43,36.2,35.8706268097251,10.0021,22.487,-0.206620088552747,-0.00672659262648194
17.2,12,290,18-Aug-2026 02:16:49,36.2,35.8706268097251,9.9445,22.485,-0.20766935105606,-0.00676079749014596
17.2,12,290,18-Aug-2026 10:16:57,36.2,35.8706268097251,10.2088,22.453,-0.200968557788787,-0.0065422568973318
17.2,12,290,18-Aug-2026 11:16:58,36.2,35.8706268097251,10.211,22.455,-0.195635231170461,-0.00636863789428272
17.2,12,290,15-Aug-2026 17:15:51,36.21,35.8805349520771,9.8128,22.5,-0.228139649335516,-0.00742744145049914
17.2,12,290,15-Aug-2026 22:15:56,36.21,35.8805349520771,9.751,22.505,-0.221666032555291,-0.00721677268018988
17.2,12,290,16-Aug-2026 07:16:04,36.21,35.8805349520771,9.6834,22.514,-0.224464408752965,-0.00730799750161614
17.2,12,290,16-Aug-2026 08:16:05,36.21,35.8805349520771,9.7004,22.51,-0.229426275782044,-0.00746950075934182
17.2,12,290,17-Aug-2026 11:16:34,36.21,35.8805349520771,10.0685,22.468,-0.219351898081158,-0.00714090751134985
17.2,12,290,17-Aug-2026 23:16:46,36.21,35.8805349520771,9.8848,22.491,-0.213146100622899,-0.00693918768297987
17.2,12,290,18-Aug-2026 00:16:47,36.21,35.8805349520771,9.87,22.49,-0.210624706008295,-0.0068571051236674
17.2,12,290,18-Aug-2026 04:16:51,36.21,35.8805349520771,10.0321,22.475,-0.212300416750056,-0.00691141520612134
17.2,12,290,18-Aug-2026 06:16:53,36.21,35.8805349520771,10.1093,22.462,-0.205314401563028,-0.00668385495206265
17.2,12,290,18-Aug-2026 07:16:55,36.21,35.8805349520771,10.107,22.466,-0.197864772811983,-0.00644135534193772
17.2,12,290,18-Aug-2026 08:16:56,36.21,35.8805349520771,10.1188,22.459,-0.215821233215438,-0.00702587111460647
17.2,12,290,14-Aug-2026 10:15:19,36.22,35.8904430939497,9.914,22.493,-0.252735858581043,-0.00822805046017471
17.2,12,290,15-Aug-2026 05:15:39,36.22,35.8904430939497,9.6806,22.514,-0.236542054256654,-0.00770121553078037
17.2,12,290,17-Aug-2026 19:16:42,36.22,35.8904430939497,10.0155,22.479,-0.205002586186104,-0.00667388508198286
17.2,12,290,18-Aug-2026 09:16:57,36.22,35.8904430939497,10.0975,22.463,-0.211682286183576,-0.00689114827408818
17.2,12,290,14-Aug-2026 09:15:18,36.23,35.9003512353493,9.9106,22.494,-0.248715586706388,-0.00809717292997452
17.2,12,290,15-Aug-2026 00:15:34,36.23,35.9003512353493,9.745,22.513,-0.233619016594829,-0.00760597008167253
17.2,12,290,15-Aug-2026 20:15:54,36.23,35.9003512353493,9.7372,22.507,-0.240757761983487,-0.00783837195745331
17.2,12,290,15-Aug-2026 21:15:55,36.23,35.9003512353493,9.7709,22.505,-0.231953825268756,-0.00755169924145415
17.2,12,290,18-Aug-2026 01:16:48,36.23,35.9003512353493,9.8886,22.487,-0.205194171696812,-0.00668028322745154
17.2,12,290,14-Aug-2026 08:15:17,36.24,35.9102593762693,9.9427,22.489,-0.23351652504267,-0.00760230268141342
17.2,12,290,14-Aug-2026 11:15:20,36.24,35.9102593762693,9.9011,22.494,-0.250286742563817,-0.00814833485431575
17.2,12,290,14-Aug-2026 21:15:30,36.24,35.9102593762693,9.7665,22.513,-0.235237878795506,-0.00765868588182983
17.2,12,290,14-Aug-2026 22:15:31,36.24,35.9102593762693,9.662,22.525,-0.255960155025046,-0.0083335127434626
17.2,12,290,15-Aug-2026 03:15:37,36.24,35.9102593762693,9.6644,22.521,-0.243809674636795,-0.00793789521468986
17.2,12,290,15-Aug-2026 18:15:52,36.24,35.9102593762693,9.8185,22.5,-0.220266422621992,-0.00717111643048712
17.2,12,290,17-Aug-2026 01:16:23,36.24,35.9102593762693,9.9333,22.496,-0.210587573550945,-0.00685585211852507
17.2,12,290,17-Aug-2026 21:16:44,36.24,35.9102593762693,9.9886,22.491,-0.212003702449671,-0.00690188946657205
17.2,12,290,14-Aug-2026 12:15:21,36.25,35.9201675167033,9.8845,22.497,-0.241372972960116,-0.00785817814851169
17.2,12,290,14-Aug-2026 23:15:33,36.25,35.9201675167033,9.705,22.523,-0.253591548191771,-0.00825633795510115
17.2,12,290,15-Aug-2026 02:15:36,36.25,35.9201675167033,9.6793,22.517,-0.234145084813603,-0.0076232044787046
17.2,12,290,16-Aug-2026 00:15:58,36.25,35.9201675167033,9.7611,22.501,-0.219122441305328,-0.00713394934440418
17.2,12,290,16-Aug-2026 06:16:04,36.25,35.9201675167033,9.6592,22.517,-0.227540987878397,-0.00740820033689587
17.2,12,290,14-Aug-2026 06:15:11,36.26,35.9300756566513,9.8957,22.497,NaN,NaN
17.2,12,290,14-Aug-2026 07:15:16,36.26,35.9300756566513,9.8986,22.494,-0.189887537199275,-0.00618197838539503
17.2,12,290,14-Aug-2026 13:15:22,36.26,35.9300756566513,9.8754,22.499,-0.250987625673225,-0.00817121825258703
17.2,12,290,15-Aug-2026 04:15:38,36.26,35.9300756566513,9.6593,22.522,-0.246226332522251,-0.00801657110760311
17.2,12,290,15-Aug-2026 01:15:35,36.27,35.9399837961197,9.7031,22.521,-0.237440921756843,-0.00773050030887306
17.2,12,290,16-Aug-2026 02:16:00,36.27,35.9399837961197,9.7097,22.512,-0.231768088010119,-0.00754574423851003
17.2,12,290,17-Aug-2026 03:16:25,36.27,35.9399837961197,9.7458,22.509,-0.228347756787733,-0.00743434603185293
17.2,12,290,17-Aug-2026 09:16:32,36.27,35.9399837961197,10.0573,22.472,-0.202749420942206,-0.00660045893064288
17.2,12,290,17-Aug-2026 10:16:33,36.27,35.9399837961197,10.0644,22.466,-0.201522670118737,-0.00656048421804369
17.2,12,290,14-Aug-2026 14:15:23,36.28,35.9498919351148,9.87,22.502,-0.242932489921204,-0.0079089912557085
17.2,12,290,14-Aug-2026 15:15:24,36.28,35.9498919351148,9.8668,22.503,-0.240487882710197,-0.00782942068250012
17.2,12,290,14-Aug-2026 20:15:29,36.28,35.9498919351148,9.8644,22.5,-0.236455745114214,-0.00769813192732817
17.2,12,290,16-Aug-2026 01:15:59,36.28,35.9498919351148,9.687,22.517,-0.230945833204071,-0.00751902225894872
17.2,12,290,16-Aug-2026 03:16:01,36.29,35.9598000736237,9.7397,22.505,-0.224641648882829,-0.00731366865863755
17.2,12,290,16-Aug-2026 05:16:03,36.29,35.9598000736237,9.6683,22.515,-0.230026720149139,-0.00748910879427536
17.2,12,290,17-Aug-2026 02:16:24,36.29,35.9598000736237,9.827,22.492,-0.231520320052911,-0.00753743012999745
17.2,12,290,14-Aug-2026 18:15:27,36.3,35.9697082116593,9.8057,22.504,-0.240322179060607,-0.00782408687094145
17.2,12,290,14-Aug-2026 19:15:28,36.3,35.9697082116593,9.7131,22.521,-0.248000452813492,-0.00807428493639403
17.2,12,290,14-Aug-2026 17:15:26,36.31,35.9796163491959,9.8753,22.495,-0.238923378482766,-0.00777843155040486
17.2,12,290,14-Aug-2026 16:15:25,36.32,35.9895244862782,9.8709,22.499,-0.244509124937701,-0.00796031720956083
17.2,12,290,16-Aug-2026 04:16:02,36.32,35.9895244862782,9.6995,22.513,-0.225354474128567,-0.00733695352582526
17.2,12,290,17-Aug-2026 04:16:26,36.33,35.9994326228614,9.9443,22.506,-0.205405265308841,-0.00668720853692195
17.2,12,290,17-Aug-2026 07:16:30,36.33,35.9994326228614,10.0105,22.478,-0.22230651682829,-0.00723722361338982
17.2,12,290,17-Aug-2026 08:16:31,36.33,35.9994326228614,10.0344,22.471,-0.205833555082618,-0.0067008800934871
17.2,12,290,17-Aug-2026 05:16:27,36.34,36.0093407589711,9.9947,22.494,-0.20868371742639,-0.00679385275380944
17.2,12,290,17-Aug-2026 06:16:28,36.34,36.0093407589711,10.0137,22.487,-0.205877203968298,-0.0067024293566371
17.2,12,590,NaT,0,0,NaN,NaN,NaN,NaN
17.2,12,590,NaT,0.2,0.198197575549084,NaN,NaN,238.913400383454,7.74250770295268
17.2,12,590,19-Aug-2026 01:39:15,0.4,0.396394958602638,19.0211615384615,18.9439230769231,238.084446297218,7.71608253657854
17.2,12,590,19-Aug-2026 01:39:09,0.6,0.594592149189359,19.0237857142857,18.9424285714286,237.728234865693,7.70443553156257
17.2,12,590,19-Aug-2026 01:39:04,0.8,0.792789147292957,19.0286,18.941,237.324670464182,7.69115315419589
17.2,12,590,19-Aug-2026 01:38:58,1,0.990985952922833,19.03084,18.8476,237.029023857252,7.68152850200131
17.2,12,590,19-Aug-2026 01:38:52,1.2,1.18918256608195,19.0316833333333,18.8718333333333,236.733377250322,7.67190384980673
17.2,12,590,19-Aug-2026 01:38:48,1.4,1.3873789867604,19.0299,18.942,236.170879811384,7.65407648786459
17.2,12,590,19-Aug-2026 01:38:41,1.6,1.58557521495471,19.0290571428571,18.9431428571429,235.674500320053,7.63800746976255
17.2,12,590,19-Aug-2026 01:38:36,1.8,1.78377125068706,19.03,18.943,235.246507320439,7.62413477322921
17.2,12,590,19-Aug-2026 01:38:30,2,1.98196709394753,19.0296866666667,18.9422666666667,234.891889283651,7.6126505314584
17.2,12,590,19-Aug-2026 01:38:24,2.2,2.18016274473901,19.02764,18.943,234.449429031732,7.5983184295878
17.2,12,590,19-Aug-2026 01:38:19,2.4,2.37835820305796,19.0306705882353,18.943,233.919866292186,7.58116242641931
17.2,12,590,19-Aug-2026 01:38:14,2.6,2.57655346890084,19.0305466666667,18.9432666666667,233.349052898248,7.56266754265168
17.2,12,590,19-Aug-2026 01:38:09,2.8,2.7747485422962,19.0359642857143,18.9446428571429,232.736249122411,7.54280981948301
17.2,12,590,19-Aug-2026 01:38:03,3,2.97294342320192,19.0406066666667,18.9488666666667,232.125929089824,7.52305332448063
17.2,12,590,19-Aug-2026 01:37:58,3.2,3.1711381116594,19.0463857142857,18.947,231.503641120828,7.50288638987866
17.2,12,590,19-Aug-2026 01:37:52,3.4,3.36933260765859,19.0453923076923,18.9488461538462,230.55560486492,7.4721677264482
17.2,12,590,19-Aug-2026 01:37:47,3.6,3.56752691117663,19.0453214285714,18.947,229.767932479484,7.44665373160246
17.2,12,590,19-Aug-2026 01:37:40,3.8,3.76572102225485,19.0465818181818,18.9502727272727,229.140623964521,7.42634440534144
17.2,12,590,19-Aug-2026 01:37:34,4,3.9639149408575,19.04781875,18.948,228.214427511018,7.39631674126933
17.2,12,590,19-Aug-2026 01:37:26,4.2,4.16210866700663,19.05006875,18.95475,226.645630695319,7.34556187875741
17.2,12,590,19-Aug-2026 01:37:19,4.4,4.360302200705,19.0513545454545,18.9653636363636,225.585994060462,7.31134607977465
17.2,12,590,19-Aug-2026 01:37:11,4.6,4.55849554193609,19.0492846153846,18.9805384615385,224.863413443725,7.28796983766207
17.2,12,590,19-Aug-2026 01:37:03,4.8,4.75668869070905,19.0316363636364,18.9842727272727,224.096084473765,7.26317663540093
17.2,12,590,19-Aug-2026 01:36:56,5,4.95488164703947,19.0129571428571,18.9924285714286,223.013951424418,7.22819151663752
17.2,12,590,19-Aug-2026 01:36:47,5.2,5.15307441091721,18.9985285714286,18.9952857142857,221.85873572594,7.19080711253792
17.2,12,590,19-Aug-2026 01:36:40,5.4,5.35126698233855,18.9585,18.998,220.900493104493,7.15979837945586
17.2,12,590,19-Aug-2026 01:36:32,5.6,5.54945936131259,18.9557,18.9982727272727,218.532627470772,7.083094946778
17.2,12,590,19-Aug-2026 01:36:26,5.8,5.74765154782918,18.95045,18.99825,216.939848410918,7.03150497160586
17.2,12,590,19-Aug-2026 01:36:21,6,5.94584354191667,18.9405666666667,18.9996666666667,215.518588285489,6.98554056137274
17.2,12,590,19-Aug-2026 01:36:15,6.2,6.14403534354558,18.906275,19.013,214.180446529828,6.94229937311567
17.2,12,590,19-Aug-2026 01:36:10,6.4,6.34222695272499,18.8311222222222,19.0291111111111,212.925423143937,6.90178140683465
17.2,12,590,19-Aug-2026 01:36:05,6.6,6.54041836945752,18.7908588235294,19.0601764705882,210.77358487583,6.83230323606311
17.2,12,590,19-Aug-2026 01:36:01,6.8,6.7386095937522,18.7546,19.0893529411765,210.163283038237,6.81280052070645
17.2,12,590,19-Aug-2026 01:35:56,7,6.93680062561165,18.70414,19.1314,209.847157394921,6.80290454060136
17.2,12,590,19-Aug-2026 01:35:51,7.2,7.1349914650256,18.63955,19.1845625,209.867356000423,6.80395900477358
17.2,12,590,19-Aug-2026 01:35:46,7.4,7.33318211199662,18.5266235294118,19.2853529411765,209.929702660463,6.80635717797156
17.2,12,590,19-Aug-2026 01:35:41,7.6,7.53137256654014,18.4602923076923,19.3433076923077,210.54810814634,6.82712729488799
17.2,12,590,19-Aug-2026 01:35:35,7.8,7.72956282863301,18.3431,19.4480666666667,211.288790871363,6.85171640357438
17.2,12,590,19-Aug-2026 01:35:30,8,7.92775289829704,18.32906,19.4578,211.595692009698,6.86175256031227
17.2,12,590,19-Aug-2026 01:35:25,8.2,8.12594277552191,18.31035,19.47,211.929915773475,6.87270442209531
17.2,12,590,19-Aug-2026 01:35:19,8.4,8.32413246031655,18.2314833333333,19.5290833333333,212.029978747138,6.87617888030477
17.2,12,590,19-Aug-2026 01:35:13,8.6,8.52232195267705,18.19264,19.5512,212.180605391306,6.88122759980774
17.2,12,590,19-Aug-2026 01:35:07,8.8,8.7205112526059,18.17652,19.5578,212.381795705979,6.88785058060422
17.2,12,590,19-Aug-2026 01:35:01,9,8.91870036010559,18.149175,19.57375,212.447475927141,6.8901301360279
17.2,12,590,19-Aug-2026 01:34:55,9.2,9.11688927518497,18.1243454545455,19.5892727272727,212.47375905123,6.89120939352604
17.2,12,590,19-Aug-2026 01:34:48,9.4,9.31507799782726,18.0899818181818,19.6201818181818,212.374957216432,6.88808538694931
17.2,12,590,19-Aug-2026 01:34:42,9.6,9.51326652803489,18.0762769230769,19.6344615384615,212.276155381633,6.88496138037259
17.2,12,590,19-Aug-2026 01:34:35,9.8,9.71145486583598,18.0543846153846,19.6525384615385,212.009323277921,6.87644868535509
17.2,12,590,19-Aug-2026 01:34:28,10,9.90964301120082,18.0415,19.665375,211.664523466233,6.86533609124612
17.2,12,590,19-Aug-2026 01:34:22,10.2,10.1078309641511,18.0326125,19.674125,211.347745674654,6.85512534741871
17.2,12,590,19-Aug-2026 01:34:16,10.4,10.3060187246635,18.0266,19.6783846153846,211.140972711981,6.84848827715013
17.2,12,590,19-Aug-2026 01:34:10,10.6,10.5042062927725,18.0082,19.6939285714286,211.016182558105,6.84452303015881
17.2,12,590,19-Aug-2026 01:34:05,10.8,10.7023936684484,18.00332,19.702,210.486803553517,6.82740415415228
17.2,12,590,19-Aug-2026 01:34:01,11,10.9005808517193,17.9998,19.7047368421053,210.14284953947,6.81625700220797
17.2,12,590,19-Aug-2026 01:33:57,11.2,11.0987678425617,18.000025,19.705,209.770793619939,6.80419491157428
17.2,12,590,19-Aug-2026 01:33:52,11.4,11.2969546410037,18.00036,19.7042,209.370635794925,6.79121788225122
17.2,12,590,19-Aug-2026 01:33:48,11.6,11.4951412470155,18.0005,19.7058,208.723920232177,6.77024677710604
17.2,12,590,19-Aug-2026 01:33:43,11.8,11.6933276606186,18.0007909090909,19.704,208.24814476795,6.75482201455144
17.2,12,590,19-Aug-2026 01:33:40,12,11.8915138818154,18.0004692307692,19.7047692307692,207.943309402244,6.7449435945874
17.2,12,590,19-Aug-2026 01:33:37,12.2,12.0896999105889,18.0003,19.705,208.467177144532,6.76194445064761
17.2,12,590,19-Aug-2026 01:32:56,12.4,12.2878857469605,17.9999153846154,19.7051538461538,208.991044886819,6.77894530670781
17.2,12,590,19-Aug-2026 01:30:41,12.6,12.4860713909198,17.9993833333333,19.7098333333333,209.217318844506,6.78633985545746
17.2,12,590,19-Aug-2026 01:30:28,12.8,12.6842568424818,17.98836,19.7218,209.343566967175,6.7905037710207
17.2,12,590,19-Aug-2026 01:30:20,13,12.8824421016166,17.9796,19.733,209.497380230138,6.79558775847757
17.2,12,590,19-Aug-2026 01:29:12,13.2,13.0806271683585,17.9768692307692,19.7464615384615,209.661806588398,6.80099265313597
17.2,12,590,19-Aug-2026 01:28:21,13.4,13.278812042697,17.9733857142857,19.7592142857143,209.709255066642,6.80256774991587
17.2,12,590,19-Aug-2026 01:26:28,13.6,13.476996724647,17.9705,19.773,211.297116351505,6.85418451340612
17.2,12,590,19-Aug-2026 01:24:47,13.8,13.6751812141786,17.9648727272727,19.7886363636364,209.03946497931,6.78111904940896
17.2,12,590,19-Aug-2026 01:23:37,14,13.8733655113132,17.9535333333333,19.8285833333333,201.62279028202,6.54081580894895
17.2,12,590,19-Aug-2026 01:23:01,14.2,14.0715496160402,17.9025818181818,19.8809090909091,198.916537558611,6.4535617842771
17.2,12,590,19-Aug-2026 01:22:46,14.4,14.269733528381,17.7145818181818,20.0790909090909,197.105843390697,6.39541657817366
17.2,12,590,19-Aug-2026 01:22:34,14.6,14.4679172483184,17.6952909090909,20.094,196.540558357015,6.37741074230826
17.2,12,590,19-Aug-2026 01:22:23,14.8,14.6661007758609,17.694275,20.094875,198.301087451869,6.43458708352373
17.2,12,590,19-Aug-2026 01:20:30,15,14.8642841110043,17.6850636363636,20.1024545454545,202.037580096525,6.55591505015043
17.2,12,590,19-Aug-2026 01:20:11,15.2,15.0624672537699,17.6603272727273,20.1256363636364,200.515139136348,6.50667153253705
17.2,12,590,19-Aug-2026 01:18:42,15.4,15.2606502041341,17.5835166666667,20.202,183.658923386959,5.96037501589602
17.2,12,590,19-Aug-2026 01:18:14,15.6,15.4588329621054,17.46515,20.3115,180.057156573242,5.84404183278272
17.2,12,590,19-Aug-2026 01:17:43,15.8,15.6570155276859,17.37825,20.3904285714286,177.24882147802,5.75311158461004
17.2,12,590,19-Aug-2026 01:16:18,16,15.855197900884,17.32556,20.4444,173.515670531224,5.63218480629463
17.2,12,590,19-Aug-2026 01:16:05,16.2,16.0533800816824,17.318,20.4538181818182,171.040511850422,5.55203055612119
17.2,12,590,19-Aug-2026 01:15:26,16.4,16.2515620701089,17.2720727272727,20.4810909090909,167.46804128003,5.43641501343133
17.2,12,590,19-Aug-2026 01:14:22,16.6,16.4497438661527,17.1382071428571,20.5796428571429,161.084990723266,5.22982726573292
17.2,12,590,19-Aug-2026 01:14:11,16.8,16.6479254697964,16.9311818181818,20.7550909090909,155.171480187284,5.03849766382709
17.2,12,590,19-Aug-2026 01:13:24,17,16.8461068810614,16.6760142857143,20.9865714285714,137.534719997447,4.46697373228047
17.2,12,590,19-Aug-2026 01:12:24,17.2,17.0442880999495,16.527,21.098,127.178147807441,4.13089382782294
17.2,12,590,19-Aug-2026 01:12:12,17.4,17.2424691264628,16.4512,21.1414285714286,117.074496203294,3.80305264772053
17.2,12,590,19-Aug-2026 01:12:02,17.6,17.4406499605967,16.2218428571429,21.2201428571429,100.209653532729,3.25557100861085
17.2,12,590,19-Aug-2026 01:11:06,17.8,17.6388306023468,16.0113,21.3556153846154,76.3306992098864,2.48021018613879
17.2,12,590,19-Aug-2026 01:10:24,18,17.8370110517151,15.8109,21.502,73.5728933570632,2.39092695851256
17.2,12,590,19-Aug-2026 01:10:14,18.2,18.0351913087097,15.7986076923077,21.5483076923077,70.2534536441105,2.28317614565855
17.2,12,590,19-Aug-2026 01:10:03,18.4,18.2333713733455,15.6758,21.6116,67.8969571993247,2.20671404684122
17.2,12,590,19-Aug-2026 01:09:47,18.6,18.4315512455986,15.6303846153846,21.6235384615385,65.1415271873705,2.11725050306772
17.2,12,590,19-Aug-2026 01:09:07,18.8,18.629730925471,15.5391181818182,21.6266363636364,53.6304462821996,1.74322506350095
17.2,12,590,19-Aug-2026 01:08:23,19,18.8279104129773,15.3434545454545,21.695,40.4351363195311,1.31446604255898
17.2,12,590,19-Aug-2026 01:08:16,19.2,19.0260897081193,15.0663384615385,21.8370769230769,34.3112481925811,1.11553533603507
17.2,12,590,19-Aug-2026 01:08:11,19.4,19.2242688108926,14.99289,21.8584,26.1760938769333,0.851082060978652
17.2,12,590,19-Aug-2026 01:08:06,19.6,19.4224477212988,14.8093588235294,21.9036470588235,22.7588040545792,0.740114042799886
17.2,12,590,19-Aug-2026 01:08:03,19.8,19.6206264393334,14.21766,22.0936,19.7682021908517,0.642963438638831
17.2,12,590,19-Aug-2026 01:07:59,20,19.8188049650046,13.64424,22.1678,17.2042882857509,0.559630248495491
17.2,12,590,19-Aug-2026 01:07:56,20.2,20.0169832983142,13.438,22.16,15.8096173166516,0.514286800323036
17.2,12,590,19-Aug-2026 01:07:53,20.4,20.215161439264,13.12845,22.1805,14.4149463475524,0.468943352150581
17.2,12,590,19-Aug-2026 01:07:50,20.6,20.4133393878363,12.83906,22.1612,13.7030461566707,0.445793209902066
17.2,12,590,19-Aug-2026 01:07:47,20.8,20.6115171440652,12.6535857142857,22.1737142857143,13.0427017486951,0.424329496952968
17.2,12,590,19-Aug-2026 01:07:44,21,20.8096947079266,12.49346,22.2408,12.4339131236256,0.404552213303286
17.2,12,590,19-Aug-2026 01:07:41,21.2,21.0078720794479,12.3566214285714,22.2436428571429,11.9295777122158,0.388146210567369
17.2,12,590,19-Aug-2026 01:07:38,21.4,21.206049258586,12.270975,22.24975,11.3677875646524,0.369872570599407
17.2,12,590,19-Aug-2026 01:07:35,21.6,21.4042262453874,12.2268857142857,22.2576428571429,10.7485426809352,0.3497312933994
17.2,12,590,19-Aug-2026 01:07:32,21.8,21.6024030398282,12.1754,22.2674,10.1036893631276,0.328755248261867
17.2,12,590,19-Aug-2026 01:07:30,22,21.8005796419164,12.1391,22.271,9.4332276112295,0.306944435186806
17.2,12,590,19-Aug-2026 01:07:27,22.2,21.9987560516536,12.06705,22.282,8.81575056025345,0.286856462224624
17.2,12,590,19-Aug-2026 01:07:24,22.4,22.1969322690417,11.9883733333333,22.2814666666667,8.25125821019949,0.26849132937532
17.2,12,590,19-Aug-2026 01:07:22,22.6,22.395108294082,11.9329,22.289,7.68676586014551,0.250126196526016
17.2,12,590,19-Aug-2026 01:07:19,22.8,22.5932841267636,11.8538631578947,22.3034210526316,6.95177132209903,0.226213949754762
17.2,12,590,19-Aug-2026 01:07:16,23,22.7914597671136,11.7662,22.3104666666667,6.21677678405252,0.202301702983508
17.2,12,590,19-Aug-2026 01:07:14,23.2,22.9896352151015,11.7208277777778,22.3027777777778,5.72452437055139,0.186284345312329
17.2,12,590,19-Aug-2026 01:07:12,23.4,23.1878104707546,11.6819,22.313,5.23227195705025,0.17026698764115
17.2,12,590,19-Aug-2026 01:07:10,23.6,23.3859855340681,11.6207571428571,22.3187142857143,4.76917706519675,0.155199647884661
17.2,12,590,19-Aug-2026 01:07:07,23.8,23.5841604050242,11.5362235294118,22.317,4.14943004164251,0.135032768643852
17.2,12,590,19-Aug-2026 01:07:05,24,23.7823350836502,11.4914235294118,22.3198235294118,3.52968301808825,0.114865889403042
17.2,12,590,19-Aug-2026 01:07:03,24.2,23.9805095699347,11.46358,22.32905,2.91667597423035,0.0949179730510863
17.2,12,590,19-Aug-2026 01:07:00,24.4,24.1786838638858,11.43372,22.3436,2.31040891006879,0.0751890195879844
17.2,12,590,19-Aug-2026 01:06:58,24.6,24.3768579654856,11.4005444444444,22.3523333333333,1.70414184590723,0.0554600661248821
17.2,12,590,19-Aug-2026 01:06:56,24.8,24.5750318747613,11.3611888888889,22.3618888888889,1.26598540250492,0.0412009804565739
17.2,12,590,19-Aug-2026 01:06:53,25,24.7732055917016,11.2931117647059,22.3700588235294,0.827828959102593,0.0269418947882653
17.2,12,590,19-Aug-2026 01:06:51,25.2,24.9713791163016,11.1879142857143,22.3815714285714,0.555851203934319,0.0180908407073573
17.2,12,590,19-Aug-2026 01:06:48,25.4,25.169552448569,11.0688631578947,22.3978421052632,0.450052137000093,0.0146478182138501
17.2,12,590,19-Aug-2026 01:06:46,25.6,25.3677255885182,10.943,22.409,0.344253070065865,0.0112047957203428
17.2,12,590,19-Aug-2026 01:06:44,25.8,25.565898536125,10.8094444444444,22.4141111111111,0.297033126201202,0.00966793821033846
17.2,12,590,19-Aug-2026 01:06:42,26,25.7640712913971,10.7445263157895,22.4276315789474,0.249813182336538,0.00813108070033408
17.2,12,590,19-Aug-2026 01:06:40,26.2,25.9622438543425,10.7069944444444,22.4224444444444,0.202593238471874,0.00659422319032974
17.2,12,590,19-Aug-2026 01:06:38,26.4,26.1604162249753,10.6917,22.424,0.138094827105147,0.00449486172514079
17.2,12,590,19-Aug-2026 01:06:35,26.6,26.3585884032649,10.6817894736842,22.4206842105263,0.073596415738418,0.00239550025995181
17.2,12,590,19-Aug-2026 01:06:33,26.8,26.5567603892446,10.679,22.4196666666667,0.0132991343689165,0.000432872630975105
17.2,12,590,19-Aug-2026 01:06:31,27,26.7549321828902,10.668975,22.421625,-0.0427970170033622,-0.00139302116178947
17.2,12,590,19-Aug-2026 01:06:28,27.2,26.9531037842159,10.6621555555556,22.4204444444444,-0.09889316837564,-0.00321891495455401
17.2,12,590,19-Aug-2026 01:06:26,27.4,27.1512751932166,10.6559473684211,22.4206315789474,-0.142232576653542,-0.00462960704182278
17.2,12,590,19-Aug-2026 01:06:24,27.6,27.3494464099193,10.6462611111111,22.4217222222222,-0.185571984931445,-0.00604029912909157
17.2,12,590,19-Aug-2026 01:06:22,27.8,27.5476174342867,10.6385470588235,22.4211176470588,-0.228911393209346,-0.00745099121636032
17.2,12,590,19-Aug-2026 01:06:19,28,27.745788266333,10.6292625,22.4211875,-0.250834839989138,-0.00816462328262602
17.2,12,590,19-Aug-2026 01:06:17,28.2,27.9439589060724,10.61958125,22.422,-0.272758286768929,-0.00887825534889171
17.2,12,590,19-Aug-2026 01:06:14,28.4,28.1421293534805,10.6111533333333,22.422,-0.275588339826865,-0.00897042436063451
17.2,12,590,19-Aug-2026 01:06:12,28.6,28.3402996085904,10.5817666666667,22.43,-0.278418392884801,-0.00906259337237732
17.2,12,590,19-Aug-2026 01:06:10,28.8,28.5384696713844,10.5398,22.425,-0.281248445942737,-0.00915476238412012
17.2,12,590,19-Aug-2026 01:06:07,29,28.7366395418636,10.5142789473684,22.4276315789474,-0.284364900288838,-0.00925625181291466
17.2,12,590,19-Aug-2026 01:06:05,29.2,28.934809220042,10.4915333333333,22.4296666666667,-0.28748135463494,-0.0093577412417092
17.2,12,590,19-Aug-2026 01:06:02,29.4,29.1329787058952,10.4657263157895,22.4274210526316,-0.288088767061537,-0.00937754146898849
17.2,12,590,19-Aug-2026 01:06:00,29.6,29.3311479994501,10.4523625,22.426,-0.286187137568629,-0.00931565249475254
17.2,12,590,19-Aug-2026 01:05:58,29.8,29.5293171006951,10.4518789473684,22.426,-0.28428550807572,-0.00925376352051658
17.2,12,590,19-Aug-2026 01:05:56,30,29.7274860096376,10.4510111111111,22.426,-0.281120156332945,-0.00915074652443687
17.2,12,590,19-Aug-2026 01:05:54,30.2,29.9256547262789,10.4471,22.427,-0.27795480459017,-0.00904772952835715
17.2,12,590,19-Aug-2026 01:05:52,30.4,30.1238232506009,10.4436,22.425,-0.279520475139375,-0.00909870139575868
17.2,12,590,19-Aug-2026 01:05:49,30.6,30.3219915826432,10.42895,22.4275,-0.283683145306055,-0.00923426895718105
17.2,12,590,19-Aug-2026 01:05:47,30.8,30.5201597223684,10.4078111111111,22.4288888888889,-0.285745593361102,-0.0093014554153305
17.2,12,590,19-Aug-2026 01:05:45,31,30.7183276698033,10.3828588235294,22.4268235294118,-0.285707819304515,-0.00930026077020705
17.2,12,590,19-Aug-2026 01:05:42,31.2,30.9164954249361,10.3531888888889,22.4313333333333,-0.283810612126764,-0.00923856108386038
17.2,12,590,19-Aug-2026 01:05:40,31.4,31.114662987768,10.3264142857143,22.4351428571429,-0.280053971827851,-0.0091163563562905
17.2,12,590,19-Aug-2026 01:05:39,31.6,31.3128303583065,10.30285,22.44,-0.278014757450203,-0.00905003650136647
17.2,12,590,19-Aug-2026 01:05:37,31.8,31.5109975365525,10.27505,22.443,-0.275975543072555,-0.00898371664644244
17.2,12,590,19-Aug-2026 01:05:34,32,31.7091645225008,10.2474142857143,22.4435714285714,-0.276462456334448,-0.00899961462283093
17.2,12,590,19-Aug-2026 01:05:32,32.2,31.9073313161587,10.2232,22.444,-0.27649834132249,-0.00900081362828957
17.2,12,590,19-Aug-2026 01:05:31,32.4,32.1054979175274,10.2076130434783,22.443,-0.276083198036681,-0.00898731366281835
17.2,12,590,19-Aug-2026 01:05:29,32.6,32.3036643266014,10.1985818181818,22.4442727272727,-0.274666965086058,-0.00894124215448176
17.2,12,590,19-Aug-2026 01:05:27,32.8,32.5018305433944,10.1916291666667,22.4478333333333,-0.272491226752328,-0.00887045620410371
17.2,12,590,19-Aug-2026 01:05:25,33,32.6999965678948,10.184468,22.45108,-0.270557072700307,-0.00880752735454955
17.2,12,590,19-Aug-2026 01:05:24,33.2,32.8981624001098,10.175828,22.45268,-0.268622918648287,-0.0087445985049954
17.2,12,590,19-Aug-2026 01:05:22,33.4,33.0963280400341,10.1623666666667,22.4499523809524,-0.28216801126956,-0.00918553118993053
17.2,12,590,19-Aug-2026 01:05:20,33.6,33.2944934876813,10.15654,22.449,-0.276076137176245,-0.00898725056904765
17.2,12,590,19-Aug-2026 01:05:19,33.8,33.4926587430396,10.1470047619048,22.4504285714286,-0.269984263082931,-0.00878896994816477
17.2,12,590,19-Aug-2026 01:05:17,34,33.6908238061228,10.132475,22.452375,-0.271718918988893,-0.00884546951940172
17.2,12,590,19-Aug-2026 01:05:15,34.2,33.8889886769189,10.12106,22.4532,-0.277276854878626,-0.00902644168502563
17.2,12,590,19-Aug-2026 01:05:14,34.4,34.0871533554416,10.1129,22.454,-0.278831540752853,-0.00907710625291669
17.2,12,590,19-Aug-2026 01:05:12,34.6,34.2853178416727,10.0929833333333,22.459,-0.280386226627079,-0.00912777082080775
17.2,12,590,19-Aug-2026 01:05:10,34.8,34.4834821356386,10.0596461538462,22.4630769230769,-0.274689538217831,-0.0089424119900922
17.2,12,590,19-Aug-2026 01:05:08,35,34.6816462373338,10.0098555555556,22.4716666666667,-0.272737288174391,-0.0088789421420737
17.2,12,590,19-Aug-2026 01:05:06,35.2,34.8798101467398,9.9667,22.4758,-0.270785038130951,-0.00881547229405521
17.2,12,590,19-Aug-2026 01:05:04,35.4,35.0779738638832,9.93156666666667,22.4803333333333,-0.26883278808751,-0.00875200244603672
17.2,12,590,19-Aug-2026 01:05:02,35.6,35.276137388752,9.89977,22.4844,-0.270414490137086,-0.00880353295763222
17.2,12,590,19-Aug-2026 01:05:00,35.8,35.4743007213406,9.86944666666667,22.4878,-0.271996192186662,-0.00885506346922772
17.2,12,590,19-Aug-2026 00:49:26,36,35.672463861669,9.81273333333333,22.4951111111111,-0.234577970612123,-0.00763701598429777
17.2,12,700,19-Aug-2026 01:49:26,-0.3,-0.297296724224002,16.6745,0.753,NaN,NaN
17.2,12,700,19-Aug-2026 01:51:16,-0.29,-0.28738682643591,16.4481,9.766,NaN,NaN
17.2,12,700,19-Aug-2026 01:50:26,-0.19,-0.188287875056399,16.5564,9.273,267.268633633915,8.60171629514157
17.2,12,700,19-Aug-2026 01:49:56,-0.17,-0.168468090553559,16.4653,6.99,271.491032797589,8.72452610105713
17.2,12,700,19-Aug-2026 01:50:46,-0.17,-0.168468090553559,16.4556,8.555,267.567427485456,8.61127680764198
17.2,12,700,19-Aug-2026 01:49:46,-0.16,-0.158558199022756,16.4883,6.842,271.860647613743,8.73503103337136
17.2,12,700,19-Aug-2026 01:50:16,-0.16,-0.158558199022756,16.5501,8.229,268.433482843991,8.63412172434571
17.2,12,700,19-Aug-2026 01:50:56,-0.16,-0.158558199022756,16.425,9.702,266.471623788821,8.57910208982826
17.2,12,700,19-Aug-2026 01:49:36,-0.15,-0.148648307980988,16.5554,6.43,275.035849793184,8.82608800318346
17.2,12,700,19-Aug-2026 01:51:06,-0.15,-0.148648307980988,16.4082,9.76,266.050427688332,8.56753094816536
17.2,12,700,19-Aug-2026 01:50:06,-0.13,-0.128828527319736,16.48,7.121,270.431104453101,8.69281665881268
17.2,12,700,19-Aug-2026 01:50:36,-0.12,-0.118918637726041,16.5068,9.096,267.797924641801,8.61903247104177
18.2,13,190,NaT,0,0,NaN,NaN,NaN,NaN
18.2,13,190,19-Aug-2026 02:09:41,0.2,0.198197575549084,18.9977909090909,18.8576363636364,NaN,NaN
18.2,13,190,19-Aug-2026 02:11:24,0.4,0.396394958602638,19.02333,18.9322,NaN,NaN
18.2,13,190,19-Aug-2026 02:14:20,0.6,0.594592149189359,19.0283,18.9370769230769,NaN,NaN
18.2,13,190,19-Aug-2026 02:14:44,0.8,0.792789147292957,19.0271545454545,18.9384545454545,NaN,NaN
18.2,13,190,19-Aug-2026 02:14:57,1,0.990985952922833,19.0258818181818,18.94,NaN,NaN
18.2,13,190,19-Aug-2026 02:15:40,1.2,1.18918256608195,19.0264545454545,18.9408181818182,NaN,NaN
18.2,13,190,19-Aug-2026 02:15:57,1.4,1.3873789867604,19.0284818181818,18.9423636363636,NaN,NaN
18.2,13,190,19-Aug-2026 02:16:25,1.6,1.58557521495471,19.0372769230769,18.9394615384615,NaN,NaN
18.2,13,190,19-Aug-2026 02:16:44,1.8,1.78377125068706,19.0318461538462,18.9426923076923,NaN,NaN
18.2,13,190,19-Aug-2026 02:17:24,2,1.98196709394753,19.04225,18.939,NaN,NaN
18.2,13,190,19-Aug-2026 02:17:41,2.2,2.18016274473901,19.0364833333333,18.9421666666667,NaN,NaN
18.2,13,190,19-Aug-2026 02:17:55,2.4,2.37835820305796,19.0334,18.9439090909091,NaN,NaN
18.2,13,190,19-Aug-2026 02:18:07,2.6,2.57655346890084,19.0296272727273,18.9462727272727,NaN,NaN
18.2,13,190,19-Aug-2026 02:19:03,2.8,2.7747485422962,19.0331545454545,18.9454545454545,NaN,NaN
18.2,13,190,19-Aug-2026 02:19:32,3,2.97294342320192,19.0308454545455,18.9465454545455,NaN,NaN
18.2,13,190,19-Aug-2026 02:20:31,3.2,3.1711381116594,19.0303363636364,18.9469090909091,NaN,NaN
18.2,13,190,19-Aug-2026 02:26:16,3.4,3.36933260765859,19.0376090909091,18.946,NaN,NaN
18.2,13,190,19-Aug-2026 02:26:50,3.6,3.56752691117663,19.0374454545455,18.9466363636364,NaN,NaN
18.2,13,190,19-Aug-2026 02:27:28,3.8,3.76572102225485,19.03755,18.9475,NaN,NaN
18.2,13,190,19-Aug-2026 02:27:58,4,3.9639149408575,19.03594,18.949,NaN,NaN
18.2,13,190,19-Aug-2026 02:30:29,4.2,4.16210866700663,19.0364909090909,18.9490909090909,NaN,NaN
18.2,13,190,19-Aug-2026 02:31:29,4.4,4.360302200705,19.0359454545455,18.95,NaN,NaN
18.2,13,190,19-Aug-2026 02:31:51,4.6,4.55849554193609,19.03565,18.95,NaN,NaN
18.2,13,190,19-Aug-2026 02:32:17,4.8,4.75668869070905,19.0355,18.951,NaN,NaN
18.2,13,190,19-Aug-2026 02:34:24,5,4.95488164703947,19.0318090909091,18.9551818181818,NaN,NaN
18.2,13,190,19-Aug-2026 02:36:42,5.2,5.15307441091721,19.02748,18.9602,NaN,NaN
18.2,13,190,19-Aug-2026 02:38:43,5.4,5.35126698233855,19.0110909090909,18.9633636363636,NaN,NaN
18.2,13,190,19-Aug-2026 02:41:48,5.6,5.54945936131259,18.9694545454545,19.007,NaN,NaN
18.2,13,190,19-Aug-2026 02:42:32,5.8,5.74765154782918,18.8978727272727,19.0321818181818,NaN,NaN
18.2,13,190,19-Aug-2026 02:43:09,6,5.94584354191667,18.8800272727273,19.0358181818182,NaN,NaN
18.2,13,190,19-Aug-2026 02:46:35,6.2,6.14403534354558,18.918525,19.03,NaN,NaN
18.2,13,190,19-Aug-2026 02:46:42,6.4,6.34222695272499,18.9020071428571,19.0315714285714,NaN,NaN
18.2,13,190,19-Aug-2026 02:48:39,6.6,6.54041836945752,18.7684636363636,19.1080909090909,NaN,NaN
18.2,13,190,19-Aug-2026 02:52:06,6.8,6.7386095937522,18.6006,19.23,NaN,NaN
18.2,13,190,19-Aug-2026 02:55:45,7,6.93680062561165,18.563,19.2628,NaN,NaN
18.2,13,190,19-Aug-2026 02:56:52,7.2,7.1349914650256,18.516,19.3080769230769,NaN,NaN
18.2,13,190,19-Aug-2026 02:57:00,7.4,7.33318211199662,18.4748666666667,19.3396666666667,NaN,NaN
18.2,13,190,19-Aug-2026 02:57:09,7.6,7.53137256654014,18.4258933333333,19.3794666666667,NaN,NaN
18.2,13,190,19-Aug-2026 02:57:17,7.8,7.72956282863301,18.3718545454545,19.4265454545455,NaN,NaN
18.2,13,190,19-Aug-2026 02:57:27,8,7.92775289829704,18.3183272727273,19.4617272727273,NaN,NaN
18.2,13,190,19-Aug-2026 02:57:36,8.2,8.12594277552191,18.2708,19.497,NaN,NaN
18.2,13,190,19-Aug-2026 02:57:43,8.4,8.32413246031655,18.2702857142857,19.4988571428571,NaN,NaN
18.2,13,190,19-Aug-2026 02:57:52,8.6,8.52232195267705,18.2528272727273,19.51,NaN,NaN
18.2,13,190,19-Aug-2026 02:58:01,8.8,8.7205112526059,18.2491,19.5125,NaN,NaN
18.2,13,190,19-Aug-2026 02:58:12,9,8.91870036010559,18.2347666666667,19.51975,NaN,NaN
18.2,13,190,19-Aug-2026 02:58:28,9.2,9.11688927518497,18.2321909090909,19.5202727272727,NaN,NaN
18.2,13,190,19-Aug-2026 02:58:46,9.4,9.31507799782726,18.2232,19.524,NaN,NaN
18.2,13,190,19-Aug-2026 02:59:10,9.6,9.51326652803489,18.2127545454545,19.5303636363636,NaN,NaN
18.2,13,190,19-Aug-2026 02:59:41,9.8,9.71145486583598,18.1896636363636,19.5452727272727,NaN,NaN
18.2,13,190,19-Aug-2026 03:00:10,10,9.90964301120082,18.1793,19.5518181818182,NaN,NaN
18.2,13,190,19-Aug-2026 03:03:26,10.2,10.1078309641511,18.18842,19.5446,NaN,NaN
18.2,13,190,19-Aug-2026 03:05:03,10.4,10.3060187246635,18.10791,19.6078,NaN,NaN
18.2,13,190,19-Aug-2026 03:06:06,10.6,10.5042062927725,18.1115416666667,19.6023333333333,NaN,NaN
18.2,13,190,19-Aug-2026 03:06:30,10.8,10.7023936684484,18.10505,19.6095,NaN,NaN
18.2,13,190,19-Aug-2026 03:06:36,11,10.9005808517193,18.1012705882353,19.6135294117647,NaN,NaN
18.2,13,190,19-Aug-2026 03:06:41,11.2,11.0987678425617,18.09055,19.625,NaN,NaN
18.2,13,190,19-Aug-2026 03:06:45,11.4,11.2969546410037,18.08114,19.6325,NaN,NaN
18.2,13,190,19-Aug-2026 03:06:49,11.6,11.4951412470155,18.0766333333333,19.637,NaN,NaN
18.2,13,190,19-Aug-2026 03:06:53,11.8,11.6933276606186,18.07026,19.643,NaN,NaN
18.2,13,190,19-Aug-2026 03:06:57,12,11.8915138818154,18.06555,19.6471666666667,NaN,NaN
18.2,13,190,19-Aug-2026 03:07:00,12.2,12.0896999105889,18.0626272727273,19.6497272727273,NaN,NaN
18.2,13,190,19-Aug-2026 03:07:04,12.4,12.2878857469605,18.059275,19.6525,NaN,NaN
18.2,13,190,19-Aug-2026 03:07:08,12.6,12.4860713909198,18.054635,19.6551,NaN,NaN
18.2,13,190,19-Aug-2026 03:07:12,12.8,12.6842568424818,18.0525,19.6571,NaN,NaN
18.2,13,190,19-Aug-2026 03:07:16,13,12.8824421016166,18.0498052631579,19.6597368421053,NaN,NaN
18.2,13,190,19-Aug-2026 03:07:20,13.2,13.0806271683585,18.0481666666667,19.661,NaN,NaN
18.2,13,190,19-Aug-2026 03:07:25,13.4,13.278812042697,18.0478444444444,19.6617777777778,NaN,NaN
18.2,13,190,19-Aug-2026 03:07:30,13.6,13.476996724647,18.0466923076923,19.6634615384615,NaN,NaN
18.2,13,190,19-Aug-2026 03:07:37,13.8,13.6751812141786,18.0461818181818,19.6676363636364,NaN,NaN
18.2,13,190,19-Aug-2026 03:07:44,14,13.8733655113132,18.0432272727273,19.6752727272727,NaN,NaN
18.2,13,190,19-Aug-2026 03:07:51,14.2,14.0715496160402,18.0383384615385,19.6838461538462,NaN,NaN
18.2,13,190,19-Aug-2026 03:08:02,14.4,14.269733528381,18.0168,19.714,NaN,NaN
18.2,13,190,19-Aug-2026 03:08:17,14.6,14.4679172483184,17.9814727272727,19.7752727272727,NaN,NaN
18.2,13,190,19-Aug-2026 03:12:34,14.8,14.6661007758609,17.87484,19.9191,NaN,NaN
18.2,13,190,19-Aug-2026 03:14:29,15,14.8642841110043,17.7814545454545,20.0185454545455,NaN,NaN
18.2,13,190,19-Aug-2026 03:15:15,15.2,15.0624672537699,17.7469,20.0512,NaN,NaN
18.2,13,190,19-Aug-2026 03:16:01,15.4,15.2606502041341,17.741,20.0585,NaN,NaN
18.2,13,190,19-Aug-2026 03:16:22,15.6,15.4588329621054,17.6948692307692,20.1119230769231,NaN,NaN
18.2,13,190,19-Aug-2026 03:16:32,15.8,15.6570155276859,17.6587333333333,20.1511666666667,NaN,NaN
18.2,13,190,19-Aug-2026 03:16:38,16,15.855197900884,17.6093,20.2026428571429,NaN,NaN
18.2,13,190,19-Aug-2026 03:16:43,16.2,16.0533800816824,17.5121235294118,20.2877058823529,NaN,NaN
18.2,13,190,19-Aug-2026 03:16:49,16.4,16.2515620701089,17.4105428571429,20.3642857142857,NaN,NaN
18.2,13,190,19-Aug-2026 03:17:10,16.6,16.4497438661527,17.34878,20.4124,NaN,NaN
18.2,13,190,19-Aug-2026 03:18:44,16.8,16.6479254697964,17.2838692307692,20.4601538461538,NaN,NaN
18.2,13,190,19-Aug-2026 03:20:00,17,16.8461068810614,17.05819,20.6517,NaN,NaN
18.2,13,190,19-Aug-2026 03:20:37,17.2,17.0442880999495,17.01455,20.692,NaN,NaN
18.2,13,190,19-Aug-2026 03:21:10,17.4,17.2424691264628,16.9391142857143,20.7528571428571,NaN,NaN
18.2,13,190,19-Aug-2026 03:21:35,17.6,17.4406499605967,16.6853090909091,20.9759090909091,NaN,NaN
18.2,13,190,19-Aug-2026 03:21:45,17.8,17.6388306023468,16.4937769230769,21.1454615384615,NaN,NaN
18.2,13,190,19-Aug-2026 03:24:09,18,17.8370110517151,16.1826076923077,21.3771538461538,NaN,NaN
18.2,13,190,19-Aug-2026 03:26:39,18.2,18.0351913087097,16.0625,21.432,NaN,NaN
18.2,13,190,19-Aug-2026 03:26:48,18.4,18.2333713733455,15.9679,21.485,NaN,NaN
18.2,13,190,19-Aug-2026 03:26:59,18.6,18.4315512455986,15.8298333333333,21.5455,NaN,NaN
18.2,13,190,19-Aug-2026 03:30:16,18.8,18.629730925471,15.7389076923077,21.5716923076923,NaN,NaN
18.2,13,190,19-Aug-2026 03:31:43,19,18.8279104129773,15.480775,21.6676666666667,NaN,NaN
18.2,13,190,19-Aug-2026 03:31:49,19.2,19.0260897081193,15.27894,21.7416666666667,NaN,NaN
18.2,13,190,19-Aug-2026 03:31:57,19.4,19.2242688108926,15.1297571428571,21.7978571428571,NaN,NaN
18.2,13,190,19-Aug-2026 03:32:10,19.6,19.4224477212988,14.8358,21.8901818181818,NaN,NaN
18.2,13,190,19-Aug-2026 03:36:31,19.8,19.6206264393334,14.1987466666667,22.116,NaN,NaN
18.2,13,190,19-Aug-2026 03:36:38,20,19.8188049650046,14.0533928571429,22.1750714285714,NaN,NaN
18.2,13,190,19-Aug-2026 03:36:43,20.2,20.0169832983142,13.9999368421053,22.1563684210526,NaN,NaN
18.2,13,190,19-Aug-2026 03:36:48,20.4,20.215161439264,13.8685866666667,22.1631333333333,NaN,NaN
18.2,13,190,19-Aug-2026 03:36:53,20.6,20.4133393878363,13.60351875,22.206625,NaN,NaN
18.2,13,190,19-Aug-2026 03:36:58,20.8,20.6115171440652,13.0307416666667,22.2854166666667,NaN,NaN
18.2,13,190,19-Aug-2026 03:37:04,21,20.8096947079266,12.82433125,22.26075,NaN,NaN
18.2,13,190,19-Aug-2026 03:37:10,21.2,21.0078720794479,12.71102,22.2308,NaN,NaN
18.2,13,190,19-Aug-2026 03:37:17,21.4,21.206049258586,12.5719533333333,22.2513333333333,NaN,NaN
18.2,13,190,19-Aug-2026 03:37:23,21.6,21.4042262453874,12.4526785714286,22.2634285714286,NaN,NaN
18.2,13,190,19-Aug-2026 03:37:32,21.8,21.6024030398282,12.3139,22.2895454545455,NaN,NaN
18.2,13,190,19-Aug-2026 03:37:41,22,21.8005796419164,12.2340909090909,22.2812727272727,NaN,NaN
18.2,13,190,19-Aug-2026 03:37:51,22.2,21.9987560516536,12.1077933333333,22.3143333333333,NaN,NaN
18.2,13,190,19-Aug-2026 03:38:02,22.4,22.1969322690417,12.0724,22.297,NaN,NaN
18.2,13,190,19-Aug-2026 03:38:19,22.6,22.395108294082,12.0180333333333,22.29125,NaN,NaN
18.2,13,190,19-Aug-2026 03:38:39,22.8,22.5932841267636,11.9817923076923,22.2813846153846,NaN,NaN
18.2,13,190,19-Aug-2026 03:39:10,23,22.7914597671136,11.9375666666667,22.2966666666667,NaN,NaN
18.2,13,190,19-Aug-2026 03:40:00,23.2,22.9896352151015,11.9183818181818,22.2927272727273,NaN,NaN
18.2,13,190,19-Aug-2026 03:40:54,23.4,23.1878104707546,11.87144,22.3,NaN,NaN
18.2,13,190,19-Aug-2026 03:41:45,23.6,23.3859855340681,11.8412545454545,22.3005454545455,NaN,NaN
18.2,13,190,19-Aug-2026 03:43:13,23.8,23.5841604050242,11.7588181818182,22.3080909090909,NaN,NaN
18.2,13,190,19-Aug-2026 03:45:02,24,23.7823350836502,11.6761818181818,22.3126363636364,NaN,NaN
18.2,13,190,19-Aug-2026 03:46:31,24.2,23.9805095699347,11.67635,22.32,NaN,NaN
18.2,13,190,19-Aug-2026 03:46:37,24.4,24.1786838638858,11.6764875,22.3221875,NaN,NaN
18.2,13,190,19-Aug-2026 03:46:43,24.6,24.3768579654856,11.61695,22.3265,NaN,NaN
18.2,13,190,19-Aug-2026 03:46:46,24.8,24.5750318747613,11.588575,22.331,NaN,NaN
18.2,13,190,19-Aug-2026 03:46:51,25,24.7732055917016,11.557025,22.32825,NaN,NaN
18.2,13,190,19-Aug-2026 03:46:56,25.2,24.9713791163016,11.5087842105263,22.3368421052632,NaN,NaN
18.2,13,190,19-Aug-2026 03:47:00,25.4,25.169552448569,11.45165,22.347,NaN,NaN
18.2,13,190,19-Aug-2026 03:47:05,25.6,25.3677255885182,11.3159,22.3681764705882,NaN,NaN
18.2,13,190,19-Aug-2026 03:47:09,25.8,25.565898536125,11.2383421052632,22.3640526315789,NaN,NaN
18.2,13,190,19-Aug-2026 03:47:14,26,25.7640712913971,11.1641692307692,22.392,NaN,NaN
18.2,13,190,19-Aug-2026 03:47:19,26.2,25.9622438543425,11.1143125,22.4065,NaN,NaN
18.2,13,190,19-Aug-2026 03:47:24,26.4,26.1604162249753,11.0935,22.3955,NaN,NaN
18.2,13,190,19-Aug-2026 03:47:29,26.6,26.3585884032649,11.0402692307692,22.3789230769231,NaN,NaN
18.2,13,190,19-Aug-2026 03:47:34,26.8,26.5567603892446,10.8916,22.4315,NaN,NaN
18.2,13,190,19-Aug-2026 03:47:38,27,26.7549321828902,10.8484222222222,22.4255,NaN,NaN
18.2,13,190,19-Aug-2026 03:47:43,27.2,26.9531037842159,10.7825235294118,22.4274117647059,NaN,NaN
18.2,13,190,19-Aug-2026 03:47:49,27.4,27.1512751932166,10.746,22.428,NaN,NaN
18.2,13,190,19-Aug-2026 03:47:54,27.6,27.3494464099193,10.7132857142857,22.43,NaN,NaN
18.2,13,190,19-Aug-2026 03:47:59,27.8,27.5476174342867,10.6626,22.4493333333333,NaN,NaN
18.2,13,190,19-Aug-2026 03:48:04,28,27.745788266333,10.6713473684211,22.4336842105263,NaN,NaN
18.2,13,190,19-Aug-2026 03:48:10,28.2,27.9439589060724,10.6822636363636,22.42,NaN,NaN
18.2,13,190,19-Aug-2026 03:48:15,28.4,28.1421293534805,10.6543545454545,22.4281818181818,NaN,NaN
18.2,13,190,19-Aug-2026 03:48:21,28.6,28.3402996085904,10.6342,22.4485,NaN,NaN
18.2,13,190,19-Aug-2026 03:48:26,28.8,28.5384696713844,10.6302,22.441,NaN,NaN
18.2,13,190,19-Aug-2026 03:48:32,29,28.7366395418636,10.6060545454545,22.4467272727273,NaN,NaN
18.2,13,190,19-Aug-2026 03:48:38,29.2,28.934809220042,10.5993,22.4415,NaN,NaN
18.2,13,190,19-Aug-2026 03:48:44,29.4,29.1329787058952,10.5801,22.44555,NaN,NaN
18.2,13,190,19-Aug-2026 03:48:50,29.6,29.3311479994501,10.56764,22.4445,NaN,NaN
18.2,13,190,19-Aug-2026 03:48:58,29.8,29.5293171006951,10.5384,22.4515,NaN,NaN
18.2,13,190,19-Aug-2026 03:49:04,30,29.7274860096376,10.48654375,22.45475,NaN,NaN
18.2,13,190,19-Aug-2026 03:49:12,30.2,29.9256547262789,10.4373071428571,22.4638571428571,NaN,NaN
18.2,13,190,19-Aug-2026 03:49:21,30.4,30.1238232506009,10.4226166666667,22.4673333333333,NaN,NaN
18.2,13,190,19-Aug-2026 03:49:29,30.6,30.3219915826432,10.43378,22.4389,NaN,NaN
18.2,13,190,19-Aug-2026 03:49:41,30.8,30.5201597223684,10.3942461538462,22.4385384615385,NaN,NaN
18.2,13,190,19-Aug-2026 03:49:56,31,30.7183276698033,10.3813363636364,22.427,NaN,NaN
18.2,13,190,19-Aug-2026 03:50:15,31.2,30.9164954249361,10.3219818181818,22.4420909090909,NaN,NaN
18.2,13,190,19-Aug-2026 03:50:39,31.4,31.114662987768,10.2929181818182,22.4268181818182,NaN,NaN
18.2,13,190,19-Aug-2026 03:51:08,31.6,31.3128303583065,10.1915384615385,22.4643076923077,NaN,NaN
18.2,13,190,19-Aug-2026 03:51:38,31.8,31.5109975365525,10.2106454545455,22.4473636363636,NaN,NaN
18.2,13,190,19-Aug-2026 03:52:03,32,31.7091645225008,10.1992615384615,22.4472307692308,NaN,NaN
18.2,13,190,19-Aug-2026 03:52:27,32.2,31.9073313161587,10.1680714285714,22.453,NaN,NaN
18.2,13,190,19-Aug-2026 03:52:46,32.4,32.1054979175274,10.1483571428571,22.4551428571429,NaN,NaN
18.2,13,190,19-Aug-2026 03:53:06,32.6,32.3036643266014,10.1344545454545,22.4591818181818,NaN,NaN
18.2,13,190,19-Aug-2026 03:53:25,32.8,32.5018305433944,10.1291538461538,22.4556923076923,NaN,NaN
18.2,13,190,19-Aug-2026 03:53:42,33,32.6999965678948,10.1251076923077,22.4559230769231,NaN,NaN
18.2,13,190,19-Aug-2026 03:54:02,33.2,32.8981624001098,10.1161818181818,22.4586363636364,NaN,NaN
18.2,13,190,19-Aug-2026 03:54:23,33.4,33.0963280400341,10.11915,22.455,NaN,NaN
18.2,13,190,19-Aug-2026 03:54:45,33.6,33.2944934876813,10.1229818181818,22.4518181818182,NaN,NaN
18.2,13,190,19-Aug-2026 03:55:08,33.8,33.4926587430396,10.1349,22.439,NaN,NaN
18.2,13,190,19-Aug-2026 03:55:32,34,33.6908238061228,10.12276,22.4402,NaN,NaN
18.2,13,190,19-Aug-2026 03:55:58,34.2,33.8889886769189,10.0925923076923,22.451,NaN,NaN
18.2,13,190,19-Aug-2026 03:56:21,34.4,34.0871533554416,10.0560909090909,22.4642727272727,NaN,NaN
18.2,13,190,19-Aug-2026 03:56:30,34.6,34.2853178416727,10.0458846153846,22.4651538461538,NaN,NaN
18.2,13,190,19-Aug-2026 03:56:36,34.8,34.4834821356386,10.04445,22.467,NaN,NaN
18.2,13,190,19-Aug-2026 03:56:40,35,34.6816462373338,10.0531272727273,22.4669090909091,NaN,NaN
18.2,13,190,19-Aug-2026 03:56:44,35.2,34.8798101467398,10.0575052631579,22.4638947368421,NaN,NaN
18.2,13,190,19-Aug-2026 03:56:48,35.4,35.0779738638832,10.0482,22.466,NaN,NaN
18.2,13,190,19-Aug-2026 03:56:51,35.6,35.276137388752,10.0238,22.4672,NaN,NaN
18.2,13,190,19-Aug-2026 03:56:55,35.8,35.4743007213406,10.000452173913,22.4698260869565,NaN,NaN
18.2,13,290,19-Aug-2026 15:06:38,35.78,35.4544843967306,9.9758,22.475,-0.231285610622758,-0.00752953391925046
18.2,13,290,19-Aug-2026 17:06:40,35.79,35.4643925592776,9.9814,22.472,-0.233727796966459,-0.00760901149978318
18.2,13,290,19-Aug-2026 16:06:39,35.8,35.4743007213406,9.9466,22.478,-0.235975780292855,-0.00768227619722046
18.2,13,290,19-Aug-2026 18:06:41,35.8,35.4743007213406,9.9792,22.474,-0.23370053896349,-0.00760813555512989
18.2,13,290,22-Aug-2026 19:07:52,35.8,35.4743007213406,10.0346,22.469,-0.20529431862859,-0.0066832663588683
18.2,13,290,19-Aug-2026 19:06:42,35.83,35.5040252046501,9.9929,22.473,-0.224127189402108,-0.00729646194975083
18.2,13,290,19-Aug-2026 20:06:43,35.83,35.5040252046501,10.0264,22.468,-0.219487536602827,-0.00714536076682427
18.2,13,290,22-Aug-2026 18:07:51,35.83,35.5040252046501,10.1508,22.445,-0.195485361322484,-0.00636375192259544
18.2,13,290,23-Aug-2026 06:08:04,35.83,35.5040252046501,10.0069,22.467,-0.217126356357636,-0.00706849602259208
18.2,13,290,19-Aug-2026 14:06:37,35.84,35.513933364789,9.9625,22.476,-0.24085753596924,-0.00784116970941737
18.2,13,290,22-Aug-2026 20:07:53,35.84,35.513933364789,9.9856,22.47,-0.209345635077101,-0.00681516619390454
18.2,13,290,23-Aug-2026 07:08:05,35.84,35.513933364789,10.0628,22.465,-0.22280720332194,-0.00725338498728664
18.2,13,290,20-Aug-2026 03:06:50,35.85,35.5238415244501,10.0634,22.463,-0.225210586885512,-0.00733160352243458
18.2,13,290,23-Aug-2026 05:08:03,35.85,35.5238415244501,10.069,22.461,-0.217895349086026,-0.00709347987464586
18.2,13,290,21-Aug-2026 04:07:15,35.86,35.5337496836332,9.9594,22.474,-0.204856591590163,-0.0066691409048341
18.2,13,290,21-Aug-2026 05:07:16,35.86,35.5337496836332,9.9914,22.486,-0.216916768643989,-0.00706177654144858
18.2,13,290,19-Aug-2026 21:06:44,35.87,35.5436578423319,10.0145,22.469,-0.229018638073833,-0.0074556593649327
18.2,13,290,19-Aug-2026 13:06:36,35.88,35.5535660005526,9.9159,22.481,-0.236675890526216,-0.0077051186274719
18.2,13,290,21-Aug-2026 06:07:17,35.88,35.5535660005526,10.0328,22.496,-0.210028644426966,-0.00683756450399031
18.2,13,290,20-Aug-2026 01:06:48,35.89,35.5634741582824,10.049,22.465,-0.22675572503222,-0.00738192644062633
18.2,13,290,20-Aug-2026 02:06:49,35.89,35.5634741582824,10.0556,22.464,-0.214828938891804,-0.00699365013168393
18.2,13,290,20-Aug-2026 04:06:51,35.89,35.5634741582824,10.0867,22.461,-0.218156099444954,-0.00710191766195883
18.2,13,290,22-Aug-2026 17:07:50,35.89,35.5634741582824,10.0945,22.464,-0.200489367459329,-0.00652679324425548
18.2,13,290,22-Aug-2026 21:07:54,35.89,35.5634741582824,9.9996,22.466,-0.215780346131313,-0.0070246910253271
18.2,13,290,23-Aug-2026 08:08:06,35.89,35.5634741582824,10.0169,22.465,-0.223409838448787,-0.00727303277446501
18.2,13,290,20-Aug-2026 00:06:47,35.9,35.5733823155405,10.0409,22.466,-0.224360752831954,-0.00730397843637735
18.2,13,290,20-Aug-2026 17:07:03,35.9,35.5733823155405,10.0536,22.475,-0.204062635895508,-0.00664314789615838
18.2,13,290,19-Aug-2026 12:06:35,35.91,35.5832904723204,9.9278,22.475,-0.24157047328537,-0.0078644104045289
18.2,13,290,19-Aug-2026 22:06:45,35.91,35.5832904723204,10.025,22.467,-0.22346433529814,-0.00727482208099251
18.2,13,290,21-Aug-2026 07:07:18,35.91,35.5832904723204,10.0404,22.495,-0.228152775794992,-0.00742759042379606
18.2,13,290,23-Aug-2026 04:08:01,35.91,35.5832904723204,10.1822,22.455,-0.205951460864187,-0.00670450448120468
18.2,13,290,19-Aug-2026 23:06:46,35.92,35.5931986286158,10.0319,22.468,-0.22191358142241,-0.00722433289746265
18.2,13,290,20-Aug-2026 16:07:02,35.92,35.5931986286158,10.1399,22.457,-0.210318431442657,-0.00684670262178129
18.2,13,290,21-Aug-2026 03:07:14,35.92,35.5931986286158,9.986,22.471,-0.205636018009778,-0.00669448446664588
18.2,13,290,20-Aug-2026 05:06:52,35.93,35.6031067844329,10.1049,22.459,-0.225395334166414,-0.00733754666491846
18.2,13,290,20-Aug-2026 18:07:04,35.93,35.6031067844329,10.0322,22.468,-0.225814722956695,-0.00735133399403736
18.2,13,290,20-Aug-2026 19:07:05,35.93,35.6031067844329,10.0145,22.469,-0.213041526672935,-0.00693553039996974
18.2,13,290,21-Aug-2026 02:07:13,35.93,35.6031067844329,9.9691,22.472,-0.223100211591142,-0.00726304763538869
18.2,13,290,21-Aug-2026 17:07:27,35.93,35.6031067844329,10.0252,22.477,-0.207428082876611,-0.00675281761055008
18.2,13,290,22-Aug-2026 22:07:55,35.93,35.6031067844329,10.1283,22.461,-0.195970667625263,-0.0063796528315567
18.2,13,290,20-Aug-2026 06:06:53,35.94,35.6130149397589,10.1352,22.455,-0.214353994662841,-0.00697806452512489
18.2,13,290,21-Aug-2026 16:07:26,35.94,35.6130149397589,10.0104,22.48,-0.212920163805727,-0.00693163730179403
18.2,13,290,22-Aug-2026 06:07:40,35.94,35.6130149397589,10.1269,22.463,-0.199986741254941,-0.00651040306058658
18.2,13,290,23-Aug-2026 03:08:00,35.94,35.6130149397589,10.0064,22.466,-0.200188897755383,-0.00651711629586859
18.2,13,290,19-Aug-2026 11:06:34,35.95,35.622923094613,9.8544,22.49,-0.244529059094366,-0.00796089695850943
18.2,13,290,23-Aug-2026 09:08:07,35.95,35.622923094613,10.0436,22.461,-0.220163588458928,-0.00716731460815396
18.2,13,290,20-Aug-2026 15:07:01,35.96,35.6328312489888,10.0287,22.468,-0.209894550023423,-0.00683305582506274
18.2,13,290,21-Aug-2026 18:07:28,35.96,35.6328312489888,10.02,22.474,-0.207369660174872,-0.00675090115854985
18.2,13,290,21-Aug-2026 19:07:29,35.96,35.6328312489888,10.0092,22.482,-0.202527317585445,-0.00659331557414257
18.2,13,290,22-Aug-2026 05:07:39,35.96,35.6328312489888,10.1158,22.465,-0.197516557310457,-0.00643000708680834
18.2,13,290,22-Aug-2026 07:07:41,35.96,35.6328312489888,10.1217,22.462,-0.204006083579059,-0.00664124459200492
18.2,13,290,22-Aug-2026 16:07:49,35.96,35.6328312489888,10.0623,22.467,-0.215423182497765,-0.00701299420391422
18.2,13,290,20-Aug-2026 20:07:06,35.97,35.6427394028733,10.0363,22.467,-0.217853148522423,-0.00709214156079005
18.2,13,290,23-Aug-2026 02:07:59,35.97,35.6427394028733,9.9323,22.481,-0.209237881668903,-0.00681183891340069
18.2,13,290,21-Aug-2026 08:07:19,35.98,35.6526475562858,10.0189,22.49,-0.213959432200152,-0.00696550579550517
18.2,13,290,23-Aug-2026 01:07:58,35.98,35.6526475562858,9.9932,22.466,-0.216005288209927,-0.00703202270541228
18.2,13,290,23-Aug-2026 10:08:08,35.98,35.6526475562858,10.0563,22.464,-0.210916676870345,-0.00686629534263144
18.2,13,290,19-Aug-2026 10:06:33,35.99,35.6625557092263,9.8804,22.485,-0.241388089072044,-0.0078585876682103
18.2,13,290,21-Aug-2026 01:07:12,35.99,35.6625557092263,9.8503,22.487,-0.218830384796604,-0.00712422145279704
18.2,13,290,21-Aug-2026 15:07:25,35.99,35.6625557092263,10.0253,22.476,-0.211454306538033,-0.00688388791733503
18.2,13,290,22-Aug-2026 08:07:42,35.99,35.6625557092263,10.1096,22.463,-0.209502351542221,-0.00682018526711639
18.2,13,290,22-Aug-2026 23:07:56,35.99,35.6625557092263,10.1596,22.458,-0.197908508753787,-0.00644269172806626
18.2,13,290,19-Aug-2026 09:06:32,36,35.672463861669,9.9032,22.481,-0.238245268743687,-0.00775622871394888
18.2,13,290,22-Aug-2026 04:07:38,36,35.672463861669,10.0932,22.468,-0.204465864261509,-0.00665627036235195
18.2,13,290,23-Aug-2026 00:07:57,36,35.672463861669,9.9757,22.477,-0.207355400078383,-0.00675049590896881
18.2,13,290,19-Aug-2026 06:06:24,36.01,35.6823720136459,9.9103,22.482,NaN,NaN
18.2,13,290,20-Aug-2026 21:07:07,36.01,35.6823720136459,10.0269,22.468,-0.21151340592306,-0.00688577110030566
18.2,13,290,21-Aug-2026 09:07:20,36.01,35.6823720136459,10.0021,22.496,-0.2224594790694,-0.00724229239406408
18.2,13,290,21-Aug-2026 14:07:24,36.01,35.6823720136459,10.0585,22.501,-0.202832722029857,-0.00660331028598803
18.2,13,290,21-Aug-2026 20:07:30,36.01,35.6823720136459,10.0169,22.47,-0.203455207059861,-0.00662344864380047
18.2,13,290,19-Aug-2026 07:06:30,36.02,35.692280165125,9.91,22.482,-0.184371899292785,-0.00600234250433914
18.2,13,290,20-Aug-2026 07:06:53,36.02,35.692280165125,10.1634,22.455,-0.213677554968647,-0.00695601768227462
18.2,13,290,22-Aug-2026 09:07:43,36.02,35.692280165125,10.1238,22.462,-0.211845887592143,-0.00689646564027515
18.2,13,290,20-Aug-2026 08:06:54,36.03,35.7021883161319,10.106,22.463,-0.211009368554658,-0.00686925780164092
18.2,13,290,20-Aug-2026 23:07:09,36.03,35.7021883161319,10.0465,22.465,-0.20839594485846,-0.00678424862613784
18.2,13,290,23-Aug-2026 19:08:17,36.03,35.7021883161319,9.9689,22.478,-0.230957868171266,-0.00751888967436336
18.2,13,290,19-Aug-2026 08:06:31,36.04,35.71209646666,9.8852,22.485,-0.233334541054954,-0.00759640121985358
18.2,13,290,21-Aug-2026 00:07:10,36.04,35.71209646666,10.0171,22.469,-0.215481000170144,-0.00701494237441826
18.2,13,290,22-Aug-2026 15:07:48,36.04,35.71209646666,10.062,22.467,-0.200823016265763,-0.00653767790629724
18.2,13,290,23-Aug-2026 11:08:09,36.04,35.71209646666,9.986,22.494,-0.216879232660063,-0.00706059736357548
18.2,13,290,23-Aug-2026 18:08:16,36.04,35.71209646666,9.9965,22.472,-0.220378314380483,-0.00717442050968447
18.2,13,290,23-Aug-2026 20:08:18,36.04,35.71209646666,10.0145,22.476,-0.217091278511519,-0.00706741188180933
18.2,13,290,20-Aug-2026 14:07:00,36.05,35.7220046167031,10.0301,22.468,-0.217846954486266,-0.00709194780525555
18.2,13,290,20-Aug-2026 22:07:08,36.05,35.7220046167031,10.0211,22.469,-0.219371083757535,-0.00714158110562508
18.2,13,290,22-Aug-2026 03:07:37,36.05,35.7220046167031,10.1061,22.467,-0.203043914681189,-0.00660996930381067
18.2,13,290,22-Aug-2026 02:07:36,36.06,35.7319127662801,10.0774,22.473,-0.206071005693121,-0.00670856355771024
18.2,13,290,22-Aug-2026 14:07:47,36.06,35.7319127662801,10.1125,22.462,-0.198419117426619,-0.00645936000599078
18.2,13,290,23-Aug-2026 17:08:15,36.06,35.7319127662801,10.0283,22.479,-0.219459744531803,-0.00714452293989531
18.2,13,290,21-Aug-2026 10:07:21,36.07,35.7418209153528,10.0145,22.494,-0.215350692634119,-0.00701083203056972
18.2,13,290,21-Aug-2026 11:07:21,36.07,35.7418209153528,10.0275,22.493,-0.210057232507471,-0.00683848746915524
18.2,13,290,21-Aug-2026 21:07:31,36.07,35.7418209153528,10.0595,22.47,-0.205171708840203,-0.00667929111546348
18.2,13,290,20-Aug-2026 13:06:59,36.08,35.7517290639658,10.178,22.455,-0.209762122515387,-0.0068285566868894
18.2,13,290,22-Aug-2026 10:07:44,36.08,35.7517290639658,10.1205,22.462,-0.207799663142467,-0.00676474490777814
18.2,13,290,20-Aug-2026 09:06:55,36.09,35.7616372120871,10.1175,22.46,-0.20951404341752,-0.00682055302629412
18.2,13,290,21-Aug-2026 13:07:23,36.09,35.7616372120871,10.0435,22.501,-0.204265142336087,-0.00664995365189947
18.2,13,290,22-Aug-2026 13:07:46,36.09,35.7616372120871,10.1196,22.461,-0.20383569273633,-0.00663569540273151
18.2,13,290,21-Aug-2026 12:07:22,36.1,35.7715453597358,9.9921,22.497,-0.226957225420495,-0.00738875916161234
18.2,13,290,22-Aug-2026 11:07:44,36.1,35.7715453597358,10.0915,22.466,-0.200679569413807,-0.00653300547887402
18.2,13,290,22-Aug-2026 12:07:45,36.1,35.7715453597358,10.1031,22.463,-0.206973357740602,-0.00673787152699408
18.2,13,290,23-Aug-2026 15:08:13,36.1,35.7715453597358,9.9886,22.474,-0.223881376077254,-0.00728847634353012
18.2,13,290,23-Aug-2026 16:08:14,36.1,35.7715453597358,9.997,22.486,-0.21224758713299,-0.00690979350470183
18.2,13,290,23-Aug-2026 21:08:19,36.1,35.7715453597358,10.0032,22.485,-0.22103093232891,-0.00719571421997778
18.2,13,290,22-Aug-2026 00:07:34,36.12,35.7913616535707,10.0398,22.48,-0.204403050976462,-0.00665433997500153
18.2,13,290,22-Aug-2026 01:07:35,36.12,35.7913616535707,10.0478,22.483,-0.210697510162079,-0.00685926086983413
18.2,13,290,23-Aug-2026 12:08:10,36.12,35.7913616535707,10.0461,22.465,-0.21254570691617,-0.00691935012177578
18.2,13,290,20-Aug-2026 10:06:56,36.13,35.801269799776,10.1996,22.452,-0.217039636938581,-0.00706542387903553
18.2,13,290,20-Aug-2026 12:06:58,36.13,35.801269799776,10.0381,22.465,-0.208350348368506,-0.00678276563321275
18.2,13,290,23-Aug-2026 14:08:12,36.13,35.801269799776,10.0202,22.474,-0.218025367690619,-0.00709779361845014
18.2,13,290,23-Aug-2026 22:08:20,36.13,35.801269799776,10.0034,22.481,-0.222495539887538,-0.00724338720497138
18.2,13,290,21-Aug-2026 22:07:32,36.14,35.8111779454893,10.0633,22.472,-0.201149110084734,-0.00654834964747471
18.2,13,290,23-Aug-2026 13:08:11,36.14,35.8111779454893,10.0218,22.479,-0.22180775241774,-0.0072209527173286
18.2,13,290,20-Aug-2026 11:06:57,36.15,35.8210860907428,10.0694,22.463,-0.221157290553501,-0.00719966043263109
18.2,13,290,21-Aug-2026 23:07:33,36.16,35.8309942354914,10.0743,22.476,-0.19578064882513,-0.0063735917618447
18.2,13,290,23-Aug-2026 23:08:21,36.18,35.8508105235701,10.0308,22.478,-0.219412019909421,-0.00714296623742476
18.2,13,290,24-Aug-2026 00:08:22,36.24,35.9102593762693,10.0361,22.475,NaN,NaN
18.2,13,590,NaT,0,0,NaN,NaN,NaN,NaN
18.2,13,590,NaT,0.2,0.198197575549084,NaN,NaN,260.93996572065,8.36680124380891
18.2,13,590,24-Aug-2026 02:17:47,0.4,0.396394958602638,18.1580333333333,15.0525,234.610027432781,7.60618816465244
18.2,13,590,24-Aug-2026 02:17:45,0.6,0.594592149189359,18.1574,19.16,234.474946312531,7.60180979921331
18.2,13,590,24-Aug-2026 02:17:44,0.8,0.792789147292957,18.15555,19.1595,234.339865192282,7.59743143377418
18.2,13,590,24-Aug-2026 02:17:42,1,0.990985952922833,18.1639416666667,19.15775,234.247837438751,7.59445101462436
18.2,13,590,24-Aug-2026 02:17:40,1.2,1.18918256608195,18.171416,19.15648,234.19886305194,7.59286854176383
18.2,13,590,24-Aug-2026 02:17:38,1.4,1.3873789867604,18.1686111111111,19.157962962963,234.06496125307,7.58852879474011
18.2,13,590,24-Aug-2026 02:17:37,1.6,1.58557521495471,18.1748333333333,19.1572222222222,233.846132042141,7.58143177355318
18.2,13,590,24-Aug-2026 02:17:35,1.8,1.78377125068706,18.1768076923077,19.1575384615385,233.645318860163,7.57492799781516
18.2,13,590,24-Aug-2026 02:17:34,2,1.98196709394753,18.1747285714286,19.1591428571429,233.41558830867,7.56750063013185
18.2,13,590,24-Aug-2026 02:17:32,2.2,2.18016274473901,18.1713826086957,19.161,233.154744892083,7.55906877630709
18.2,13,590,24-Aug-2026 02:17:30,2.4,2.37835820305796,18.17172,19.16068,232.923781248498,7.55158979501573
18.2,13,590,24-Aug-2026 02:17:29,2.6,2.57655346890084,18.17132,19.15908,232.724892873496,7.5451445804539
18.2,13,590,24-Aug-2026 02:17:27,2.8,2.7747485422962,18.1715590909091,19.1598636363636,232.465756883526,7.53674701940292
18.2,13,590,24-Aug-2026 02:17:25,3,2.97294342320192,18.1708965517241,19.1594137931034,232.212958534074,7.52855773775526
18.2,13,590,24-Aug-2026 02:17:24,3.2,3.1711381116594,18.1713043478261,19.158652173913,231.927802062003,7.5193165513207
18.2,13,590,24-Aug-2026 02:17:22,3.4,3.36933260765859,18.173,19.1581923076923,231.616491329096,7.50922740202814
18.2,13,590,24-Aug-2026 02:17:21,3.6,3.56752691117663,18.173,19.1589615384615,231.31138445797,7.49934219466449
18.2,13,590,24-Aug-2026 02:17:19,3.8,3.76572102225485,18.170416,19.159,230.958693742452,7.4879334242825
18.2,13,590,24-Aug-2026 02:17:17,4,3.9639149408575,18.1677333333333,19.159,230.601931091448,7.47637340745199
18.2,13,590,24-Aug-2026 02:17:16,4.2,4.16210866700663,18.1655961538462,19.1587307692308,230.117194689283,7.46066292441299
18.2,13,590,24-Aug-2026 02:17:14,4.4,4.360302200705,18.164508,19.15804,229.596002607531,7.44377588998446
18.2,13,590,24-Aug-2026 02:17:13,4.6,4.55849554193609,18.164668,19.15884,229.166328597354,7.42986277037488
18.2,13,590,24-Aug-2026 02:17:11,4.8,4.75668869070905,18.1642586206897,19.1595517241379,228.720142539275,7.41540711562384
18.2,13,590,24-Aug-2026 02:17:10,5,4.95488164703947,18.1638730769231,19.1597307692308,228.046571360279,7.39357745409811
18.2,13,590,24-Aug-2026 02:17:08,5.2,5.15307441091721,18.1636607142857,19.159,227.319135176964,7.37000395557434
18.2,13,590,24-Aug-2026 02:17:07,5.4,5.35126698233855,18.160875,19.159,226.765219110249,7.35206062682721
18.2,13,590,24-Aug-2026 02:17:06,5.6,5.54945936131259,18.1605259259259,19.1585185185185,226.093516934609,7.33028771531876
18.2,13,590,24-Aug-2026 02:17:04,5.8,5.74765154782918,18.1631928571429,19.1575714285714,225.364296046529,7.30664281827461
18.2,13,590,24-Aug-2026 02:17:03,6,5.94584354191667,18.1698357142857,19.1561428571429,224.577556446009,7.28112593569476
18.2,13,590,24-Aug-2026 02:17:01,6.2,6.14403534354558,18.175,19.1566923076923,223.466098153616,7.24509457157608
18.2,13,590,24-Aug-2026 02:17:00,6.4,6.34222695272499,18.177,19.157,222.720376039506,7.2209358663956
18.2,13,590,24-Aug-2026 02:16:58,6.6,6.54041836945752,18.1767125,19.157125,221.995860860902,7.19746463005867
18.2,13,590,24-Aug-2026 02:16:57,6.8,6.7386095937522,18.175275,19.15775,221.292552617803,7.17468086256528
18.2,13,590,24-Aug-2026 02:16:56,7,6.93680062561165,18.1744677419355,19.1572258064516,220.314576302881,7.14297774214738
18.2,13,590,24-Aug-2026 02:16:54,7.2,7.1349914650256,18.1741,19.156,219.367664847595,7.1122860382783
18.2,13,590,24-Aug-2026 02:16:53,7.4,7.33318211199662,18.1741,19.156,218.451818251946,7.08260575095804
18.2,13,590,24-Aug-2026 02:16:52,7.6,7.53137256654014,18.1743566666667,19.1556333333333,217.316462806731,7.04579993132552
18.2,13,590,24-Aug-2026 02:16:50,7.8,7.72956282863301,18.1748034482759,19.1549655172414,216.304668086713,7.01300435581397
18.2,13,590,24-Aug-2026 02:16:49,8,7.92775289829704,18.1748724137931,19.154275862069,215.416434091894,6.9842190244234
18.2,13,590,24-Aug-2026 02:16:48,8.2,8.12594277552191,18.1732714285714,19.1544285714286,214.42476543329,6.95208343171807
18.2,13,590,24-Aug-2026 02:16:46,8.4,8.32413246031655,18.1710285714286,19.1548571428571,213.386931171269,6.91844593291007
18.2,13,590,24-Aug-2026 02:16:45,8.6,8.52232195267705,18.1706714285714,19.1541428571429,212.30293130583,6.88330652799939
18.2,13,590,24-Aug-2026 02:16:43,8.8,8.7205112526059,18.1703538461538,19.154,211.249973261315,6.84919162200143
18.2,13,590,24-Aug-2026 02:16:42,9,8.91870036010559,18.16045,19.1586428571429,210.025619533319,6.80956394571264
18.2,13,590,24-Aug-2026 02:16:40,9.2,9.11688927518497,18.1251833333333,19.1859166666667,209.377745922729,6.78891954786469
18.2,13,590,24-Aug-2026 02:16:39,9.4,9.31507799782726,17.9480166666667,19.3750833333333,209.477748113024,6.79277119874839
18.2,13,590,24-Aug-2026 02:16:37,9.6,9.51326652803489,17.8280461538462,19.5269230769231,209.587869886269,6.79759102292095
18.2,13,590,24-Aug-2026 02:16:36,9.8,9.71145486583598,17.7497384615385,19.6261538461538,209.925692552908,6.80927438201909
18.2,13,590,24-Aug-2026 02:16:34,10,9.90964301120082,17.6844,19.697,210.330163412514,6.82302940860109
18.2,13,590,24-Aug-2026 02:16:32,10.2,10.1078309641511,17.5980695652174,19.7787391304348,210.599941986857,6.83231389592348
18.2,13,590,24-Aug-2026 02:16:30,10.4,10.3060187246635,17.5272954545455,19.8708181818182,210.668380082972,6.83505617650241
18.2,13,590,24-Aug-2026 02:16:29,10.6,10.5042062927725,17.4732045454545,20.0271818181818,210.736818179088,6.83779845708133
18.2,13,590,24-Aug-2026 02:16:26,10.8,10.7023936684484,17.4754631578947,20.0442631578947,210.595392903834,6.83356070380087
18.2,13,590,24-Aug-2026 02:16:24,11,10.9005808517193,17.4785142857143,20.0698571428571,210.244104257212,6.82234291666102
18.2,13,590,24-Aug-2026 02:16:22,11.2,11.0987678425617,17.4796133333333,20.1000666666667,209.892815610589,6.81112512952117
18.2,13,590,24-Aug-2026 02:16:20,11.4,11.2969546410037,17.4773,20.1513333333333,209.437090987917,6.79649290473849
18.2,13,590,24-Aug-2026 02:16:18,11.6,11.4951412470155,17.46822,20.1744,208.876930389194,6.77844624231299
18.2,13,590,24-Aug-2026 02:16:15,11.8,11.6933276606186,17.4590230769231,20.1932307692308,208.316769790472,6.76039957988749
18.2,13,590,24-Aug-2026 02:16:13,12,11.8915138818154,17.4535,20.204,207.617035255279,6.73779692139658
18.2,13,590,24-Aug-2026 02:16:10,12.2,12.0896999105889,17.4421769230769,20.2196153846154,206.917300720086,6.71519426290567
18.2,13,590,24-Aug-2026 02:16:07,12.4,12.2878857469605,17.4230769230769,20.2469230769231,206.40668371651,6.69877202747345
18.2,13,590,24-Aug-2026 02:16:04,12.6,12.4860713909198,17.4022142857143,20.2822857142857,205.896066712935,6.68234979204122
18.2,13,590,24-Aug-2026 02:16:01,12.8,12.6842568424818,17.3795652173913,20.3182173913043,205.272596026342,6.66231450477872
18.2,13,590,24-Aug-2026 02:15:57,13,12.8824421016166,17.3559764705882,20.3542941176471,204.536271656733,6.63866616568596
18.2,13,590,24-Aug-2026 02:15:53,13.2,13.0806271683585,17.3502166666667,20.3631666666667,203.814957717594,6.61534055276706
18.2,13,590,24-Aug-2026 02:15:49,13.4,13.278812042697,17.3263,20.389,202.911861362072,6.58626529494201
18.2,13,590,24-Aug-2026 02:15:43,13.6,13.476996724647,17.275775,20.464375,201.826982590168,6.55144039221083
18.2,13,590,24-Aug-2026 02:15:37,13.8,13.6751812141786,17.23065,20.525,200.755839129145,6.51706371117831
18.2,13,590,24-Aug-2026 02:15:30,14,13.8733655113132,17.2022076923077,20.5632307692308,200.365131092302,6.50456441400563
18.2,13,590,24-Aug-2026 02:15:21,14.2,14.0715496160402,17.1671,20.617,199.938087091744,6.49089182459273
18.2,13,590,24-Aug-2026 02:15:08,14.4,14.269733528381,17.16882,20.6158,199.221307563726,6.46772408153106
18.2,13,590,24-Aug-2026 01:56:11,14.6,14.4679172483184,17.1489333333333,20.6333333333333,185.666295397438,6.02781719414057
18.2,13,590,24-Aug-2026 01:18:09,14.8,14.6661007758609,17.1076,20.678,159.719203532562,5.18574310283495
18.2,13,590,24-Aug-2026 01:17:01,15,14.8642841110043,17.0717090909091,20.7164545454545,144.065071506231,4.6778921087773
18.2,13,590,24-Aug-2026 01:16:46,15.2,15.0624672537699,16.9070947368421,20.8485789473684,138.511145942513,4.4980141329625
18.2,13,590,24-Aug-2026 01:16:39,15.4,15.2606502041341,16.6068363636364,21.1097272727273,137.99566108929,4.48220248549331
18.2,13,590,24-Aug-2026 01:16:35,15.6,15.4588329621054,16.5417,21.191,137.425231254681,4.46428253007559
18.2,13,590,24-Aug-2026 01:16:29,15.8,15.6570155276859,16.4665,21.27,136.946720623017,4.44890552312264
18.2,13,590,24-Aug-2026 01:16:23,16,15.855197900884,16.4495,21.279,136.615074175686,4.43817977258299
18.2,13,590,24-Aug-2026 01:16:16,16.2,16.0533800816824,16.4366090909091,21.2868181818182,136.050639402528,4.41991640474879
18.2,13,590,24-Aug-2026 01:16:07,16.4,16.2515620701089,16.3565071428571,21.3461428571429,135.516502853152,4.40280095307572
18.2,13,590,24-Aug-2026 01:15:59,16.6,16.4497438661527,16.31204,21.3832,134.363630798822,4.36563597819524
18.2,13,590,24-Aug-2026 01:15:50,16.8,16.6479254697964,16.1950583333333,21.4586666666667,132.660097694019,4.31048996699207
18.2,13,590,24-Aug-2026 01:15:40,17,16.8461068810614,16.1758545454545,21.4631818181818,131.024639043698,4.25741244267363
18.2,13,590,24-Aug-2026 01:15:29,17.2,17.0442880999495,15.9998538461538,21.5613076923077,126.397974503556,4.10751585422972
18.2,13,590,24-Aug-2026 01:15:19,17.4,17.2424691264628,15.95805,21.57675,123.934451408572,4.02752208679644
18.2,13,590,24-Aug-2026 01:15:06,17.6,17.4406499605967,15.8915,21.5976153846154,121.065202115401,3.93433244291795
18.2,13,590,24-Aug-2026 01:14:51,17.8,17.6388306023468,15.86017,21.6075,119.040865810237,3.86863485830001
18.2,13,590,24-Aug-2026 01:14:39,18,17.8370110517151,15.7998909090909,21.6183636363636,118.385697282898,3.84741306572541
18.2,13,590,24-Aug-2026 01:14:28,18.2,18.0351913087097,15.80616,21.6188,117.084282441215,3.8051146771939
18.2,13,590,24-Aug-2026 01:14:14,18.4,18.2333713733455,15.8407545454545,21.6074545454545,115.712672871353,3.760601833198
18.2,13,590,24-Aug-2026 01:14:04,18.6,18.4315512455986,15.6736076923077,21.6473846153846,115.035643479286,3.73873898603222
18.2,13,590,24-Aug-2026 01:13:55,18.8,18.629730925471,15.62452,21.6602,113.883140049197,3.70127956691864
18.2,13,590,24-Aug-2026 01:13:29,19,18.8279104129773,15.68542,21.643,111.28511211169,3.61682726742216
18.2,13,590,24-Aug-2026 01:13:03,19.2,19.0260897081193,15.6934,21.642,106.913042828149,3.47474904992644
18.2,13,590,24-Aug-2026 01:12:34,19.4,19.2242688108926,15.626775,21.6625,102.008904732806,3.31540639004411
18.2,13,590,24-Aug-2026 01:11:46,19.6,19.4224477212988,15.6219846153846,21.6570769230769,91.7425164204252,2.98177199254819
18.2,13,590,24-Aug-2026 01:08:22,19.8,19.6206264393334,15.571975,21.66675,83.8036072367477,2.723774565028
18.2,13,590,24-Aug-2026 01:08:04,20,19.8188049650046,15.5493272727273,21.6729090909091,83.3508754256224,2.70907444032687
18.2,13,590,24-Aug-2026 01:06:45,20.2,20.0169832983142,15.4960545454545,21.688,81.3496701961328,2.64412751154488
18.2,13,590,24-Aug-2026 01:06:28,20.4,20.215161439264,15.4475333333333,21.7030833333333,78.1914829300571,2.54154101892187
18.2,13,590,24-Aug-2026 01:06:16,20.6,20.4133393878363,15.411475,21.719,73.1114438708194,2.3764815792967
18.2,13,590,24-Aug-2026 01:05:42,20.8,20.6115171440652,15.3812727272727,21.7334545454545,50.941988489907,1.65600163944668
18.2,13,590,24-Aug-2026 01:04:49,21,20.8096947079266,15.3048818181818,21.7707272727273,35.2401759725137,1.14565704823115
18.2,13,590,24-Aug-2026 01:04:43,21.2,21.0078720794479,15.31678,21.7692,27.5821417909409,0.896696477047878
18.2,13,590,24-Aug-2026 01:04:39,21.4,21.206049258586,15.2843,21.7591578947368,21.5002430816714,0.698984577262415
18.2,13,590,24-Aug-2026 01:04:35,21.6,21.4042262453874,15.2553923076923,21.7762307692308,17.5670618122337,0.571141692147455
18.2,13,590,24-Aug-2026 01:04:33,21.8,21.6024030398282,15.00982,21.8554,13.6338805427958,0.443298807032493
18.2,13,590,24-Aug-2026 01:04:30,22,21.8005796419164,14.8096333333333,21.9608888888889,9.25474683591123,0.300924700956397
18.2,13,590,24-Aug-2026 01:04:28,22.2,21.9987560516536,14.79315,21.959,4.87561312902647,0.158550594880295
18.2,13,590,24-Aug-2026 01:04:26,22.4,22.1969322690417,14.1138333333333,22.2154285714286,2.40567539678674,0.0782468733130908
18.2,13,590,24-Aug-2026 01:04:24,22.6,22.395108294082,12.827065,22.3958,1.8449336391919,0.0600135362547786
18.2,13,590,24-Aug-2026 01:04:22,22.8,22.5932841267636,12.20139,22.29355,1.28419188159705,0.0417801991964661
18.2,13,590,24-Aug-2026 01:04:20,23,22.7914597671136,11.9431473684211,22.2637368421053,0.892526380150525,0.0290422363730815
18.2,13,590,24-Aug-2026 01:04:18,23.2,22.9896352151015,11.8571333333333,22.2694444444444,0.669937134852278,0.0217996477846233
18.2,13,590,24-Aug-2026 01:04:16,23.4,23.1878104707546,11.787419047619,22.2888095238095,0.462817987230436,0.0150604047016629
18.2,13,590,24-Aug-2026 01:04:14,23.6,23.3859855340681,11.7106571428571,22.3022857142857,0.285187481562152,0.00928038728520892
18.2,13,590,24-Aug-2026 01:04:12,23.8,23.5841604050242,11.645019047619,22.3026666666667,0.12157552017102,0.00395625002976367
18.2,13,590,24-Aug-2026 01:04:10,24,23.7823350836502,11.6032541666667,22.307875,-0.0221611005588214,-0.000721180020630785
18.2,13,590,24-Aug-2026 01:04:08,24.2,23.9805095699347,11.571465,22.31375,-0.134522682611325,-0.00437774351574054
18.2,13,590,24-Aug-2026 01:04:06,24.4,24.1786838638858,11.51836,22.33305,-0.23538456664777,-0.00766014766061596
18.2,13,590,24-Aug-2026 01:04:04,24.6,24.3768579654856,11.46017,22.32455,-0.29800182444864,-0.00969804798217959
18.2,13,590,24-Aug-2026 01:04:02,24.8,24.5750318747613,11.4254681818182,22.3439090909091,-0.311863441583043,-0.0101493274373118
18.2,13,590,24-Aug-2026 01:04:00,25,24.7732055917016,11.2903454545455,22.3737727272727,-0.315214044286553,-0.0102584898493243
18.2,13,590,24-Aug-2026 01:03:59,25.2,24.9713791163016,11.2392545454545,22.3492272727273,-0.318564646990064,-0.0103676522613368
18.2,13,590,24-Aug-2026 01:03:57,25.4,25.169552448569,11.2279238095238,22.3525238095238,-0.306242730624983,-0.00996671417362739
18.2,13,590,24-Aug-2026 01:03:55,25.6,25.3677255885182,11.2013909090909,22.3562727272727,-0.304664642250465,-0.00991545783597512
18.2,13,590,24-Aug-2026 01:03:53,25.8,25.565898536125,11.1665952380952,22.3608095238095,-0.303086553875947,-0.00986420149832284
18.2,13,590,24-Aug-2026 01:03:51,26,25.7640712913971,11.1218,22.36875,-0.305354639571432,-0.00993815553459207
18.2,13,590,24-Aug-2026 01:03:49,26.2,25.9622438543425,11.0864714285714,22.3674285714286,-0.305340110667645,-0.00993772166796133
18.2,13,590,24-Aug-2026 01:03:47,26.4,26.1604162249753,11.0622333333333,22.368,-0.305325581763858,-0.0099372878013306
18.2,13,590,24-Aug-2026 01:03:45,26.6,26.3585884032649,11.0366,22.3714761904762,-0.31149015529636,-0.0101380244248158
18.2,13,590,24-Aug-2026 01:03:43,26.8,26.5567603892446,11.0059272727273,22.3746363636364,-0.305262482833309,-0.00993539656118643
18.2,13,590,24-Aug-2026 01:03:42,27,26.7549321828902,10.9585095238095,22.3817142857143,-0.302502561380306,-0.00984568801286888
18.2,13,590,24-Aug-2026 01:03:40,27.2,26.9531037842159,10.8981409090909,22.3920909090909,-0.303210390937351,-0.00986889877986313
18.2,13,590,24-Aug-2026 01:03:38,27.4,27.1512751932166,10.83894,22.39905,-0.301767270185716,-0.00982208842883077
18.2,13,590,24-Aug-2026 01:03:36,27.6,27.3494464099193,10.7709,22.4041818181818,-0.2981731991254,-0.00970525695977181
18.2,13,590,24-Aug-2026 01:03:34,27.8,27.5476174342867,10.6973761904762,22.411,-0.299490662375575,-0.00974824952315984
18.2,13,590,24-Aug-2026 01:03:32,28,27.745788266333,10.64922,22.411,-0.304166709649474,-0.00990050673751989
18.2,13,590,24-Aug-2026 01:03:30,28.2,27.9439589060724,10.6259086956522,22.4111739130435,-0.307289806636607,-0.010002204570405
18.2,13,590,24-Aug-2026 01:03:28,28.4,28.1421293534805,10.6069761904762,22.4120952380952,-0.307794995337499,-0.0100186933137228
18.2,13,590,24-Aug-2026 01:03:27,28.6,28.3402996085904,10.5885,22.414,-0.305682275752149,-0.00994997296747329
18.2,13,590,24-Aug-2026 01:03:25,28.8,28.5384696713844,10.5486739130435,22.4261739130435,-0.304425467680285,-0.00990924210881928
18.2,13,590,24-Aug-2026 01:03:23,29,28.7366395418636,10.4888913043478,22.4353913043478,-0.303168659608422,-0.00986851125016527
18.2,13,590,24-Aug-2026 01:03:21,29.2,28.934809220042,10.4139636363636,22.4411818181818,-0.295201101348709,-0.0096092724587824
18.2,13,590,24-Aug-2026 01:03:19,29.4,29.1329787058952,10.3714285714286,22.439,-0.294880749002308,-0.0095988467140319
18.2,13,590,24-Aug-2026 01:03:18,29.6,29.3311479994501,10.3569,22.4365,-0.294560396655907,-0.00958842096928141
18.2,13,590,24-Aug-2026 01:03:16,29.8,29.5293171006951,10.3482545454545,22.4378181818182,-0.293204494143888,-0.00954430366280655
18.2,13,590,24-Aug-2026 01:03:14,30,29.7274860096376,10.3428,22.4393333333333,-0.293784298207229,-0.00956321101079352
18.2,13,590,24-Aug-2026 01:03:12,30.2,29.9256547262789,10.3362608695652,22.4402608695652,-0.297335359011543,-0.00967883457496669
18.2,13,590,24-Aug-2026 01:03:10,30.4,30.1238232506009,10.3287695652174,22.441652173913,-0.294733282369954,-0.00959418256511772
18.2,13,590,24-Aug-2026 01:03:09,30.6,30.3219915826432,10.3079,22.446,-0.291613833336973,-0.00949269449410195
18.2,13,590,24-Aug-2026 01:03:07,30.8,30.5201597223684,10.2808090909091,22.4496363636364,-0.294130149358504,-0.00957464593594151
18.2,13,590,24-Aug-2026 01:03:05,31,30.7183276698033,10.2652,22.44925,-0.296646465380035,-0.00965659737778106
18.2,13,590,24-Aug-2026 01:03:03,31.2,30.9164954249361,10.2453,22.451,-0.291847697194458,-0.00950044285302454
18.2,13,590,24-Aug-2026 01:03:01,31.4,31.114662987768,10.221447826087,22.4548260869565,-0.293405549643767,-0.00955121498346522
18.2,13,590,24-Aug-2026 01:03:00,31.6,31.3128303583065,10.1917818181818,22.4583636363636,-0.294963402093076,-0.0096019871139059
18.2,13,590,24-Aug-2026 01:02:58,31.8,31.5109975365525,10.1658333333333,22.4603333333333,-0.294540696605105,-0.0095882709476235
18.2,13,590,24-Aug-2026 01:02:56,32,31.7091645225008,10.1536818181818,22.4608181818182,-0.290468758738197,-0.00945573596077637
18.2,13,590,24-Aug-2026 01:02:54,32.2,31.9073313161587,10.145356,22.46,-0.284728146429633,-0.00926887045008757
18.2,13,590,24-Aug-2026 01:02:53,32.4,32.1054979175274,10.143916,22.46,-0.27898753412107,-0.00908200493939878
18.2,13,590,24-Aug-2026 01:02:51,32.6,32.3036643266014,10.1350380952381,22.4632380952381,-0.282965490243548,-0.00921153753556181
18.2,13,590,24-Aug-2026 01:02:49,32.8,32.5018305433944,10.1282842105263,22.4623157894737,-0.285748982855177,-0.00930216178885667
18.2,13,590,24-Aug-2026 01:02:47,33,32.6999965678948,10.1249608695652,22.4627391304348,-0.288532475466806,-0.00939278604215153
18.2,13,590,24-Aug-2026 01:02:45,33.2,32.8981624001098,10.121825,22.4635833333333,-0.291189724405127,-0.00947930266369415
18.2,13,590,24-Aug-2026 01:02:44,33.4,33.0963280400341,10.1172,22.4635238095238,-0.291918463025925,-0.00950303650012904
18.2,13,590,24-Aug-2026 01:02:42,33.6,33.2944934876813,10.1126086956522,22.4626086956522,-0.290718691329199,-0.00946398755145621
18.2,13,590,24-Aug-2026 01:02:40,33.8,33.4926587430396,10.11027,22.462,-0.284138466876646,-0.00924978456414128
18.2,13,590,24-Aug-2026 01:02:38,34,33.6908238061228,10.1078666666667,22.462,-0.280415256728778,-0.00912859314273365
18.2,13,590,24-Aug-2026 01:02:36,34.2,33.8889886769189,10.1027818181818,22.4627272727273,-0.284929513641422,-0.00927556732587541
18.2,13,590,24-Aug-2026 01:02:34,34.4,34.0871533554416,10.09744,22.464,-0.289443770554066,-0.00942254150901716
18.2,13,590,24-Aug-2026 01:02:32,34.6,34.2853178416727,10.0912857142857,22.4637142857143,-0.289623704636831,-0.00942841438679922
18.2,13,590,24-Aug-2026 01:02:30,34.8,34.4834821356386,10.0879117647059,22.463,-0.285469315889717,-0.00929318595922161
18.2,13,590,24-Aug-2026 01:02:28,35,34.6816462373338,10.0856529411765,22.4634705882353,-0.281314927142604,-0.00915795753164399
18.2,13,590,24-Aug-2026 01:02:25,35.2,34.8798101467398,10.0816444444444,22.4652222222222,-0.279085326989813,-0.00908539431815639
18.2,13,590,24-Aug-2026 01:02:23,35.4,35.0779738638832,10.0668529411765,22.4682941176471,-0.276855726837022,-0.0090128311046688
18.2,13,590,24-Aug-2026 01:02:20,35.6,35.276137388752,10.0554352941176,22.47,-0.283537383324312,-0.00923033546114521
18.2,13,590,24-Aug-2026 01:02:18,35.8,35.4743007213406,10.0520833333333,22.4701666666667,-0.29913029645168,-0.00973790738758563
18.2,13,590,24-Aug-2026 01:02:15,36,35.672463861669,10.0485,22.471,-0.279399149802138,-0.0090956222699518
18.2,13,590,24-Aug-2026 00:33:37,36.2,35.8706268097251,10.0434076923077,22.4725384615385,-0.224343943375685,-0.00730348010824376
18.2,13,700,24-Aug-2026 02:28:37,0.07,0.0693691733325932,15.4095,0.805,NaN,NaN
18.2,13,700,24-Aug-2026 02:29:07,0.11,0.109008690364292,15.2024,10.443,280.958694550195,9.05696026397225
18.2,13,700,24-Aug-2026 02:28:57,0.12,0.118918568424251,15.0564,11.183,281.303059173052,9.06829885953966
18.2,13,700,24-Aug-2026 02:29:57,0.12,0.118918568424251,14.6918,10.44,282.694712049096,9.1111370674247
18.2,13,700,24-Aug-2026 02:28:47,0.13,0.128828446000442,15.0901,9.909,289.029642219992,9.29802884243026
18.2,13,700,24-Aug-2026 02:29:27,0.14,0.138738323099251,14.7486,10.594,283.042140543284,9.12353867964244
18.2,13,700,24-Aug-2026 02:29:17,0.15,0.14864819970136,14.952,10.546,282.552753500111,9.10770164294267
18.2,13,700,24-Aug-2026 02:29:47,0.17,0.168467951485988,14.6992,10.389,281.84355338667,9.08380246241657
18.2,13,700,24-Aug-2026 02:30:17,0.19,0.188287701341144,15.7269,19.731,268.58047377609,8.70159697556067
18.2,13,700,24-Aug-2026 02:29:37,0.21,0.208107449272926,14.6249,10.391,282.477190887239,9.10461075247651
18.2,13,700,24-Aug-2026 02:30:27,0.26,0.257656810680618,15.8383,19.697,NaN,NaN
18.2,13,700,24-Aug-2026 02:30:07,0.29,0.287386421746816,14.7979,10.217,278.281142590586,8.98411842065795
19.2,14,190,NaT,0,0,NaN,NaN,NaN,NaN
19.2,14,190,24-Aug-2026 02:52:14,0.2,0.198197575549084,17.1230727272727,15.7383636363636,NaN,NaN
19.2,14,190,24-Aug-2026 02:58:14,0.4,0.396394958602638,18.1282153846154,19.1379230769231,NaN,NaN
19.2,14,190,24-Aug-2026 03:00:04,0.6,0.594592149189359,18.1458384615385,19.1406923076923,NaN,NaN
19.2,14,190,24-Aug-2026 03:01:33,0.8,0.792789147292957,18.1374272727273,19.1475454545455,NaN,NaN
19.2,14,190,24-Aug-2026 03:01:39,1,0.990985952922833,18.1521904761905,19.1405238095238,NaN,NaN
19.2,14,190,24-Aug-2026 03:01:52,1.2,1.18918256608195,18.1379363636364,19.1449090909091,NaN,NaN
19.2,14,190,24-Aug-2026 03:02:09,1.4,1.3873789867604,18.1408181818182,19.1435454545455,NaN,NaN
19.2,14,190,24-Aug-2026 03:02:33,1.6,1.58557521495471,18.1437909090909,19.1437272727273,NaN,NaN
19.2,14,190,24-Aug-2026 03:03:42,1.8,1.78377125068706,18.1562428571429,19.142,NaN,NaN
19.2,14,190,24-Aug-2026 03:04:07,2,1.98196709394753,18.1603533333333,19.142,NaN,NaN
19.2,14,190,24-Aug-2026 03:04:59,2.2,2.18016274473901,18.164675,19.141,NaN,NaN
19.2,14,190,24-Aug-2026 03:07:05,2.4,2.37835820305796,18.1655,19.141,NaN,NaN
19.2,14,190,24-Aug-2026 03:08:14,2.6,2.57655346890084,18.1620571428571,19.14,NaN,NaN
19.2,14,190,24-Aug-2026 03:08:26,2.8,2.7747485422962,18.1621727272727,19.1396363636364,NaN,NaN
19.2,14,190,24-Aug-2026 03:08:40,3,2.97294342320192,18.1625785714286,19.1399285714286,NaN,NaN
19.2,14,190,24-Aug-2026 03:09:03,3.2,3.1711381116594,18.1637,19.14,NaN,NaN
19.2,14,190,24-Aug-2026 03:09:51,3.4,3.36933260765859,18.1618846153846,19.14,NaN,NaN
19.2,14,190,24-Aug-2026 03:12:08,3.6,3.56752691117663,18.160775,19.14,NaN,NaN
19.2,14,190,24-Aug-2026 03:12:53,3.8,3.76572102225485,18.16366,19.1406,NaN,NaN
19.2,14,190,24-Aug-2026 03:13:25,4,3.9639149408575,18.1656,19.141,NaN,NaN
19.2,14,190,24-Aug-2026 03:13:45,4.2,4.16210866700663,18.1670846153846,19.141,NaN,NaN
19.2,14,190,24-Aug-2026 03:16:43,4.4,4.360302200705,18.1665454545455,19.141,NaN,NaN
19.2,14,190,24-Aug-2026 03:17:07,4.6,4.55849554193609,18.1667285714286,19.1412857142857,NaN,NaN
19.2,14,190,24-Aug-2026 03:17:54,4.8,4.75668869070905,18.1674428571429,19.1427142857143,NaN,NaN
19.2,14,190,24-Aug-2026 03:18:06,5,4.95488164703947,18.1677909090909,19.143,NaN,NaN
19.2,14,190,24-Aug-2026 03:18:18,5.2,5.15307441091721,18.16844,19.143,NaN,NaN
19.2,14,190,24-Aug-2026 03:18:35,5.4,5.35126698233855,18.16894,19.1431,NaN,NaN
19.2,14,190,24-Aug-2026 03:18:54,5.6,5.54945936131259,18.1698923076923,19.1448461538462,NaN,NaN
19.2,14,190,24-Aug-2026 03:19:14,5.8,5.74765154782918,18.1745181818182,19.145,NaN,NaN
19.2,14,190,24-Aug-2026 03:19:26,6,5.94584354191667,18.1753166666667,19.1458333333333,NaN,NaN
19.2,14,190,24-Aug-2026 03:19:41,6.2,6.14403534354558,18.17263,19.144,NaN,NaN
19.2,14,190,24-Aug-2026 03:20:09,6.4,6.34222695272499,18.1677090909091,19.1448181818182,NaN,NaN
19.2,14,190,24-Aug-2026 03:22:06,6.6,6.54041836945752,18.1692272727273,19.1469090909091,NaN,NaN
19.2,14,190,24-Aug-2026 03:22:55,6.8,6.7386095937522,18.16715,19.1475,NaN,NaN
19.2,14,190,24-Aug-2026 03:23:30,7,6.93680062561165,18.1702,19.147,NaN,NaN
19.2,14,190,24-Aug-2026 03:25:42,7.2,7.1349914650256,18.1707,19.149,NaN,NaN
19.2,14,190,24-Aug-2026 03:29:17,7.4,7.33318211199662,18.1609,19.147,NaN,NaN
19.2,14,190,24-Aug-2026 03:34:15,7.6,7.53137256654014,18.17092,19.1518,NaN,NaN
19.2,14,190,24-Aug-2026 03:37:58,7.8,7.72956282863301,18.1578363636364,19.154,NaN,NaN
19.2,14,190,24-Aug-2026 03:42:50,8,7.92775289829704,18.0313,19.352,NaN,NaN
19.2,14,190,24-Aug-2026 03:45:37,8.2,8.12594277552191,17.9248818181818,19.4607272727273,NaN,NaN
19.2,14,190,24-Aug-2026 03:47:51,8.4,8.32413246031655,17.9061636363636,19.4818181818182,NaN,NaN
19.2,14,190,24-Aug-2026 03:48:51,8.6,8.52232195267705,17.8540538461538,19.5314615384615,NaN,NaN
19.2,14,190,24-Aug-2026 03:53:05,8.8,8.7205112526059,17.80376,19.5888,NaN,NaN
19.2,14,190,24-Aug-2026 03:54:06,9,8.91870036010559,17.79123,19.6036,NaN,NaN
19.2,14,190,24-Aug-2026 03:57:57,9.2,9.11688927518497,17.7702,19.6275,NaN,NaN
19.2,14,190,24-Aug-2026 03:58:04,9.4,9.31507799782726,17.7482,19.65,NaN,NaN
19.2,14,190,24-Aug-2026 03:58:16,9.6,9.51326652803489,17.7001666666667,19.7196666666667,NaN,NaN
19.2,14,190,24-Aug-2026 04:02:52,9.8,9.71145486583598,17.674875,19.748,NaN,NaN
19.2,14,190,24-Aug-2026 04:02:58,10,9.90964301120082,17.622,19.8143333333333,NaN,NaN
19.2,14,190,24-Aug-2026 04:03:05,10.2,10.1078309641511,17.5456909090909,19.9489090909091,NaN,NaN
19.2,14,190,24-Aug-2026 04:03:11,10.4,10.3060187246635,17.4981692307692,20.0263076923077,NaN,NaN
19.2,14,190,24-Aug-2026 04:03:19,10.6,10.5042062927725,17.4845333333333,20.0695,NaN,NaN
19.2,14,190,24-Aug-2026 04:03:28,10.8,10.7023936684484,17.4770461538462,20.0913076923077,NaN,NaN
19.2,14,190,24-Aug-2026 04:03:38,11,10.9005808517193,17.4732,20.1056666666667,NaN,NaN
19.2,14,190,24-Aug-2026 04:03:49,11.2,11.0987678425617,17.4624909090909,20.1244545454545,NaN,NaN
19.2,14,190,24-Aug-2026 04:04:01,11.4,11.2969546410037,17.4581230769231,20.1397692307692,NaN,NaN
19.2,14,190,24-Aug-2026 04:04:15,11.6,11.4951412470155,17.4555846153846,20.1528461538462,NaN,NaN
19.2,14,190,24-Aug-2026 04:04:34,11.8,11.6933276606186,17.4524076923077,20.1703076923077,NaN,NaN
19.2,14,190,24-Aug-2026 04:04:56,12,11.8915138818154,17.44958,20.1808,NaN,NaN
19.2,14,190,24-Aug-2026 04:05:27,12.2,12.0896999105889,17.4420272727273,20.2017272727273,NaN,NaN
19.2,14,190,24-Aug-2026 04:06:02,12.4,12.2878857469605,17.4316083333333,20.22225,NaN,NaN
19.2,14,190,24-Aug-2026 04:06:25,12.6,12.4860713909198,17.4260230769231,20.2318461538462,NaN,NaN
19.2,14,190,24-Aug-2026 04:06:42,12.8,12.6842568424818,17.4108545454545,20.2503636363636,NaN,NaN
19.2,14,190,24-Aug-2026 04:06:59,13,12.8824421016166,17.3877833333333,20.279,NaN,NaN
19.2,14,190,24-Aug-2026 04:07:14,13.2,13.0806271683585,17.35645,20.319,NaN,NaN
19.2,14,190,24-Aug-2026 04:07:27,13.4,13.278812042697,17.3552230769231,20.3309230769231,NaN,NaN
19.2,14,190,24-Aug-2026 04:07:41,13.6,13.476996724647,17.3249769230769,20.3552307692308,NaN,NaN
19.2,14,190,24-Aug-2026 04:07:52,13.8,13.6751812141786,17.2893923076923,20.3836923076923,NaN,NaN
19.2,14,190,24-Aug-2026 04:08:02,14,13.8733655113132,17.2795,20.3949230769231,NaN,NaN
19.2,14,190,24-Aug-2026 04:08:12,14.2,14.0715496160402,17.2603363636364,20.4081818181818,NaN,NaN
19.2,14,190,24-Aug-2026 04:08:22,14.4,14.269733528381,17.243,20.426,NaN,NaN
19.2,14,190,24-Aug-2026 04:08:30,14.6,14.4679172483184,17.2094076923077,20.4550769230769,NaN,NaN
19.2,14,190,24-Aug-2026 04:08:45,14.8,14.6661007758609,17.1544818181818,20.4989090909091,NaN,NaN
19.2,14,190,24-Aug-2026 04:11:04,15,14.8642841110043,17.0994363636364,20.5551818181818,NaN,NaN
19.2,14,190,24-Aug-2026 04:11:58,15.2,15.0624672537699,17.0026538461538,20.6853076923077,NaN,NaN
19.2,14,190,24-Aug-2026 04:12:46,15.4,15.2606502041341,16.8963166666667,20.8136666666667,NaN,NaN
19.2,14,190,24-Aug-2026 04:12:55,15.6,15.4588329621054,16.7416272727273,20.942,NaN,NaN
19.2,14,190,24-Aug-2026 04:13:02,15.8,15.6570155276859,16.5790909090909,21.092,NaN,NaN
19.2,14,190,24-Aug-2026 04:13:08,16,15.855197900884,16.4523533333333,21.1875333333333,NaN,NaN
19.2,14,190,24-Aug-2026 04:13:16,16.2,16.0533800816824,16.3767166666667,21.238,NaN,NaN
19.2,14,190,24-Aug-2026 04:13:25,16.4,16.2515620701089,16.1972583333333,21.37175,NaN,NaN
19.2,14,190,24-Aug-2026 04:13:46,16.6,16.4497438661527,16.1058,21.418,NaN,NaN
19.2,14,190,24-Aug-2026 04:14:06,16.8,16.6479254697964,16.040275,21.45725,NaN,NaN
19.2,14,190,24-Aug-2026 04:14:32,17,16.8461068810614,16.01445,21.472,NaN,NaN
19.2,14,190,24-Aug-2026 04:14:42,17.2,17.0442880999495,15.9952846153846,21.4838461538462,NaN,NaN
19.2,14,190,24-Aug-2026 04:14:48,17.4,17.2424691264628,15.9681142857143,21.4971428571429,NaN,NaN
19.2,14,190,24-Aug-2026 04:14:55,17.6,17.4406499605967,15.9347333333333,21.5113333333333,NaN,NaN
19.2,14,190,24-Aug-2026 04:15:01,17.8,17.6388306023468,15.9164,21.5143076923077,NaN,NaN
19.2,14,190,24-Aug-2026 04:15:08,18,17.8370110517151,15.9062733333333,21.5142666666667,NaN,NaN
19.2,14,190,24-Aug-2026 04:15:18,18.2,18.0351913087097,15.8815,21.5175384615385,NaN,NaN
19.2,14,190,24-Aug-2026 04:15:28,18.4,18.2333713733455,15.8790166666667,21.518,NaN,NaN
19.2,14,190,24-Aug-2026 04:15:34,18.6,18.4315512455986,15.8637176470588,21.5138823529412,NaN,NaN
19.2,14,190,24-Aug-2026 04:15:39,18.8,18.629730925471,15.790725,21.55325,NaN,NaN
19.2,14,190,24-Aug-2026 04:15:45,19,18.8279104129773,15.7524545454545,21.6077272727273,NaN,NaN
19.2,14,190,24-Aug-2026 04:15:52,19.2,19.0260897081193,15.7464235294118,21.6335882352941,NaN,NaN
19.2,14,190,24-Aug-2026 04:16:05,19.4,19.2242688108926,15.648,21.6975,NaN,NaN
19.2,14,190,24-Aug-2026 04:16:33,19.6,19.4224477212988,15.5365384615385,21.7552307692308,NaN,NaN
19.2,14,190,24-Aug-2026 04:16:45,19.8,19.6206264393334,15.5015833333333,21.796,NaN,NaN
19.2,14,190,24-Aug-2026 04:16:51,20,19.8188049650046,15.4942785714286,21.8086428571429,NaN,NaN
19.2,14,190,24-Aug-2026 04:16:56,20.2,20.0169832983142,15.4753105263158,21.8198947368421,NaN,NaN
19.2,14,190,24-Aug-2026 04:17:00,20.4,20.215161439264,15.4372882352941,21.8311764705882,NaN,NaN
19.2,14,190,24-Aug-2026 04:17:04,20.6,20.4133393878363,15.2679789473684,21.89,NaN,NaN
19.2,14,190,24-Aug-2026 04:17:08,20.8,20.6115171440652,14.9919636363636,21.9889090909091,NaN,NaN
19.2,14,190,24-Aug-2026 04:17:12,21,20.8096947079266,14.6409769230769,22.0722307692308,NaN,NaN
19.2,14,190,24-Aug-2026 04:17:21,21.2,21.0078720794479,14.2369833333333,22.1396666666667,NaN,NaN
19.2,14,190,24-Aug-2026 04:17:36,21.4,21.206049258586,13.9902818181818,22.1726363636364,NaN,NaN
19.2,14,190,24-Aug-2026 04:17:56,21.6,21.4042262453874,14.0435,22.151,NaN,NaN
19.2,14,190,24-Aug-2026 04:18:11,21.8,21.6024030398282,13.98795,22.13225,NaN,NaN
19.2,14,190,24-Aug-2026 04:19:21,22,21.8005796419164,13.6730090909091,22.1775454545455,NaN,NaN
19.2,14,190,24-Aug-2026 04:23:02,22.2,21.9987560516536,13.3347,22.2109230769231,NaN,NaN
19.2,14,190,24-Aug-2026 04:23:13,22.4,22.1969322690417,13.30635,22.21225,NaN,NaN
19.2,14,190,24-Aug-2026 04:24:09,22.6,22.395108294082,13.23526,22.2177,NaN,NaN
19.2,14,190,24-Aug-2026 04:27:59,22.8,22.5932841267636,13.0674,22.2267692307692,NaN,NaN
19.2,14,190,24-Aug-2026 04:28:09,23,22.7914597671136,13.05888,22.2288,NaN,NaN
19.2,14,190,24-Aug-2026 04:28:20,23.2,22.9896352151015,13.0523714285714,22.228,NaN,NaN
19.2,14,190,24-Aug-2026 04:31:27,23.4,23.1878104707546,12.8954333333333,22.2373333333333,NaN,NaN
19.2,14,190,24-Aug-2026 04:32:59,23.6,23.3859855340681,12.74958,22.242,NaN,NaN
19.2,14,190,24-Aug-2026 04:33:08,23.8,23.5841604050242,12.6363333333333,22.256,NaN,NaN
19.2,14,190,24-Aug-2026 04:33:18,24,23.7823350836502,12.5165,22.256,NaN,NaN
19.2,14,190,24-Aug-2026 04:33:30,24.2,23.9805095699347,12.3612846153846,22.2715384615385,NaN,NaN
19.2,14,190,24-Aug-2026 04:35:33,24.4,24.1786838638858,12.2503142857143,22.2867142857143,NaN,NaN
19.2,14,190,24-Aug-2026 04:38:02,24.6,24.3768579654856,12.2289157894737,22.2921578947368,NaN,NaN
19.2,14,190,24-Aug-2026 04:38:06,24.8,24.5750318747613,12.2189789473684,22.2885263157895,NaN,NaN
19.2,14,190,24-Aug-2026 04:38:10,25,24.7732055917016,12.2161894736842,22.2837894736842,NaN,NaN
19.2,14,190,24-Aug-2026 04:38:15,25.2,24.9713791163016,12.08561875,22.3026875,NaN,NaN
19.2,14,190,24-Aug-2026 04:38:20,25.4,25.169552448569,11.80398,22.3506,NaN,NaN
19.2,14,190,24-Aug-2026 04:38:24,25.6,25.3677255885182,11.7694642857143,22.3254285714286,NaN,NaN
19.2,14,190,24-Aug-2026 04:38:29,25.8,25.565898536125,11.6321076923077,22.3624615384615,NaN,NaN
19.2,14,190,24-Aug-2026 04:38:34,26,25.7640712913971,11.71074,22.3142,NaN,NaN
19.2,14,190,24-Aug-2026 04:38:39,26.2,25.9622438543425,11.63266,22.3302,NaN,NaN
19.2,14,190,24-Aug-2026 04:38:45,26.4,26.1604162249753,11.49505,22.3535,NaN,NaN
19.2,14,190,24-Aug-2026 04:38:50,26.6,26.3585884032649,11.37034,22.372,NaN,NaN
19.2,14,190,24-Aug-2026 04:38:58,26.8,26.5567603892446,11.3052428571429,22.3584285714286,NaN,NaN
19.2,14,190,24-Aug-2026 04:39:05,27,26.7549321828902,11.2439461538462,22.3666923076923,NaN,NaN
19.2,14,190,24-Aug-2026 04:39:15,27.2,26.9531037842159,11.19263125,22.3655625,NaN,NaN
19.2,14,190,24-Aug-2026 04:39:31,27.4,27.1512751932166,10.9590181818182,22.4134545454545,NaN,NaN
19.2,14,190,24-Aug-2026 04:40:52,27.6,27.3494464099193,10.9172909090909,22.3570909090909,NaN,NaN
19.2,14,190,24-Aug-2026 04:42:59,27.8,27.5476174342867,10.7551,22.4035,NaN,NaN
19.2,14,190,24-Aug-2026 04:44:05,28,27.745788266333,10.6370666666667,22.4225,NaN,NaN
19.2,14,190,24-Aug-2026 04:45:10,28.2,27.9439589060724,10.4435,22.441,NaN,NaN
19.2,14,190,24-Aug-2026 04:46:02,28.4,28.1421293534805,10.407525,22.43425,NaN,NaN
19.2,14,190,24-Aug-2026 04:46:38,28.6,28.3402996085904,10.36775,22.4397142857143,NaN,NaN
19.2,14,190,24-Aug-2026 04:47:02,28.8,28.5384696713844,10.3588416666667,22.44375,NaN,NaN
19.2,14,190,24-Aug-2026 04:47:28,29,28.7366395418636,10.3300666666667,22.4464166666667,NaN,NaN
19.2,14,190,24-Aug-2026 04:47:44,29.2,28.934809220042,10.3177818181818,22.4464545454545,NaN,NaN
19.2,14,190,24-Aug-2026 04:47:50,29.4,29.1329787058952,10.3116,22.4496666666667,NaN,NaN
19.2,14,190,24-Aug-2026 04:47:55,29.6,29.3311479994501,10.3204333333333,22.4481666666667,NaN,NaN
19.2,14,190,24-Aug-2026 04:47:59,29.8,29.5293171006951,10.3160411764706,22.4512941176471,NaN,NaN
19.2,14,190,24-Aug-2026 04:48:03,30,29.7274860096376,10.3074636363636,22.4490909090909,NaN,NaN
19.2,14,190,24-Aug-2026 04:48:06,30.2,29.9256547262789,10.3022,22.4497272727273,NaN,NaN
19.2,14,190,24-Aug-2026 04:48:10,30.4,30.1238232506009,10.29226,22.448,NaN,NaN
19.2,14,190,24-Aug-2026 04:48:13,30.6,30.3219915826432,10.2777785714286,22.4470714285714,NaN,NaN
19.2,14,190,24-Aug-2026 04:48:17,30.8,30.5201597223684,10.2580761904762,22.4539047619048,NaN,NaN
19.2,14,190,24-Aug-2026 04:48:21,31,30.7183276698033,10.2514272727273,22.4525454545455,NaN,NaN
19.2,14,190,24-Aug-2026 04:48:24,31.2,30.9164954249361,10.2421608695652,22.4541739130435,NaN,NaN
19.2,14,190,24-Aug-2026 04:48:28,31.4,31.114662987768,10.2354761904762,22.455619047619,NaN,NaN
19.2,14,190,24-Aug-2026 04:48:32,31.6,31.3128303583065,10.2237071428571,22.4520714285714,NaN,NaN
19.2,14,190,24-Aug-2026 04:48:35,31.8,31.5109975365525,10.2017333333333,22.455,NaN,NaN
19.2,14,190,24-Aug-2026 04:48:38,32,31.7091645225008,10.1843538461538,22.4613076923077,NaN,NaN
19.2,14,190,24-Aug-2026 04:48:42,32.2,31.9073313161587,10.1809,22.4627,NaN,NaN
19.2,14,190,24-Aug-2026 04:48:46,32.4,32.1054979175274,10.1701,22.463,NaN,NaN
19.2,14,190,24-Aug-2026 04:48:49,32.6,32.3036643266014,10.1634333333333,22.4610952380952,NaN,NaN
19.2,14,190,24-Aug-2026 04:48:53,32.8,32.5018305433944,10.1380181818182,22.4761818181818,NaN,NaN
19.2,14,190,24-Aug-2026 04:48:57,33,32.6999965678948,10.1305454545455,22.4771818181818,NaN,NaN
19.2,14,190,24-Aug-2026 04:49:00,33.2,32.8981624001098,10.14722,22.4672,NaN,NaN
19.2,14,190,24-Aug-2026 04:49:04,33.4,33.0963280400341,10.1462565217391,22.4610434782609,NaN,NaN
19.2,14,190,24-Aug-2026 04:49:07,33.6,33.2944934876813,10.1388,22.462,NaN,NaN
19.2,14,190,24-Aug-2026 04:49:11,33.8,33.4926587430396,10.1293166666667,22.4629444444444,NaN,NaN
19.2,14,190,24-Aug-2026 04:49:14,34,33.6908238061228,10.1242416666667,22.4649166666667,NaN,NaN
19.2,14,190,24-Aug-2026 04:49:18,34.2,33.8889886769189,10.1178545454545,22.4649545454545,NaN,NaN
19.2,14,290,29-Aug-2026 00:09:36,34.13,33.8196309940105,10.1052,22.462,NaN,NaN
19.2,14,290,28-Aug-2026 15:09:27,34.14,33.8295392358716,10.1338,22.459,-0.202382765817679,-0.00658832113783422
19.2,14,290,28-Aug-2026 13:09:25,34.15,33.8394474772556,10.1303,22.458,-0.210403029088221,-0.00684940462475946
19.2,14,290,28-Aug-2026 14:09:26,34.15,33.8394474772556,10.1375,22.458,-0.212567281209831,-0.00691984987720994
19.2,14,290,28-Aug-2026 23:09:35,34.17,33.8592639585594,10.0455,22.468,-0.200287742771603,-0.00652024544991389
19.2,14,290,28-Aug-2026 12:09:24,34.18,33.8691721984986,10.1235,22.457,-0.196235523533513,-0.0063882038203408
19.2,14,290,28-Aug-2026 22:09:34,34.18,33.8691721984986,10.0539,22.466,-0.204231026170884,-0.00664860881668929
19.2,14,290,28-Aug-2026 11:09:23,34.19,33.879080437941,10.1283,22.457,-0.199845663221135,-0.00650572763388399
19.2,14,290,28-Aug-2026 16:09:28,34.19,33.879080437941,10.0988,22.461,-0.203008830767757,-0.00660874278594346
19.2,14,290,28-Aug-2026 20:09:32,34.19,33.879080437941,10.0477,22.467,-0.204287609794338,-0.006650455676363
19.2,14,290,28-Aug-2026 19:09:31,34.2,33.8889886769189,10.0558,22.469,-0.209106129448448,-0.00680731265076706
19.2,14,290,28-Aug-2026 17:09:29,34.21,33.8988969154128,9.9923,22.474,-0.202549164615901,-0.00659393147687877
19.2,14,290,28-Aug-2026 21:09:33,34.21,33.8988969154128,10.0594,22.465,-0.20280895844844,-0.00660230330994817
19.2,14,290,25-Aug-2026 09:08:11,34.22,33.9088051534228,10.054,22.468,-0.237247723977805,-0.00772343924037029
19.2,14,290,24-Aug-2026 08:07:45,34.23,33.9187133909552,10.0637,22.468,-0.213179307527499,-0.00693990827211252
19.2,14,290,24-Aug-2026 09:07:46,34.23,33.9187133909552,10.069,22.468,-0.237219860949414,-0.00772253224014185
19.2,14,290,25-Aug-2026 10:08:11,34.23,33.9187133909552,10.051,22.467,-0.242727396687851,-0.00790183154613276
19.2,14,290,28-Aug-2026 18:09:30,34.23,33.9187133909552,10.1201,22.457,-0.204039372974796,-0.00664225612559996
19.2,14,290,25-Aug-2026 08:08:10,34.24,33.9286216280036,10.0612,22.465,-0.241204510331845,-0.00785223199551978
19.2,14,290,28-Aug-2026 10:09:22,34.24,33.9286216280036,10.1232,22.458,-0.203838227393539,-0.00663570881202537
19.2,14,290,24-Aug-2026 07:07:40,34.25,33.9385298645744,10.0618,22.468,NaN,NaN
19.2,14,290,25-Aug-2026 07:08:09,34.25,33.9385298645744,10.0563,22.467,-0.238796570911003,-0.00777386610745204
19.2,14,290,24-Aug-2026 10:07:47,34.27,33.9583463362763,10.0767,22.467,-0.247648761071163,-0.00806202045529592
19.2,14,290,24-Aug-2026 19:07:57,34.27,33.9583463362763,10.0972,22.465,-0.246930834327359,-0.00803860243570945
19.2,14,290,24-Aug-2026 20:07:58,34.27,33.9583463362763,10.0915,22.466,-0.236533581621477,-0.00770014635428169
19.2,14,290,24-Aug-2026 21:07:59,34.27,33.9583463362763,10.0844,22.465,-0.238109490129484,-0.00775145380472664
19.2,14,290,25-Aug-2026 11:08:12,34.27,33.9583463362763,10.0538,22.467,-0.230847365475679,-0.0075150848763997
19.2,14,290,24-Aug-2026 18:07:56,34.29,33.9781628060542,10.0813,22.467,-0.23810658345942,-0.00775137092133444
19.2,14,290,25-Aug-2026 12:08:13,34.29,33.9781628060542,10.0493,22.467,-0.242756523181644,-0.00790277960369312
19.2,14,290,26-Aug-2026 12:08:36,34.29,33.9781628060542,10.3,22.443,-0.235559010999412,-0.00766805656171115
19.2,14,290,28-Aug-2026 09:09:21,34.29,33.9781628060542,10.082,22.462,-0.198240457018945,-0.00645353520518924
19.2,14,290,26-Aug-2026 10:08:34,34.3,33.9880710402104,10.255,22.448,-0.222171444965204,-0.00723232664849705
19.2,14,290,26-Aug-2026 11:08:35,34.3,33.9880710402104,10.3209,22.443,-0.232653413817932,-0.00757345232028575
19.2,14,290,24-Aug-2026 22:08:00,34.31,33.9979792739014,10.0875,22.466,-0.24451698606307,-0.00796004293551726
19.2,14,290,25-Aug-2026 13:08:14,34.31,33.9979792739014,10.0647,22.465,-0.237184037728282,-0.00772135175445229
19.2,14,290,26-Aug-2026 13:08:37,34.31,33.9979792739014,10.2071,22.452,-0.219468048909442,-0.00714440617280547
19.2,14,290,28-Aug-2026 07:09:19,34.31,33.9979792739014,10.0753,22.466,-0.20757920548491,-0.00675758327876717
19.2,14,290,28-Aug-2026 08:09:20,34.31,33.9979792739014,10.0933,22.463,-0.202921403051421,-0.00660590992302028
19.2,14,290,24-Aug-2026 11:07:48,34.32,34.0078875071017,10.0834,22.464,-0.254083116589969,-0.00827145918387824
19.2,14,290,25-Aug-2026 06:08:08,34.32,34.0078875071017,10.0224,22.473,-0.239470152980939,-0.00779586610725635
19.2,14,290,26-Aug-2026 14:08:38,34.32,34.0078875071017,10.2591,22.442,-0.222782225638105,-0.00725220858863441
19.2,14,290,27-Aug-2026 14:09:02,34.33,34.017795739824,10.0438,22.469,-0.216282054417439,-0.00704094403669111
19.2,14,290,24-Aug-2026 16:07:53,34.34,34.0277039720683,10.0865,22.465,-0.244523070836559,-0.00796023480134489
19.2,14,290,24-Aug-2026 17:07:55,34.34,34.0277039720683,10.088,22.466,-0.244508831939674,-0.00795977735715723
19.2,14,290,25-Aug-2026 14:08:15,34.34,34.0277039720683,10.0918,22.463,-0.230150093117713,-0.00749233402738303
19.2,14,290,27-Aug-2026 12:09:00,34.34,34.0277039720683,10.0452,22.469,-0.20438363900354,-0.00665359754433635
19.2,14,290,28-Aug-2026 06:09:18,34.34,34.0277039720683,10.051,22.468,-0.214639993106374,-0.00698747260943864
19.2,14,290,24-Aug-2026 12:07:49,34.35,34.0376122038345,10.0952,22.462,-0.244532106409872,-0.00796051073761792
19.2,14,290,24-Aug-2026 15:07:52,34.35,34.0376122038345,10.1005,22.463,-0.246952599183425,-0.00803930231668288
19.2,14,290,26-Aug-2026 09:08:33,34.35,34.0376122038345,10.3023,22.446,-0.219877357078394,-0.00715759705296734
19.2,14,290,26-Aug-2026 15:08:39,34.35,34.0376122038345,10.2929,22.446,-0.225379005591959,-0.00733669963494334
19.2,14,290,27-Aug-2026 11:08:59,34.35,34.0376122038345,10.128,22.46,-0.211785394670616,-0.00689443436502545
19.2,14,290,25-Aug-2026 04:08:06,34.36,34.0475204351162,10.0344,22.472,-0.237926316289916,-0.00774559056513835
19.2,14,290,28-Aug-2026 05:09:17,34.36,34.0475204351162,10.048,22.47,-0.209971609745415,-0.00683552611220222
19.2,14,290,24-Aug-2026 13:07:50,34.37,34.0574286659133,10.1348,22.461,-0.258216664394235,-0.00840594431303986
19.2,14,290,24-Aug-2026 14:07:51,34.37,34.0574286659133,10.1247,22.462,-0.247817843668983,-0.00806744040205619
19.2,14,290,25-Aug-2026 05:08:07,34.37,34.0574286659133,10.0275,22.474,-0.243461903633477,-0.00792582237686848
19.2,14,290,26-Aug-2026 08:08:32,34.37,34.0574286659133,10.2163,22.453,-0.231262760263306,-0.00752836859546535
19.2,14,290,27-Aug-2026 13:09:01,34.37,34.0574286659133,10.0452,22.47,-0.208450337442455,-0.00678599232862279
19.2,14,290,24-Aug-2026 23:08:01,34.38,34.067336896245,10.0511,22.469,-0.242811229517929,-0.00790457623734048
19.2,14,290,25-Aug-2026 00:08:02,34.38,34.067336896245,10.0538,22.468,-0.252331430442275,-0.00821450620808342
19.2,14,290,25-Aug-2026 01:08:03,34.38,34.067336896245,10.0405,22.475,-0.243632709438326,-0.00793133292634068
19.2,14,290,25-Aug-2026 15:08:16,34.38,34.067336896245,10.1153,22.459,-0.237398340275324,-0.00772823789150906
19.2,14,290,27-Aug-2026 10:08:58,34.38,34.067336896245,10.139,22.458,-0.220635917394108,-0.00718252073763569
19.2,14,290,27-Aug-2026 15:09:03,34.38,34.067336896245,10.0638,22.465,-0.213133449163948,-0.0069384026751922
19.2,14,290,27-Aug-2026 16:09:04,34.38,34.067336896245,10.0799,22.463,-0.207737240385822,-0.00676271344531611
19.2,14,290,26-Aug-2026 07:08:31,34.39,34.0772451260793,10.188,22.452,-0.226562640250021,-0.00737538068638407
19.2,14,290,28-Aug-2026 04:09:16,34.39,34.0772451260793,10.0168,22.473,-0.205064450204556,-0.00667580981780775
19.2,14,290,25-Aug-2026 02:08:04,34.4,34.0871533554416,10.0166,22.474,-0.24103528980626,-0.0078468394406947
19.2,14,290,25-Aug-2026 03:08:05,34.4,34.0871533554416,10.0184,22.474,-0.239466342250183,-0.0077957481816124
19.2,14,290,25-Aug-2026 17:08:18,34.4,34.0871533554416,10.1804,22.453,-0.234513083107628,-0.00763420397941202
19.2,14,290,25-Aug-2026 20:08:21,34.4,34.0871533554416,10.2131,22.45,-0.245643762389168,-0.00799648954890708
19.2,14,290,25-Aug-2026 21:08:22,34.4,34.0871533554416,10.227,22.45,-0.232272978404788,-0.00756122100738325
19.2,14,290,25-Aug-2026 18:08:19,34.41,34.0970615843129,10.2007,22.451,-0.239247957725254,-0.00778830630563791
19.2,14,290,25-Aug-2026 19:08:20,34.41,34.0970615843129,10.2098,22.451,-0.225975642721672,-0.00735623827357653
19.2,14,290,25-Aug-2026 22:08:23,34.41,34.0970615843129,10.163,22.456,-0.236063420494327,-0.00768470149853309
19.2,14,290,26-Aug-2026 16:08:40,34.41,34.0970615843129,10.3157,22.444,-0.226263947792261,-0.00736548071627289
19.2,14,290,27-Aug-2026 09:08:57,34.41,34.0970615843129,10.1327,22.462,-0.214432280610009,-0.00698060254028579
19.2,14,290,27-Aug-2026 17:09:05,34.41,34.0970615843129,10.069,22.464,-0.211580378546021,-0.00688783136346845
19.2,14,290,25-Aug-2026 16:08:17,34.42,34.1069698127121,10.148,22.456,-0.235162614489992,-0.00765539865538835
19.2,14,290,27-Aug-2026 08:08:56,34.42,34.1069698127121,10.1221,22.464,-0.215865039371448,-0.00702726526629212
19.2,14,290,26-Aug-2026 06:08:30,34.43,34.116878040633,10.2519,22.449,-0.227582556721812,-0.00740849554537991
19.2,14,290,27-Aug-2026 18:09:06,34.43,34.116878040633,10.081,22.463,-0.206224176893394,-0.00671345130628511
19.2,14,290,28-Aug-2026 03:09:15,34.43,34.116878040633,10.0064,22.475,-0.208905555615873,-0.00680086931221603
19.2,14,290,26-Aug-2026 04:08:28,34.44,34.126786268069,10.2755,22.448,-0.224512505062073,-0.0073085291820372
19.2,14,290,26-Aug-2026 17:08:41,34.44,34.126786268069,10.1759,22.455,-0.227938027126094,-0.00742018557410201
19.2,14,290,27-Aug-2026 07:08:55,34.45,34.1366944950201,10.0949,22.465,-0.208666429501754,-0.00679295570116397
19.2,14,290,27-Aug-2026 19:09:07,34.45,34.1366944950201,10.041,22.468,-0.212251887593576,-0.00690974147982709
19.2,14,290,25-Aug-2026 23:08:24,34.46,34.1466027215055,10.133,22.454,-0.23981651807518,-0.0078069219609941
19.2,14,290,26-Aug-2026 00:08:25,34.46,34.1466027215055,10.1371,22.46,-0.235041841426275,-0.00765149052399626
19.2,14,290,26-Aug-2026 01:08:26,34.46,34.1466027215055,10.1159,22.459,-0.21997814370882,-0.00716113551691943
19.2,14,290,26-Aug-2026 05:08:29,34.46,34.1466027215055,10.2375,22.45,-0.226725435539861,-0.00738061939878642
19.2,14,290,26-Aug-2026 18:08:41,34.46,34.1466027215055,10.1228,22.46,-0.21583367714536,-0.00702622262544013
19.2,14,290,28-Aug-2026 02:09:14,34.46,34.1466027215055,10.0198,22.473,-0.211387859173349,-0.00688166029694708
19.2,14,290,26-Aug-2026 03:08:28,34.47,34.1565109474931,10.236,22.448,-0.234589784409664,-0.00763661708928089
19.2,14,290,27-Aug-2026 20:09:08,34.47,34.1565109474931,10.0692,22.466,-0.2076380625638,-0.00675950410580741
19.2,14,290,26-Aug-2026 02:08:27,34.49,34.1763273980452,10.1715,22.454,-0.232075629598565,-0.00755487262460909
19.2,14,290,27-Aug-2026 21:09:09,34.49,34.1763273980452,10.0343,22.469,-0.206059142449309,-0.00670815522992566
19.2,14,290,28-Aug-2026 00:09:12,34.49,34.1763273980452,10.0467,22.467,-0.212149174183661,-0.00690639401112439
19.2,14,290,26-Aug-2026 19:08:42,34.5,34.1862356225904,10.1392,22.458,-0.210415350602531,-0.00684981874314515
19.2,14,290,27-Aug-2026 06:08:54,34.5,34.1862356225904,10.094,22.464,-0.217979867125211,-0.00709615205862208
19.2,14,290,27-Aug-2026 23:09:11,34.5,34.1862356225904,10.0298,22.468,-0.209926315142517,-0.00683404416728639
19.2,14,290,28-Aug-2026 01:09:13,34.5,34.1862356225904,10.0372,22.469,-0.2020411669692,-0.00657735583512164
19.2,14,290,27-Aug-2026 22:09:10,34.51,34.1961438466696,10.0402,22.467,-0.216221671008209,-0.00703897489321203
19.2,14,290,26-Aug-2026 20:08:43,34.53,34.2159602933662,10.1221,22.459,-0.215922841247363,-0.00702912338706369
19.2,14,290,26-Aug-2026 21:08:44,34.53,34.2159602933662,10.1278,22.459,-0.218259978116398,-0.00710519621471284
19.2,14,290,27-Aug-2026 05:08:53,34.53,34.2159602933662,10.0451,22.467,-0.221848292674175,-0.00722215526326023
19.2,14,290,26-Aug-2026 22:08:46,34.54,34.2258685160026,10.1285,22.456,-0.211969157761844,-0.00690039924252121
19.2,14,290,27-Aug-2026 02:08:50,34.54,34.2258685160026,10.1115,22.457,-0.217319632875021,-0.00707459386072578
19.2,14,290,27-Aug-2026 00:08:48,34.55,34.2357767381408,10.2428,22.449,-0.225283351647629,-0.0073336640088876
19.2,14,290,27-Aug-2026 03:08:51,34.55,34.2357767381408,10.1271,22.459,-0.207101170717282,-0.00674196417947186
19.2,14,290,27-Aug-2026 04:08:52,34.55,34.2357767381408,10.0774,22.467,-0.213338464984776,-0.00694509352962334
19.2,14,290,26-Aug-2026 23:08:47,34.57,34.2555931809997,10.1998,22.453,-0.217102545249654,-0.00706742381039573
19.2,14,290,27-Aug-2026 01:08:49,34.57,34.2555931809997,10.1797,22.454,-0.234269676068271,-0.00762629033819814
19.2,14,590,NaT,0,0,NaN,NaN,NaN,NaN
19.2,14,590,NaT,0.2,0.198197575549084,NaN,NaN,NaN,NaN
19.2,14,590,NaT,0.4,0.396394958602638,NaN,NaN,NaN,NaN
19.2,14,590,NaT,0.6,0.594592149189359,NaN,NaN,NaN,NaN
19.2,14,590,NaT,0.8,0.792789147292957,NaN,NaN,NaN,NaN
19.2,14,590,NaT,1,0.990985952922833,NaN,NaN,245.286109181507,7.94179532246687
19.2,14,590,29-Aug-2026 01:43:51,1.2,1.18918256608195,18.4336384615385,17.533,245.062363369033,7.9349058184753
19.2,14,590,29-Aug-2026 01:43:37,1.4,1.3873789867604,18.4335916666667,17.5320833333333,244.824946087699,7.9272029389344
19.2,14,590,29-Aug-2026 01:43:24,1.6,1.58557521495471,18.4309428571429,17.5272857142857,244.791718416529,7.92610440856676
19.2,14,590,29-Aug-2026 01:43:11,1.8,1.78377125068706,18.4308857142857,17.525,244.73701180072,7.92434484062916
19.2,14,590,29-Aug-2026 01:43:02,2,1.98196709394753,18.4306363636364,17.525,244.455784586048,7.91522867621926
19.2,14,590,29-Aug-2026 01:42:48,2.2,2.18016274473901,18.4320571428571,17.5258571428571,244.326028986927,7.91104501679678
19.2,14,590,29-Aug-2026 01:42:34,2.4,2.37835820305796,18.4319833333333,17.525,244.22360674328,7.90772504200067
19.2,14,590,29-Aug-2026 01:42:18,2.6,2.57655346890084,18.431375,17.52575,243.92519723618,7.89807428232267
19.2,14,590,29-Aug-2026 01:41:59,2.8,2.7747485422962,18.4316,17.526,243.811586953412,7.89440762278142
19.2,14,590,29-Aug-2026 01:41:45,3,2.97294342320192,18.4318,17.527,243.650193449355,7.8891872505511
19.2,14,590,29-Aug-2026 01:41:27,3.2,3.1711381116594,18.4304,17.525,243.42426039476,7.8818759969371
19.2,14,590,29-Aug-2026 01:41:12,3.4,3.36933260765859,18.4321846153846,17.529,243.312264794647,7.87824788989718
19.2,14,590,29-Aug-2026 01:40:56,3.6,3.56752691117663,18.4335,17.5305,243.349160376403,7.87944037643916
19.2,14,590,29-Aug-2026 01:40:39,3.8,3.76572102225485,18.4361454545455,17.5316363636364,243.36325515406,7.8799045381374
19.2,14,590,29-Aug-2026 01:40:19,4,3.9639149408575,18.4369,17.532,243.336351729485,7.87904009667871
19.2,14,590,29-Aug-2026 01:39:50,4.2,4.16210866700663,18.43537,17.532,243.975667833043,7.89974963834245
19.2,14,590,29-Aug-2026 01:39:26,4.4,4.360302200705,18.4372666666667,17.5343333333333,244.16507675743,7.90590364361444
19.2,14,590,29-Aug-2026 01:39:07,4.6,4.55849554193609,18.43648,17.5318,244.266754094302,7.9092170093966
19.2,14,590,29-Aug-2026 01:38:51,4.8,4.75668869070905,18.4463,17.5472,244.112617897311,7.90433221879847
19.2,14,590,29-Aug-2026 01:38:39,5,4.95488164703947,18.4404,17.535,243.668593311767,7.88991183152555
19.2,14,590,29-Aug-2026 01:38:23,5.2,5.15307441091721,18.4427545454545,17.547,244.097694449076,7.90377267907888
19.2,14,590,29-Aug-2026 01:37:11,5.4,5.35126698233855,18.4337666666667,17.5286666666667,243.770166499174,7.89320544717995
19.2,14,590,29-Aug-2026 01:36:48,5.6,5.54945936131259,18.4471230769231,17.5325384615385,243.149434498795,7.87315462251849
19.2,14,590,29-Aug-2026 01:35:51,5.8,5.74765154782918,18.4555,17.585,242.007959029504,7.83637936729525
19.2,14,590,29-Aug-2026 01:34:49,6,5.94584354191667,18.4600923076923,17.6073846153846,240.750204737765,7.79583980078822
19.2,14,590,29-Aug-2026 01:33:33,6.2,6.14403534354558,18.4559,17.6503076923077,239.231984608085,7.7469280416801
19.2,14,590,29-Aug-2026 01:32:44,6.4,6.34222695272499,18.4558181818182,17.728,237.34203804448,7.68616756345543
19.2,14,590,29-Aug-2026 01:32:35,6.6,6.54041836945752,18.4672,17.947,237.051268575535,7.67815328658855
19.2,14,590,29-Aug-2026 01:31:31,6.8,6.7386095937522,18.4877,18.0918461538462,238.573536686288,7.72829089052524
19.2,14,590,29-Aug-2026 01:30:44,7,6.93680062561165,18.5189857142857,18.176,239.043198026114,7.74373905116901
19.2,14,590,29-Aug-2026 01:30:37,7.2,7.1349914650256,18.5060058823529,18.2394705882353,239.520225938546,7.75958034616827
19.2,14,590,29-Aug-2026 01:30:31,7.4,7.33318211199662,18.5448,18.355,238.974489514721,7.74247730481613
19.2,14,590,29-Aug-2026 01:30:25,7.6,7.53137256654014,18.57715,18.4805,238.737294057245,7.73548797448559
19.2,14,590,29-Aug-2026 01:30:17,7.8,7.72956282863301,18.62585,18.7475,238.142519532507,7.71782072832591
19.2,14,590,29-Aug-2026 01:30:08,8,7.92775289829704,18.6972071428571,19.0777142857143,237.206551952063,7.68923608097758
19.2,14,590,29-Aug-2026 01:29:55,8.2,8.12594277552191,18.69076,19.1864,236.449562037245,7.66531306735548
19.2,14,590,29-Aug-2026 01:29:45,8.4,8.32413246031655,18.6785,19.2071428571429,235.812808929105,7.6448396467784
19.2,14,590,29-Aug-2026 01:29:38,8.6,8.52232195267705,18.6815714285714,19.22,235.103471364436,7.62195383496742
19.2,14,590,29-Aug-2026 01:29:30,8.8,8.7205112526059,18.6661933333333,19.2386666666667,234.508638448571,7.60276550693732
19.2,14,590,29-Aug-2026 01:29:22,9,8.91870036010559,18.6428944444444,19.2453333333333,234.058539790646,7.58823552788127
19.2,14,590,29-Aug-2026 01:29:15,9.2,9.11688927518497,18.6441454545455,19.2563636363636,233.335440242698,7.56488257403038
19.2,14,590,29-Aug-2026 01:29:10,9.4,9.31507799782726,18.6394846153846,19.2601538461538,232.722801428884,7.54505251135266
19.2,14,590,29-Aug-2026 01:29:03,9.6,9.51326652803489,18.6442538461538,19.2693846153846,232.266233558633,7.5303075949932
19.2,14,590,29-Aug-2026 01:28:58,9.8,9.71145486583598,18.6210529411765,19.3168823529412,231.824573202322,7.51631549672763
19.2,14,590,29-Aug-2026 01:28:52,10,9.90964301120082,18.5955,19.3252,231.346360951523,7.50090410857996
19.2,14,590,29-Aug-2026 01:28:47,10.2,10.1078309641511,18.5789666666667,19.3395555555556,230.809286999853,7.4835895837853
19.2,14,590,29-Aug-2026 01:28:41,10.4,10.3060187246635,18.5730666666667,19.3496666666667,230.074534113797,7.45983722131089
19.2,14,590,29-Aug-2026 01:28:36,10.6,10.5042062927725,18.569625,19.351625,229.109327204739,7.42857885263444
19.2,14,590,29-Aug-2026 01:28:31,10.8,10.7023936684484,18.5638,19.357,228.181923920613,7.39854451259057
19.2,14,590,29-Aug-2026 01:28:25,11,10.9005808517193,18.55355,19.3605,227.383961050904,7.37270550634856
19.2,14,590,29-Aug-2026 01:28:17,11.2,11.0987678425617,18.543,19.368,226.735391533165,7.3516999269245
19.2,14,590,29-Aug-2026 01:28:07,11.4,11.2969546410037,18.5412090909091,19.3683636363636,226.36079416477,7.33957689363286
19.2,14,590,29-Aug-2026 01:27:47,11.6,11.4951412470155,18.5357333333333,19.3703333333333,225.983717415503,7.3273858862758
19.2,14,590,29-Aug-2026 01:27:30,11.8,11.6933276606186,18.52765,19.3728333333333,225.583156967062,7.31443273015282
19.2,14,590,29-Aug-2026 01:27:16,12,11.8915138818154,18.5179,19.3765,225.286170997696,7.30483451864384
19.2,14,590,29-Aug-2026 01:27:04,12.2,12.0896999105889,18.5132272727273,19.3773636363636,224.903620764716,7.29245859960876
19.2,14,590,29-Aug-2026 01:26:55,12.4,12.2878857469605,18.5105733333333,19.378,224.837624412823,7.29035941319933
19.2,14,590,29-Aug-2026 01:26:47,12.6,12.4860713909198,18.50474,19.3808,224.526905916397,7.28032458135396
19.2,14,590,29-Aug-2026 01:26:39,12.8,12.6842568424818,18.4917454545455,19.3870909090909,224.280437883328,7.27238626112911
19.2,14,590,29-Aug-2026 01:26:31,13,12.8824421016166,18.4748,19.395,224.098220313618,7.26654445252479
19.2,14,590,29-Aug-2026 01:25:29,13.2,13.0806271683585,18.4345333333333,19.414,224.109545295815,7.26698708324498
19.2,14,590,29-Aug-2026 01:24:43,13.4,13.278812042697,18.2873666666667,19.4856666666667,220.975584461182,7.16602797867485
19.2,14,590,29-Aug-2026 01:24:32,13.6,13.476996724647,18.2470461538462,19.5031538461538,220.430808007377,7.14859024462442
19.2,14,590,29-Aug-2026 01:23:17,13.8,13.6751812141786,18.2283333333333,19.5036666666667,214.843781184795,6.96745118564325
19.2,14,590,29-Aug-2026 01:22:28,14,13.8733655113132,18.2129333333333,19.507,214.213986903129,6.94711904495967
19.2,14,590,29-Aug-2026 01:20:37,14.2,14.0715496160402,18.2034166666667,19.5100833333333,212.196825818128,6.88184327374606
19.2,14,590,29-Aug-2026 01:20:19,14.4,14.269733528381,18.07638,19.5861,205.110633185177,6.65247097654029
19.2,14,590,29-Aug-2026 01:18:26,14.6,14.4679172483184,17.9209090909091,19.673,193.390366825985,6.27362339442291
19.2,14,590,29-Aug-2026 01:17:07,14.8,14.6661007758609,17.6710454545455,19.9310909090909,183.465755326718,5.95276092414725
19.2,14,590,29-Aug-2026 01:15:49,15,14.8642841110043,17.5453,20.0214285714286,174.901840865665,5.67526232463271
19.2,14,590,29-Aug-2026 01:14:27,15.2,15.0624672537699,17.4822090909091,20.0509090909091,131.389894470173,4.26395551862196
19.2,14,590,29-Aug-2026 01:14:07,15.4,15.2606502041341,16.92426,20.4998,119.375340802475,3.87590711614298
19.2,14,590,29-Aug-2026 01:13:20,15.6,15.4588329621054,16.6616833333333,20.7733333333333,80.3747231742269,2.61044525359986
19.2,14,590,29-Aug-2026 01:12:47,15.8,15.6570155276859,16.1411,21.0465384615385,52.0410994693903,1.69072423409508
19.2,14,590,29-Aug-2026 01:12:36,16,15.855197900884,15.9770428571429,21.1212857142857,43.4033367295563,1.41024322788813
19.2,14,590,29-Aug-2026 01:12:28,16.2,16.0533800816824,15.7583588235294,21.2610588235294,37.222225970273,1.20964800265233
19.2,14,590,29-Aug-2026 01:12:20,16.4,16.2515620701089,15.1697615384615,21.6005384615385,33.4977671915404,1.08893855838768
19.2,14,590,29-Aug-2026 01:12:11,16.6,16.4497438661527,14.6630714285714,21.7581428571429,31.7350119776162,1.03177628374854
19.2,14,590,29-Aug-2026 01:11:59,16.8,16.6479254697964,14.4160666666667,21.8476666666667,30.4062083548326,0.988668570821604
19.2,14,590,29-Aug-2026 01:11:47,17,16.8461068810614,14.3157,21.8468,28.2940935088429,0.920009543694323
19.2,14,590,29-Aug-2026 01:11:37,17.2,17.0442880999495,14.1861,21.879,26.5886734231939,0.864575315260954
19.2,14,590,29-Aug-2026 01:11:26,17.4,17.2424691264628,14.1264454545455,21.8844545454545,25.1570441424108,0.818048801073588
19.2,14,590,29-Aug-2026 01:11:15,17.6,17.4406499605967,13.99335,21.9105,23.980462544669,0.779820429885666
19.2,14,590,29-Aug-2026 01:11:04,17.8,17.6388306023468,13.8464461538462,21.9311538461538,22.5376704247998,0.732926302588716
19.2,14,590,29-Aug-2026 01:10:52,18,17.8370110517151,13.7659454545455,21.9322727272727,21.0247381712643,0.683765226915952
19.2,14,590,29-Aug-2026 01:10:42,18.2,18.0351913087097,13.5021636363636,22.017,20.1083371038738,0.653995487019649
19.2,14,590,29-Aug-2026 01:10:33,18.4,18.2333713733455,13.4474461538462,22.0004615384615,19.6111399559921,0.637827846413154
19.2,14,590,29-Aug-2026 01:10:24,18.6,18.4315512455986,13.3277571428571,22.0464285714286,18.2420697421799,0.593319742192451
19.2,14,590,29-Aug-2026 01:10:15,18.8,18.629730925471,13.2877142857143,22.055,16.9989079770152,0.552896207882915
19.2,14,590,29-Aug-2026 01:10:02,19,18.8279104129773,13.2523,22.0465,16.1884728432253,0.526541167560329
19.2,14,590,29-Aug-2026 01:09:50,19.2,19.0260897081193,13.2037571428571,22.0594285714286,15.684855892163,0.510170051313532
19.2,14,590,29-Aug-2026 01:09:38,19.4,19.2242688108926,13.15424,22.0762,15.1114380745317,0.491529283910158
19.2,14,590,29-Aug-2026 01:09:28,19.6,19.4224477212988,13.1283,22.1326428571429,15.4031614825862,0.501052804249821
19.2,14,590,29-Aug-2026 01:09:20,19.8,19.6206264393334,13.12205,22.149,14.6368858266983,0.476132442041578
19.2,14,590,29-Aug-2026 01:09:11,20,19.8188049650046,13.1888,22.165,12.8939140325559,0.419451266033899
19.2,14,590,29-Aug-2026 01:09:02,20.2,20.0169832983142,13.32055,22.2945,10.1742461001591,0.331009276226785
19.2,14,590,29-Aug-2026 01:08:55,20.4,20.215161439264,13.1034,22.317,8.32367462846903,0.270813721057988
19.2,14,590,29-Aug-2026 01:08:47,20.6,20.4133393878363,12.79265,22.3105,6.750159008834,0.219625734710566
19.2,14,590,29-Aug-2026 01:08:39,20.8,20.6115171440652,12.6013,22.2917857142857,5.45369924125407,0.177445317184524
19.2,14,590,29-Aug-2026 01:08:32,21,20.8096947079266,12.4447615384615,22.2896153846154,4.37585696466997,0.142378320897156
19.2,14,590,29-Aug-2026 01:08:26,21.2,21.0078720794479,12.3404,22.28575,4.12766434930219,0.134304627182752
19.2,14,590,29-Aug-2026 01:08:19,21.4,21.206049258586,12.1877461538462,22.2841538461538,3.98806096101936,0.129763728940243
19.2,14,590,29-Aug-2026 01:08:12,21.6,21.4042262453874,12.1007181818182,22.2823636363636,3.89613467511901,0.126774760128364
19.2,14,590,29-Aug-2026 01:08:05,21.8,21.6024030398282,12.1055,22.31,3.27141054419612,0.106449630958734
19.2,14,590,29-Aug-2026 01:07:56,22,21.8005796419164,12.2049,22.3394,2.17480069295309,0.0707692074726196
19.2,14,590,29-Aug-2026 01:07:48,22.2,21.9987560516536,12.24184,22.3628,1.11472144152672,0.0362743044022077
19.2,14,590,29-Aug-2026 01:07:41,22.4,22.1969322690417,12.046125,22.37225,0.300368313789103,0.00977454917847079
19.2,14,590,29-Aug-2026 01:07:32,22.6,22.395108294082,11.57925,22.356,-0.268258690259763,-0.00873005819859107
19.2,14,590,29-Aug-2026 01:07:23,22.8,22.5932841267636,11.36568,22.3392666666667,-0.280849172445362,-0.00914001425303733
19.2,14,590,29-Aug-2026 01:07:16,23,22.7914597671136,11.23309,22.3736,-0.283797834205382,-0.0092361042894662
19.2,14,590,29-Aug-2026 01:07:07,23.2,22.9896352151015,11.19065,22.372,-0.277104675539823,-0.00901832830787767
19.2,14,590,29-Aug-2026 01:06:58,23.4,23.1878104707546,11.17938,22.3711,-0.280885185955598,-0.00914136175148671
19.2,14,590,29-Aug-2026 01:06:48,23.6,23.3859855340681,11.18255,22.3639166666667,-0.285976502622507,-0.00930707448336139
19.2,14,590,29-Aug-2026 01:06:38,23.8,23.5841604050242,11.19105,22.35575,-0.286146269124852,-0.00931271370495978
19.2,14,590,29-Aug-2026 01:06:28,24,23.7823350836502,11.1197545454545,22.3674545454545,-0.284495883122244,-0.00925916563469651
19.2,14,590,29-Aug-2026 01:06:18,24.2,23.9805095699347,11.0993909090909,22.37,-0.281595490503514,-0.00916483896854313
19.2,14,590,29-Aug-2026 01:06:07,24.4,24.1786838638858,11.0949363636364,22.3681818181818,-0.274343693609049,-0.00892884748808501
19.2,14,590,29-Aug-2026 01:05:59,24.6,24.3768579654856,11.07406,22.3742,-0.253326290183481,-0.00824488036882121
19.2,14,590,29-Aug-2026 01:05:52,24.8,24.5750318747613,11.0710733333333,22.3708666666667,-0.258419611833874,-0.00841069599558278
19.2,14,590,29-Aug-2026 01:05:47,25,24.7732055917016,11.0694473684211,22.3686842105263,-0.25986509170264,-0.00845779480408264
19.2,14,590,29-Aug-2026 01:05:43,25.2,24.9713791163016,11.05026,22.3666,-0.257662729789778,-0.00838617679432079
19.2,14,590,29-Aug-2026 01:05:40,25.4,25.169552448569,10.99492,22.378,-0.260568887337338,-0.00848102712202613
19.2,14,590,29-Aug-2026 01:05:37,25.6,25.3677255885182,10.8258,22.4137142857143,-0.263475044884898,-0.00857587744973146
19.2,14,590,29-Aug-2026 01:05:34,25.8,25.565898536125,10.7160076923077,22.4091538461538,-0.267756978784509,-0.00871526132506874
19.2,14,590,29-Aug-2026 01:05:31,26,25.7640712913971,10.7080444444444,22.4106111111111,-0.27203891268412,-0.00885464520040604
19.2,14,590,29-Aug-2026 01:05:29,26.2,25.9622438543425,10.7036625,22.40825,-0.267287683227437,-0.00870002396429979
19.2,14,590,29-Aug-2026 01:05:26,26.4,26.1604162249753,10.6982,22.4082222222222,-0.262536453770754,-0.00854540272819354
19.2,14,590,29-Aug-2026 01:05:24,26.6,26.3585884032649,10.6934222222222,22.4111111111111,-0.261310220932414,-0.00850553257429603
19.2,14,590,29-Aug-2026 01:05:22,26.8,26.5567603892446,10.6667,22.4174545454545,-0.263608984712414,-0.00858041350260725
19.2,14,590,29-Aug-2026 01:05:20,27,26.7549321828902,10.6175,22.4228888888889,-0.265907748492415,-0.00865529443091847
19.2,14,590,29-Aug-2026 01:05:18,27.2,26.9531037842159,10.5843,22.4195714285714,-0.263081987453443,-0.00856337000220393
19.2,14,590,29-Aug-2026 01:05:16,27.4,27.1512751932166,10.56305,22.42175,-0.255131701595496,-0.00830464021646362
19.2,14,590,29-Aug-2026 01:05:14,27.6,27.3494464099193,10.5403952380952,22.4251904761905,-0.255453026493484,-0.00831516593464916
19.2,14,590,29-Aug-2026 01:05:12,27.8,27.5476174342867,10.506268,22.43012,-0.25721045196631,-0.00837241696727466
19.2,14,590,29-Aug-2026 01:05:11,28,27.745788266333,10.470108,22.43572,-0.25213236725804,-0.00820713781041428
19.2,14,590,29-Aug-2026 01:05:09,28.2,27.9439589060724,10.437805,22.42935,-0.24705428254977,-0.00804185865355389
19.2,14,590,29-Aug-2026 01:05:07,28.4,28.1421293534805,10.4278875,22.431375,-0.26992643729992,-0.00878642317801094
19.2,14,590,29-Aug-2026 01:05:05,28.6,28.3402996085904,10.4150421052632,22.432,-0.262370297996974,-0.00854049378068278
19.2,14,590,29-Aug-2026 01:05:03,28.8,28.5384696713844,10.4026615384615,22.4332307692308,-0.254814158694027,-0.00829456438335462
19.2,14,590,29-Aug-2026 01:05:02,29,28.7366395418636,10.3905636363636,22.434,-0.25321250211312,-0.00824244352711704
19.2,14,590,29-Aug-2026 01:05:00,29.2,28.934809220042,10.3762285714286,22.4355238095238,-0.25495647780244,-0.00829925443903883
19.2,14,590,29-Aug-2026 01:04:58,29.4,29.1329787058952,10.3541083333333,22.4400416666667,-0.260046085761987,-0.00846499711911998
19.2,14,590,29-Aug-2026 01:04:56,29.6,29.3311479994501,10.3232304347826,22.4453913043478,-0.262308231924261,-0.0085386858954218
19.2,14,590,29-Aug-2026 01:04:55,29.8,29.5293171006951,10.2921,22.448,-0.261742916289262,-0.0085203207679443
19.2,14,590,29-Aug-2026 01:04:53,30,29.7274860096376,10.27285,22.4446666666667,-0.265291408471367,-0.0086358593400434
19.2,14,590,29-Aug-2026 01:04:51,30.2,29.9256547262789,10.2544608695652,22.4481739130435,-0.268839900653472,-0.00875139791214251
19.2,14,590,29-Aug-2026 01:04:50,30.4,30.1238232506009,10.2424,22.449,-0.259291964510924,-0.00844059619250507
19.2,14,590,29-Aug-2026 01:04:48,30.6,30.3219915826432,10.2310681818182,22.4492727272727,-0.256902511082943,-0.00836282247707159
19.2,14,590,29-Aug-2026 01:04:46,30.8,30.5201597223684,10.21704,22.4514,-0.261671540369529,-0.00851807676584209
19.2,14,590,29-Aug-2026 01:04:45,31,30.7183276698033,10.2092,22.449,-0.266440569656114,-0.00867333105461258
19.2,14,590,29-Aug-2026 01:04:43,31.2,30.9164954249361,10.2084307692308,22.449,-0.264032994829089,-0.00859497836664391
19.2,14,590,29-Aug-2026 01:04:41,31.4,31.114662987768,10.20512,22.44956,-0.267840934855165,-0.00871895285633897
19.2,14,590,29-Aug-2026 01:04:40,31.6,31.3128303583065,10.2003913043478,22.45,-0.27164887488124,-0.00884292734603402
19.2,14,590,29-Aug-2026 01:04:38,31.8,31.5109975365525,10.1949454545455,22.4505454545455,-0.271563570296242,-0.00884016876708738
19.2,14,590,29-Aug-2026 01:04:36,32,31.7091645225008,10.1887333333333,22.4523333333333,-0.267984456717849,-0.00872367294175084
19.2,14,590,29-Aug-2026 01:04:35,32.2,31.9073313161587,10.1824,22.454,-0.264804778757133,-0.00862017293866611
19.2,14,590,29-Aug-2026 01:04:33,32.4,32.1054979175274,10.1795666666667,22.4523333333333,-0.261625100796417,-0.00851667293558139
19.2,14,590,29-Aug-2026 01:04:31,32.6,32.3036643266014,10.1779818181818,22.452,-0.273555699804701,-0.00890505737784024
19.2,14,590,29-Aug-2026 01:04:29,32.8,32.5018305433944,10.1743578947368,22.4527368421053,-0.2723512039437,-0.00886586847164698
19.2,14,590,29-Aug-2026 01:04:27,33,32.6999965678948,10.1702,22.4537142857143,-0.271146708082699,-0.00882667956545371
19.2,14,590,29-Aug-2026 01:04:25,33.2,32.8981624001098,10.16613,22.454,-0.259214276019856,-0.00843824894941323
19.2,14,590,29-Aug-2026 01:04:23,33.4,33.0963280400341,10.1583117647059,22.4548235294118,-0.261428261862835,-0.00851035235940496
19.2,14,590,29-Aug-2026 01:04:20,33.6,33.2944934876813,10.1552529411765,22.4544117647059,-0.263642247705813,-0.00858245576939668
19.2,14,590,29-Aug-2026 01:04:18,33.8,33.4926587430396,10.1403909090909,22.4595454545455,-0.249929053003115,-0.00813607717872875
19.2,14,590,29-Aug-2026 01:01:39,34,33.6908238061228,10.1344666666667,22.4570666666667,-0.220288677754737,-0.00717121658740108
19.2,14,700,29-Aug-2026 01:53:59,-0.3,-0.297296724224002,16.7854,0.698,NaN,NaN
19.2,14,700,29-Aug-2026 01:54:39,-0.3,-0.297296724224002,16.5447,8.634,268.809288394844,8.64961162982985
19.2,14,700,29-Aug-2026 01:54:29,-0.15,-0.148648307980988,16.5721,8.818,269.543434378229,8.67139176198283
19.2,14,700,29-Aug-2026 01:54:49,-0.13,-0.128828527319736,16.5606,8.767,268.541105865547,8.64118724793162
19.2,14,700,29-Aug-2026 01:54:09,-0.12,-0.118918637726041,16.6543,8.546,273.357932202836,8.78025882729848
19.2,14,700,29-Aug-2026 01:55:39,-0.12,-0.118918637726041,16.8883,9.023,266.870415597024,8.5883275483564
19.2,14,700,29-Aug-2026 01:55:09,-0.11,-0.10900874859584,16.598,8.714,268.780168030594,8.64881177285105
19.2,14,700,29-Aug-2026 01:55:19,-0.07,-0.0693691969164611,16.6527,8.681,267.538261096518,8.60852272750213
19.2,14,700,29-Aug-2026 01:54:19,-0.06,-0.0594593102007508,16.5977,7.373,270.343866782728,8.69432992830822
19.2,14,700,29-Aug-2026 01:55:29,-0.06,-0.0594593102007508,16.7545,8.788,267.197785494393,8.59819758466744
19.2,14,700,29-Aug-2026 01:55:49,-0.05,-0.0495494239616365,16.8931,8.877,NaN,NaN
19.2,14,700,29-Aug-2026 01:54:59,-0.01,-0.00990988382980743,16.6189,8.818,268.673243735821,8.64569348631223
20.2,15,190,NaT,0,0,NaN,NaN,NaN,NaN
20.2,15,190,29-Aug-2026 02:17:00,0.2,0.198197575549084,18.0241083333333,17.5751666666667,NaN,NaN
20.2,15,190,29-Aug-2026 02:20:38,0.4,0.396394958602638,18.39161875,17.5238125,NaN,NaN
20.2,15,190,29-Aug-2026 02:23:30,0.6,0.594592149189359,18.3953909090909,17.5266363636364,NaN,NaN
20.2,15,190,29-Aug-2026 02:23:44,0.8,0.792789147292957,18.39773,17.526,NaN,NaN
20.2,15,190,29-Aug-2026 02:23:52,1,0.990985952922833,18.3972285714286,17.526,NaN,NaN
20.2,15,190,29-Aug-2026 02:24:00,1.2,1.18918256608195,18.3960181818182,17.5267272727273,NaN,NaN
20.2,15,190,29-Aug-2026 02:24:08,1.4,1.3873789867604,18.39036,17.5292666666667,NaN,NaN
20.2,15,190,29-Aug-2026 02:30:55,1.6,1.58557521495471,18.39391,17.5318,NaN,NaN
20.2,15,190,29-Aug-2026 02:40:49,1.8,1.78377125068706,18.3927,17.5360909090909,NaN,NaN
20.2,15,190,29-Aug-2026 02:43:22,2,1.98196709394753,18.3937,17.535,NaN,NaN
20.2,15,190,29-Aug-2026 02:43:55,2.2,2.18016274473901,18.3941363636364,17.5334545454545,NaN,NaN
20.2,15,190,29-Aug-2026 02:44:38,2.4,2.37835820305796,18.3949666666667,17.532,NaN,NaN
20.2,15,190,29-Aug-2026 02:44:46,2.6,2.57655346890084,18.3943,17.532,NaN,NaN
20.2,15,190,29-Aug-2026 02:44:53,2.8,2.7747485422962,18.3942583333333,17.532,NaN,NaN
20.2,15,190,29-Aug-2026 02:45:00,3,2.97294342320192,18.3942,17.532,NaN,NaN
20.2,15,190,29-Aug-2026 02:45:06,3.2,3.1711381116594,18.39457,17.532,NaN,NaN
20.2,15,190,29-Aug-2026 02:45:14,3.4,3.36933260765859,18.3948,17.5315,NaN,NaN
20.2,15,190,29-Aug-2026 02:45:26,3.6,3.56752691117663,18.3953666666667,17.531,NaN,NaN
20.2,15,190,29-Aug-2026 02:45:40,3.8,3.76572102225485,18.3965153846154,17.531,NaN,NaN
20.2,15,190,29-Aug-2026 02:46:11,4,3.9639149408575,18.3980545454545,17.53,NaN,NaN
20.2,15,190,29-Aug-2026 02:46:57,4.2,4.16210866700663,18.4000636363636,17.53,NaN,NaN
20.2,15,190,29-Aug-2026 02:47:50,4.4,4.360302200705,18.4007666666667,17.5313333333333,NaN,NaN
20.2,15,190,29-Aug-2026 02:48:27,4.6,4.55849554193609,18.4009,17.532,NaN,NaN
20.2,15,190,29-Aug-2026 02:49:48,4.8,4.75668869070905,18.4,17.534,NaN,NaN
20.2,15,190,29-Aug-2026 02:49:55,5,4.95488164703947,18.400375,17.5341875,NaN,NaN
20.2,15,190,29-Aug-2026 02:50:03,5.2,5.15307441091721,18.4008615384615,17.535,NaN,NaN
20.2,15,190,29-Aug-2026 02:50:16,5.4,5.35126698233855,18.40214,17.535,NaN,NaN
20.2,15,190,29-Aug-2026 02:51:38,5.6,5.54945936131259,18.4294461538462,17.6686153846154,NaN,NaN
20.2,15,190,29-Aug-2026 02:54:45,5.8,5.74765154782918,18.4311,17.6598333333333,NaN,NaN
20.2,15,190,29-Aug-2026 02:54:49,6,5.94584354191667,18.43635,17.7305,NaN,NaN
20.2,15,190,29-Aug-2026 02:54:55,6.2,6.14403534354558,18.4466454545455,17.8240909090909,NaN,NaN
20.2,15,190,29-Aug-2026 02:55:01,6.4,6.34222695272499,18.4486263157895,17.8627894736842,NaN,NaN
20.2,15,190,29-Aug-2026 02:55:10,6.6,6.54041836945752,18.4892,18.265,NaN,NaN
20.2,15,190,29-Aug-2026 02:55:44,6.8,6.7386095937522,18.5606076923077,18.5617692307692,NaN,NaN
20.2,15,190,29-Aug-2026 02:59:20,7,6.93680062561165,18.6870272727273,19.0155454545455,NaN,NaN
20.2,15,190,29-Aug-2026 02:59:40,7.2,7.1349914650256,18.6957333333333,19.0820666666667,NaN,NaN
20.2,15,190,29-Aug-2026 02:59:45,7.4,7.33318211199662,18.6998,19.1378,NaN,NaN
20.2,15,190,29-Aug-2026 02:59:49,7.6,7.53137256654014,18.6912684210526,19.1428947368421,NaN,NaN
20.2,15,190,29-Aug-2026 02:59:53,7.8,7.72956282863301,18.6676818181818,19.1620909090909,NaN,NaN
20.2,15,190,29-Aug-2026 02:59:57,8,7.92775289829704,18.6589095238095,19.168619047619,NaN,NaN
20.2,15,190,29-Aug-2026 03:00:00,8.2,8.12594277552191,18.6425272727273,19.1821818181818,NaN,NaN
20.2,15,190,29-Aug-2026 03:00:04,8.4,8.32413246031655,18.62019,19.1937,NaN,NaN
20.2,15,190,29-Aug-2026 03:00:08,8.6,8.52232195267705,18.5901142857143,19.2062857142857,NaN,NaN
20.2,15,190,29-Aug-2026 03:00:11,8.8,8.7205112526059,18.5889714285714,19.207619047619,NaN,NaN
20.2,15,190,29-Aug-2026 03:00:15,9,8.91870036010559,18.5938,19.2112,NaN,NaN
20.2,15,190,29-Aug-2026 03:00:19,9.2,9.11688927518497,18.6001416666667,19.22175,NaN,NaN
20.2,15,190,29-Aug-2026 03:00:22,9.4,9.31507799782726,18.6078142857143,19.2315714285714,NaN,NaN
20.2,15,190,29-Aug-2026 03:00:26,9.6,9.51326652803489,18.6148818181818,19.2300909090909,NaN,NaN
20.2,15,190,29-Aug-2026 03:00:30,9.8,9.71145486583598,18.6212111111111,19.24,NaN,NaN
20.2,15,190,29-Aug-2026 03:00:34,10,9.90964301120082,18.627875,19.2415,NaN,NaN
20.2,15,190,29-Aug-2026 03:00:38,10.2,10.1078309641511,18.6393944444444,19.2631111111111,NaN,NaN
20.2,15,190,29-Aug-2026 03:00:42,10.4,10.3060187246635,18.6442238095238,19.2832857142857,NaN,NaN
20.2,15,190,29-Aug-2026 03:00:46,10.6,10.5042062927725,18.64244,19.2956,NaN,NaN
20.2,15,190,29-Aug-2026 03:00:50,10.8,10.7023936684484,18.6358,19.312,NaN,NaN
20.2,15,190,29-Aug-2026 03:00:55,11,10.9005808517193,18.6244,19.3210526315789,NaN,NaN
20.2,15,190,29-Aug-2026 03:01:00,11.2,11.0987678425617,18.5901909090909,19.3269090909091,NaN,NaN
20.2,15,190,29-Aug-2026 03:01:05,11.4,11.2969546410037,18.56892,19.3267333333333,NaN,NaN
20.2,15,190,29-Aug-2026 03:01:12,11.6,11.4951412470155,18.533,19.3228,NaN,NaN
20.2,15,190,29-Aug-2026 03:01:19,11.8,11.6933276606186,18.4713428571429,19.3232857142857,NaN,NaN
20.2,15,190,29-Aug-2026 03:01:25,12,11.8915138818154,18.4430636363636,19.3203636363636,NaN,NaN
20.2,15,190,29-Aug-2026 03:01:36,12.2,12.0896999105889,18.4358923076923,19.3383076923077,NaN,NaN
20.2,15,190,29-Aug-2026 03:01:49,12.4,12.2878857469605,18.4399818181818,19.3605454545455,NaN,NaN
20.2,15,190,29-Aug-2026 03:02:38,12.6,12.4860713909198,18.3581,19.43,NaN,NaN
20.2,15,190,29-Aug-2026 03:04:44,12.8,12.6842568424818,18.31424,19.4564,NaN,NaN
20.2,15,190,29-Aug-2026 03:09:38,13,12.8824421016166,18.1863666666667,19.543,NaN,NaN
20.2,15,190,29-Aug-2026 03:09:45,13.2,13.0806271683585,18.1383,19.561,NaN,NaN
20.2,15,190,29-Aug-2026 03:09:53,13.4,13.278812042697,18.0367307692308,19.6099230769231,NaN,NaN
20.2,15,190,29-Aug-2026 03:13:20,13.6,13.476996724647,17.7676454545455,19.7483636363636,NaN,NaN
20.2,15,190,29-Aug-2026 03:14:41,13.8,13.6751812141786,17.627,19.8164,NaN,NaN
20.2,15,190,29-Aug-2026 03:14:52,14,13.8733655113132,17.31092,20.0692,NaN,NaN
20.2,15,190,29-Aug-2026 03:18:32,14.2,14.0715496160402,16.9760461538462,20.4286153846154,NaN,NaN
20.2,15,190,29-Aug-2026 03:19:41,14.4,14.269733528381,16.76272,20.6231,NaN,NaN
20.2,15,190,29-Aug-2026 03:19:48,14.6,14.4679172483184,16.5658583333333,20.7809166666667,NaN,NaN
20.2,15,190,29-Aug-2026 03:19:56,14.8,14.6661007758609,16.4314090909091,20.9110909090909,NaN,NaN
20.2,15,190,29-Aug-2026 03:22:18,15,14.8642841110043,16.25194,21.0098,NaN,NaN
20.2,15,190,29-Aug-2026 03:24:37,15.2,15.0624672537699,16.1327363636364,21.0619090909091,NaN,NaN
20.2,15,190,29-Aug-2026 03:24:45,15.4,15.2606502041341,15.9199333333333,21.2015,NaN,NaN
20.2,15,190,29-Aug-2026 03:24:55,15.6,15.4588329621054,15.4745090909091,21.4508181818182,NaN,NaN
20.2,15,190,29-Aug-2026 03:25:10,15.8,15.6570155276859,15.1551666666667,21.5783333333333,NaN,NaN
20.2,15,190,29-Aug-2026 03:26:01,16,15.855197900884,14.7811090909091,21.7019090909091,NaN,NaN
20.2,15,190,29-Aug-2026 03:29:38,16.2,16.0533800816824,14.6083214285714,21.7415,NaN,NaN
20.2,15,190,29-Aug-2026 03:29:45,16.4,16.2515620701089,14.44664,21.7949,NaN,NaN
20.2,15,190,29-Aug-2026 03:29:50,16.6,16.4497438661527,14.2930666666667,21.8503333333333,NaN,NaN
20.2,15,190,29-Aug-2026 03:29:56,16.8,16.6479254697964,14.2089,21.8713333333333,NaN,NaN
20.2,15,190,29-Aug-2026 03:30:02,17,16.8461068810614,14.1830461538462,21.8727692307692,NaN,NaN
20.2,15,190,29-Aug-2026 03:30:10,17.2,17.0442880999495,14.1248615384615,21.8869230769231,NaN,NaN
20.2,15,190,29-Aug-2026 03:30:19,17.4,17.2424691264628,14.0912666666667,21.9003333333333,NaN,NaN
20.2,15,190,29-Aug-2026 03:30:31,17.6,17.4406499605967,13.94812,21.9208,NaN,NaN
20.2,15,190,29-Aug-2026 03:30:50,17.8,17.6388306023468,13.8696,21.941,NaN,NaN
20.2,15,190,29-Aug-2026 03:32:14,18,17.8370110517151,13.6211,21.981,NaN,NaN
20.2,15,190,29-Aug-2026 03:33:33,18.2,18.0351913087097,13.5965166666667,21.9821666666667,NaN,NaN
20.2,15,190,29-Aug-2026 03:34:19,18.4,18.2333713733455,13.57314,21.9926,NaN,NaN
20.2,15,190,29-Aug-2026 03:34:35,18.6,18.4315512455986,13.5896818181818,22.0000909090909,NaN,NaN
20.2,15,190,29-Aug-2026 03:34:40,18.8,18.629730925471,13.6099421052632,22.0061578947368,NaN,NaN
20.2,15,190,29-Aug-2026 03:34:45,19,18.8279104129773,13.6301066666667,22.0366,NaN,NaN
20.2,15,190,29-Aug-2026 03:34:49,19.2,19.0260897081193,13.6846352941176,22.0974705882353,NaN,NaN
20.2,15,190,29-Aug-2026 03:34:54,19.4,19.2242688108926,13.7078705882353,22.1215882352941,NaN,NaN
20.2,15,190,29-Aug-2026 03:34:58,19.6,19.4224477212988,13.6694947368421,22.1494736842105,NaN,NaN
20.2,15,190,29-Aug-2026 03:35:03,19.8,19.6206264393334,13.6495142857143,22.1728571428571,NaN,NaN
20.2,15,190,29-Aug-2026 03:35:08,20,19.8188049650046,13.6397,22.197,NaN,NaN
20.2,15,190,29-Aug-2026 03:35:13,20.2,20.0169832983142,13.61438,22.2239333333333,NaN,NaN
20.2,15,190,29-Aug-2026 03:35:18,20.4,20.215161439264,13.51485,22.2716875,NaN,NaN
20.2,15,190,29-Aug-2026 03:35:23,20.6,20.4133393878363,13.44158,22.2922666666667,NaN,NaN
20.2,15,190,29-Aug-2026 03:35:29,20.8,20.6115171440652,13.2719266666667,22.321,NaN,NaN
20.2,15,190,29-Aug-2026 03:35:35,21,20.8096947079266,13.1916714285714,22.3272857142857,NaN,NaN
20.2,15,190,29-Aug-2026 03:35:42,21.2,21.0078720794479,13.0728,22.33825,NaN,NaN
20.2,15,190,29-Aug-2026 03:35:48,21.4,21.206049258586,12.974575,22.328,NaN,NaN
20.2,15,190,29-Aug-2026 03:35:57,21.6,21.4042262453874,12.89635,22.3415,NaN,NaN
20.2,15,190,29-Aug-2026 03:36:04,21.8,21.6024030398282,12.79305,22.3435,NaN,NaN
20.2,15,190,29-Aug-2026 03:36:12,22,21.8005796419164,12.6386090909091,22.3559090909091,NaN,NaN
20.2,15,190,29-Aug-2026 03:36:22,22.2,21.9987560516536,12.7099307692308,22.2673076923077,NaN,NaN
20.2,15,190,29-Aug-2026 03:36:33,22.4,22.1969322690417,12.5276,22.317,NaN,NaN
20.2,15,190,29-Aug-2026 03:36:43,22.6,22.395108294082,12.3442,22.3417272727273,NaN,NaN
20.2,15,190,29-Aug-2026 03:36:56,22.8,22.5932841267636,12.26299,22.3191,NaN,NaN
20.2,15,190,29-Aug-2026 03:37:07,23,22.7914597671136,12.231075,22.2876666666667,NaN,NaN
20.2,15,190,29-Aug-2026 03:37:21,23.2,22.9896352151015,12.1202230769231,22.2982307692308,NaN,NaN
20.2,15,190,29-Aug-2026 03:37:35,23.4,23.1878104707546,12.03366,22.2848,NaN,NaN
20.2,15,190,29-Aug-2026 03:37:49,23.6,23.3859855340681,12.0498428571429,22.3131428571429,NaN,NaN
20.2,15,190,29-Aug-2026 03:38:02,23.8,23.5841604050242,12.0743769230769,22.3459230769231,NaN,NaN
20.2,15,190,29-Aug-2026 03:38:16,24,23.7823350836502,12.0937363636364,22.3555454545455,NaN,NaN
20.2,15,190,29-Aug-2026 03:38:29,24.2,23.9805095699347,12.0399333333333,22.3868333333333,NaN,NaN
20.2,15,190,29-Aug-2026 03:38:39,24.4,24.1786838638858,11.98916,22.3858,NaN,NaN
20.2,15,190,29-Aug-2026 03:38:52,24.6,24.3768579654856,11.9546,22.386,NaN,NaN
20.2,15,190,29-Aug-2026 03:39:01,24.8,24.5750318747613,11.9182285714286,22.3852142857143,NaN,NaN
20.2,15,190,29-Aug-2026 03:39:12,25,24.7732055917016,11.8188,22.363,NaN,NaN
20.2,15,190,29-Aug-2026 03:39:23,25.2,24.9713791163016,11.6169166666667,22.3353333333333,NaN,NaN
20.2,15,190,29-Aug-2026 03:39:34,25.4,25.169552448569,11.4008571428571,22.3551428571429,NaN,NaN
20.2,15,190,29-Aug-2026 03:39:43,25.6,25.3677255885182,11.3299076923077,22.3444615384615,NaN,NaN
20.2,15,190,29-Aug-2026 03:39:54,25.8,25.565898536125,11.2146333333333,22.3913333333333,NaN,NaN
20.2,15,190,29-Aug-2026 03:40:03,26,25.7640712913971,11.1943285714286,22.3817142857143,NaN,NaN
20.2,15,190,29-Aug-2026 03:40:14,26.2,25.9622438543425,11.1220818181818,22.3841818181818,NaN,NaN
20.2,15,190,29-Aug-2026 03:40:25,26.4,26.1604162249753,11.0822625,22.384375,NaN,NaN
20.2,15,190,29-Aug-2026 03:40:36,26.6,26.3585884032649,11.034425,22.3861666666667,NaN,NaN
20.2,15,190,29-Aug-2026 03:40:47,26.8,26.5567603892446,10.9927727272727,22.3900909090909,NaN,NaN
20.2,15,190,29-Aug-2026 03:41:02,27,26.7549321828902,10.9593818181818,22.3921818181818,NaN,NaN
20.2,15,190,29-Aug-2026 03:41:17,27.2,26.9531037842159,10.9376545454545,22.3976363636364,NaN,NaN
20.2,15,190,29-Aug-2026 03:41:35,27.4,27.1512751932166,10.902275,22.39225,NaN,NaN
20.2,15,190,29-Aug-2026 03:42:00,27.6,27.3494464099193,10.82854,22.4006,NaN,NaN
20.2,15,190,29-Aug-2026 03:42:41,27.8,27.5476174342867,10.7384636363636,22.4043636363636,NaN,NaN
20.2,15,190,29-Aug-2026 03:43:51,28,27.745788266333,10.658625,22.41,NaN,NaN
20.2,15,190,29-Aug-2026 03:44:35,28.2,27.9439589060724,10.64376,22.4082,NaN,NaN
20.2,15,190,29-Aug-2026 03:44:42,28.4,28.1421293534805,10.6018533333333,22.4085333333333,NaN,NaN
20.2,15,190,29-Aug-2026 03:44:47,28.6,28.3402996085904,10.53255,22.4269444444444,NaN,NaN
20.2,15,190,29-Aug-2026 03:44:52,28.8,28.5384696713844,10.4852882352941,22.4347647058824,NaN,NaN
20.2,15,190,29-Aug-2026 03:44:57,29,28.7366395418636,10.47102,22.431,NaN,NaN
20.2,15,190,29-Aug-2026 03:45:02,29.2,28.934809220042,10.4527,22.4302352941176,NaN,NaN
20.2,15,190,29-Aug-2026 03:45:07,29.4,29.1329787058952,10.4150157894737,22.4397894736842,NaN,NaN
20.2,15,190,29-Aug-2026 03:45:12,29.6,29.3311479994501,10.3844083333333,22.448,NaN,NaN
20.2,15,190,29-Aug-2026 03:45:17,29.8,29.5293171006951,10.38560625,22.44425,NaN,NaN
20.2,15,190,29-Aug-2026 03:45:22,30,29.7274860096376,10.3637416666667,22.44475,NaN,NaN
20.2,15,190,29-Aug-2026 03:45:27,30.2,29.9256547262789,10.3504571428571,22.4457857142857,NaN,NaN
20.2,15,190,29-Aug-2026 03:45:33,30.4,30.1238232506009,10.3351428571429,22.4467142857143,NaN,NaN
20.2,15,190,29-Aug-2026 03:45:40,30.6,30.3219915826432,10.3393,22.438,NaN,NaN
20.2,15,190,29-Aug-2026 03:45:45,30.8,30.5201597223684,10.30568,22.4496,NaN,NaN
20.2,15,190,29-Aug-2026 03:45:52,31,30.7183276698033,10.3134,22.436,NaN,NaN
20.2,15,190,29-Aug-2026 03:45:58,31.2,30.9164954249361,10.2707666666667,22.457,NaN,NaN
20.2,15,190,29-Aug-2026 03:46:05,31.4,31.114662987768,10.2732818181818,22.4515454545455,NaN,NaN
20.2,15,190,29-Aug-2026 03:46:13,31.6,31.3128303583065,10.2680071428571,22.4466428571429,NaN,NaN
20.2,15,190,29-Aug-2026 03:46:21,31.8,31.5109975365525,10.2573882352941,22.4484705882353,NaN,NaN
20.2,15,190,29-Aug-2026 03:46:28,32,31.7091645225008,10.2597615384615,22.4459230769231,NaN,NaN
20.2,15,190,29-Aug-2026 03:46:38,32.2,31.9073313161587,10.254975,22.448,NaN,NaN
20.2,15,190,29-Aug-2026 03:46:47,32.4,32.1054979175274,10.25344,22.4481,NaN,NaN
20.2,15,190,29-Aug-2026 03:46:57,32.6,32.3036643266014,10.2559642857143,22.4469285714286,NaN,NaN
20.2,15,190,29-Aug-2026 03:47:08,32.8,32.5018305433944,10.2549272727273,22.4481818181818,NaN,NaN
20.2,15,190,29-Aug-2026 03:47:20,33,32.6999965678948,10.2524636363636,22.449,NaN,NaN
20.2,15,190,29-Aug-2026 03:47:32,33.2,32.8981624001098,10.2520545454545,22.4473636363636,NaN,NaN
20.2,15,190,29-Aug-2026 03:47:45,33.4,33.0963280400341,10.2487818181818,22.4498181818182,NaN,NaN
20.2,15,190,29-Aug-2026 03:47:58,33.6,33.2944934876813,10.2498,22.447,NaN,NaN
20.2,15,190,29-Aug-2026 03:48:08,33.8,33.4926587430396,10.2475,22.448,NaN,NaN
20.2,15,190,29-Aug-2026 03:48:23,34,33.6908238061228,10.2454142857143,22.4483571428571,NaN,NaN
20.2,15,190,29-Aug-2026 03:48:37,34.2,33.8889886769189,10.2458615384615,22.4471538461538,NaN,NaN
20.2,15,190,29-Aug-2026 03:48:48,34.4,34.0871533554416,10.245325,22.448,NaN,NaN
20.2,15,190,29-Aug-2026 03:49:01,34.6,34.2853178416727,10.24505,22.447,NaN,NaN
20.2,15,190,29-Aug-2026 03:49:14,34.8,34.4834821356386,10.243,22.448,NaN,NaN
20.2,15,190,29-Aug-2026 03:49:27,35,34.6816462373338,10.2386545454545,22.449,NaN,NaN
20.2,15,190,29-Aug-2026 03:49:42,35.2,34.8798101467398,10.234525,22.44975,NaN,NaN
20.2,15,190,29-Aug-2026 03:49:56,35.4,35.0779738638832,10.234,22.449,NaN,NaN
20.2,15,290,29-Aug-2026 09:04:36,35.38,35.0581575008231,10.2834,22.447,-0.234859472193987,-0.00764536661854203
20.2,15,290,29-Aug-2026 12:04:39,35.38,35.0581575008231,10.3704,22.439,-0.227994413228649,-0.00742176856645839
20.2,15,290,29-Aug-2026 08:04:35,35.39,35.0680656825912,10.2812,22.446,-0.236411422465173,-0.00769589239986899
20.2,15,290,29-Aug-2026 11:04:38,35.39,35.0680656825912,10.3347,22.445,-0.229529934454386,-0.00747179829947237
20.2,15,290,29-Aug-2026 14:04:41,35.4,35.0779738638832,10.4116,22.441,-0.223562353014638,-0.00727742446066301
20.2,15,290,29-Aug-2026 10:04:37,35.41,35.0878820446928,10.2997,22.446,-0.237269413515837,-0.00772380373183924
20.2,15,290,29-Aug-2026 13:04:40,35.41,35.0878820446928,10.3274,22.444,-0.227116026228773,-0.00739322757779803
20.2,15,290,29-Aug-2026 20:04:47,35.42,35.0977902250135,10.2214,22.449,-0.217926716135927,-0.00709424120967601
20.2,15,290,29-Aug-2026 06:04:28,35.44,35.1176065842391,10.2609,22.447,NaN,NaN
20.2,15,290,29-Aug-2026 21:04:48,35.44,35.1176065842391,10.1794,22.452,-0.230492340926065,-0.00750334366911159
20.2,15,290,29-Aug-2026 22:04:49,35.44,35.1176065842391,10.1003,22.462,-0.223002514875829,-0.00725966090525681
20.2,15,290,29-Aug-2026 07:04:34,35.45,35.1275147631248,10.2782,22.446,-0.236412502741002,-0.00769593104996775
20.2,15,290,29-Aug-2026 15:04:42,35.46,35.1374229415213,10.173,22.453,-0.225662559389573,-0.00734614338729754
20.2,15,290,29-Aug-2026 19:04:46,35.46,35.1374229415213,10.1774,22.453,-0.220105010658607,-0.00716521448877195
20.2,15,290,30-Aug-2026 13:05:03,35.47,35.1473311194544,10.0693,22.468,-0.215661226569596,-0.00702073359803882
20.2,15,290,29-Aug-2026 17:04:44,35.48,35.1572392969046,10.1616,22.454,-0.225676138805288,-0.00734659108356293
20.2,15,290,30-Aug-2026 18:05:09,35.48,35.1572392969046,10.0643,22.465,-0.217244849811177,-0.00707228137202431
20.2,15,290,29-Aug-2026 16:04:43,35.49,35.1671474738593,10.1589,22.455,-0.233601648024069,-0.00760460147442742
20.2,15,290,29-Aug-2026 23:04:49,35.49,35.1671474738593,10.124,22.457,-0.223881164555031,-0.0072882166498053
20.2,15,290,30-Aug-2026 12:05:02,35.49,35.1671474738593,10.0918,22.468,-0.216551584325607,-0.00704969863159726
20.2,15,290,30-Aug-2026 19:05:10,35.49,35.1671474738593,10.0968,22.465,-0.218949468040092,-0.00712773314845722
20.2,15,290,30-Aug-2026 20:05:11,35.49,35.1671474738593,10.1759,22.459,-0.212092091585836,-0.00690439689517579
20.2,15,290,30-Aug-2026 15:05:05,35.5,35.1770556503503,10.1047,22.461,-0.211072721850708,-0.00687129189848424
20.2,15,290,30-Aug-2026 17:05:08,35.5,35.1770556503503,10.0487,22.469,-0.216345792566241,-0.00704305725429877
20.2,15,290,29-Aug-2026 18:04:45,35.51,35.1869638263585,10.1873,22.452,-0.238428723381911,-0.00776170437893132
20.2,15,290,30-Aug-2026 09:04:59,35.51,35.1869638263585,10.0998,22.457,-0.207060809537756,-0.00674066950486257
20.2,15,290,30-Aug-2026 10:05:00,35.51,35.1869638263585,10.1342,22.456,-0.21279099314826,-0.00692716594968038
20.2,15,290,30-Aug-2026 11:05:01,35.51,35.1869638263585,10.1063,22.46,-0.21105336946013,-0.00687065949793667
20.2,15,290,30-Aug-2026 16:05:06,35.51,35.1869638263585,10.0754,22.462,-0.21965708071039,-0.00715078746330758
20.2,15,290,30-Aug-2026 00:04:50,35.52,35.1968720018772,10.0629,22.462,-0.221238141857128,-0.00720226734286389
20.2,15,290,30-Aug-2026 14:05:04,35.52,35.1968720018772,10.0875,22.467,-0.214097877858584,-0.00696982735588322
20.2,15,290,30-Aug-2026 21:05:12,35.52,35.1968720018772,10.1796,22.459,-0.206643747673949,-0.00672702540613041
20.2,15,290,30-Aug-2026 22:05:13,35.53,35.2067801769194,10.2271,22.451,-0.212380178446142,-0.00691368646352271
20.2,15,290,31-Aug-2026 09:05:24,35.53,35.2067801769194,10.381,22.44,-0.199738372459869,-0.00650194998886706
20.2,15,290,31-Aug-2026 11:05:26,35.53,35.2067801769194,10.3935,22.441,-0.198131176062125,-0.0064496260568739
20.2,15,290,01-Sep-2026 01:05:40,35.53,35.2067801769194,10.2153,22.455,-0.198125720444573,-0.00644968579335228
20.2,15,290,01-Sep-2026 02:05:41,35.53,35.2067801769194,10.204,22.458,-0.207398409658884,-0.00675156851855759
20.2,15,290,01-Sep-2026 11:05:48,35.54,35.2166883514786,10.4559,22.435,-0.20075833708807,-0.00653506026523105
20.2,15,290,30-Aug-2026 08:04:58,35.55,35.2265965255611,10.0856,22.463,-0.20856382231139,-0.00678963905155571
20.2,15,290,31-Aug-2026 10:05:25,35.55,35.2265965255611,10.3506,22.441,-0.208738694850765,-0.00679499355941512
20.2,15,290,31-Aug-2026 23:05:38,35.55,35.2265965255611,10.2511,22.457,-0.207731078117597,-0.00676234534918352
20.2,15,290,01-Sep-2026 23:06:01,35.55,35.2265965255611,10.26,22.447,-0.186288325083188,-0.00606425579356397
20.2,15,290,02-Sep-2026 13:06:15,35.55,35.2265965255611,10.2163,22.451,-0.178236192432288,-0.0058021935707358
20.2,15,290,31-Aug-2026 08:05:23,35.56,35.2365046991606,10.2225,22.452,-0.20829503550871,-0.00678070463126642
20.2,15,290,01-Sep-2026 00:05:39,35.56,35.2365046991606,10.2212,22.461,-0.208229966134616,-0.0067786342707595
20.2,15,290,01-Sep-2026 03:05:42,35.56,35.2365046991606,10.1845,22.458,-0.201128837937643,-0.00654748073920704
20.2,15,290,01-Sep-2026 10:05:47,35.56,35.2365046991606,10.425,22.439,-0.185851458885975,-0.00604985718151317
20.2,15,290,01-Sep-2026 13:05:50,35.56,35.2365046991606,10.4033,22.441,-0.184938050932915,-0.00602015137646535
20.2,15,290,01-Sep-2026 22:05:59,35.56,35.2365046991606,10.335,22.444,-0.20392511258271,-0.00663828726234905
20.2,15,290,02-Sep-2026 11:06:13,35.56,35.2365046991606,10.2927,22.444,-0.189620436000038,-0.00617268617698694
20.2,15,290,31-Aug-2026 12:05:27,35.57,35.2464128722833,10.4031,22.44,-0.200586615406476,-0.00652954217560928
20.2,15,290,01-Sep-2026 04:05:43,35.57,35.2464128722833,10.1909,22.458,-0.20501194335376,-0.00667388957379389
20.2,15,290,01-Sep-2026 05:05:43,35.57,35.2464128722833,10.2107,22.455,-0.201892334828223,-0.00657230164681287
20.2,15,290,01-Sep-2026 09:05:46,35.57,35.2464128722833,10.3399,22.445,-0.201566315360294,-0.00656151446815005
20.2,15,290,01-Sep-2026 12:05:49,35.57,35.2464128722833,10.4312,22.439,-0.199645485025141,-0.00649887296680902
20.2,15,290,01-Sep-2026 14:05:51,35.57,35.2464128722833,10.3648,22.442,-0.19864460048102,-0.00646637264442241
20.2,15,290,31-Aug-2026 00:05:15,35.58,35.2563210449163,10.299,22.448,-0.200064865409671,-0.00651269200589729
20.2,15,290,31-Aug-2026 13:05:28,35.58,35.2563210449163,10.3886,22.441,-0.205970259112095,-0.00670480755837276
20.2,15,290,01-Sep-2026 08:05:45,35.58,35.2563210449163,10.2733,22.451,-0.204603811590645,-0.00666049074353171
20.2,15,290,02-Sep-2026 00:06:02,35.58,35.2563210449163,10.2552,22.447,-0.184157162555065,-0.00599488829067088
20.2,15,290,02-Sep-2026 14:06:16,35.58,35.2563210449163,10.2186,22.454,-0.184724609403742,-0.00601341875971573
20.2,15,290,02-Sep-2026 16:06:18,35.58,35.2563210449163,10.2486,22.448,-0.177559175623631,-0.00578011883059571
20.2,15,290,30-Aug-2026 01:04:51,35.59,35.2662292170662,10.1192,22.457,-0.221454212217827,-0.00720922324687903
20.2,15,290,30-Aug-2026 23:05:14,35.59,35.2662292170662,10.257,22.45,-0.21401951993755,-0.00696700684816286
20.2,15,290,01-Sep-2026 06:05:44,35.59,35.2662292170662,10.2252,22.456,-0.196505729292015,-0.00639694432308507
20.2,15,290,02-Sep-2026 01:06:03,35.59,35.2662292170662,10.2613,22.445,-0.198071163704942,-0.00644781496465258
20.2,15,290,30-Aug-2026 07:04:57,35.6,35.276137388752,10.1418,22.456,-0.212780829769805,-0.00692683825491297
20.2,15,290,31-Aug-2026 07:05:22,35.6,35.276137388752,10.2177,22.457,-0.204443446276259,-0.00665534932701776
20.2,15,290,31-Aug-2026 22:05:37,35.6,35.276137388752,10.2201,22.46,-0.200518261689278,-0.00652758870322448
20.2,15,290,01-Sep-2026 07:05:45,35.6,35.276137388752,10.2241,22.456,-0.200489996933617,-0.00652664792218402
20.2,15,290,02-Sep-2026 12:06:14,35.6,35.276137388752,10.2591,22.449,-0.187035744783798,-0.00608857936972149
20.2,15,290,02-Sep-2026 15:06:17,35.6,35.276137388752,10.2123,22.454,-0.193646144055248,-0.00630385601734473
20.2,15,290,02-Sep-2026 17:06:19,35.6,35.276137388752,10.1876,22.457,-0.180981206133006,-0.00589159857563369
20.2,15,290,02-Sep-2026 22:06:24,35.6,35.276137388752,10.1656,22.456,-0.18433453244928,-0.00600077518448534
20.2,15,290,02-Sep-2026 23:06:25,35.6,35.276137388752,10.1657,22.455,-0.187963779017618,-0.00611891542041189
20.2,15,290,03-Sep-2026 00:06:26,35.6,35.276137388752,10.2017,22.451,NaN,NaN
20.2,15,290,31-Aug-2026 02:05:17,35.61,35.2860455599353,10.2526,22.453,-0.215617986211478,-0.00701907163789696
20.2,15,290,31-Aug-2026 04:05:19,35.61,35.2860455599353,10.2948,22.45,-0.199204749429761,-0.00648472517340842
20.2,15,290,02-Sep-2026 10:06:12,35.61,35.2860455599353,10.2943,22.444,-0.181900889398738,-0.00592139489420252
20.2,15,290,02-Sep-2026 21:06:23,35.61,35.2860455599353,10.1846,22.456,-0.18273734916887,-0.00594877272209922
20.2,15,290,31-Aug-2026 03:05:18,35.62,35.2959537306609,10.2363,22.457,-0.209176868772818,-0.00680942186332424
20.2,15,290,31-Aug-2026 06:05:21,35.62,35.2959537306609,10.2402,22.455,-0.201348564622523,-0.00655457494258847
20.2,15,290,01-Sep-2026 15:05:52,35.62,35.2959537306609,10.3503,22.443,-0.192218355528194,-0.00625719932857626
20.2,15,290,01-Sep-2026 21:05:58,35.62,35.2959537306609,10.3541,22.441,-0.196461402479166,-0.00639531121750624
20.2,15,290,02-Sep-2026 02:06:04,35.62,35.2959537306609,10.22,22.451,-0.188482424418509,-0.00613573727708956
20.2,15,290,02-Sep-2026 18:06:20,35.62,35.2959537306609,10.194,22.455,-0.173288999980538,-0.00564118183796871
20.2,15,290,02-Sep-2026 19:06:21,35.62,35.2959537306609,10.1985,22.455,-0.177272396188456,-0.00577085565323946
20.2,15,290,02-Sep-2026 20:06:22,35.62,35.2959537306609,10.1939,22.456,-0.181199076352322,-0.00589868773851716
20.2,15,290,31-Aug-2026 01:05:16,35.63,35.3058619008902,10.3046,22.448,-0.204099147176068,-0.00664402314665389
20.2,15,290,31-Aug-2026 05:05:20,35.63,35.3058619008902,10.2385,22.457,-0.206786915450477,-0.00673163071000337
20.2,15,290,31-Aug-2026 14:05:29,35.63,35.3058619008902,10.2996,22.446,-0.202521445533489,-0.00659264555813829
20.2,15,290,31-Aug-2026 15:05:30,35.63,35.3058619008902,10.2072,22.454,-0.207526641921397,-0.00675572494974313
20.2,15,290,31-Aug-2026 21:05:36,35.63,35.3058619008902,10.1965,22.464,-0.193196800510976,-0.00628929428034433
20.2,15,290,30-Aug-2026 02:04:52,35.64,35.315770070649,10.0826,22.461,-0.222101390717446,-0.00723034712524085
20.2,15,290,01-Sep-2026 16:05:53,35.64,35.315770070649,10.3253,22.445,-0.183793759624003,-0.00598298250104613
20.2,15,290,01-Sep-2026 20:05:57,35.64,35.315770070649,10.451,22.438,-0.199189236768581,-0.00648399289048121
20.2,15,290,02-Sep-2026 09:06:11,35.64,35.315770070649,10.2819,22.444,-0.192515116107402,-0.00626693653581891
20.2,15,290,30-Aug-2026 06:04:56,35.65,35.3256782399242,10.1451,22.456,-0.220746726506084,-0.0071861587817148
20.2,15,290,31-Aug-2026 20:05:35,35.65,35.3256782399242,10.2001,22.455,-0.195522263737331,-0.00636494601200739
20.2,15,290,01-Sep-2026 17:05:54,35.65,35.3256782399242,10.3646,22.443,-0.198621259604727,-0.00646561873477109
20.2,15,290,31-Aug-2026 19:05:34,35.66,35.3355864087159,10.2012,22.454,-0.199486236831871,-0.00649398177131642
20.2,15,290,01-Sep-2026 18:05:55,35.66,35.3355864087159,10.4666,22.438,-0.191116204382237,-0.00622119990628045
20.2,15,290,01-Sep-2026 19:05:56,35.66,35.3355864087159,10.3674,22.443,-0.177793053549998,-0.00578759954113338
20.2,15,290,02-Sep-2026 03:06:05,35.67,35.3454945770305,10.2107,22.453,-0.187703139489578,-0.00611039466227526
20.2,15,290,02-Sep-2026 08:06:10,35.67,35.3454945770305,10.2517,22.448,-0.193366844125543,-0.00629470798919165
20.2,15,290,30-Aug-2026 03:04:53,35.68,35.3554027448551,10.1203,22.457,-0.215914116169231,-0.00702886385735475
20.2,15,290,31-Aug-2026 16:05:31,35.68,35.3554027448551,10.2116,22.455,-0.209783596798481,-0.00682919267552714
20.2,15,290,30-Aug-2026 04:04:54,35.69,35.3653109122088,10.1274,22.457,-0.218335638621298,-0.00710768438241805
20.2,15,290,31-Aug-2026 18:05:33,35.69,35.3653109122088,10.2274,22.451,-0.216129831618205,-0.00703575407943583
20.2,15,290,02-Sep-2026 04:06:06,35.69,35.3653109122088,10.24,22.45,-0.193300779168394,-0.00629256858873253
20.2,15,290,30-Aug-2026 05:04:55,35.7,35.3752190790853,10.0425,22.466,-0.216361800428089,-0.00704356525941763
20.2,15,290,31-Aug-2026 17:05:32,35.7,35.3752190790853,10.2158,22.454,-0.198223123496196,-0.00645285645866276
20.2,15,290,02-Sep-2026 07:06:09,35.7,35.3752190790853,10.2734,22.446,-0.184973793715587,-0.00602145673400778
20.2,15,290,02-Sep-2026 06:06:08,35.71,35.3851272454716,10.2952,22.446,-0.185684009355775,-0.00604455916456278
20.2,15,290,02-Sep-2026 05:06:07,35.72,35.3950354113742,10.2418,22.452,-0.189327624816112,-0.00616323964138225
20.2,15,590,NaT,0,0,NaN,NaN,NaN,NaN
20.2,15,590,NaT,0.2,0.198197575549084,NaN,NaN,NaN,NaN
20.2,15,590,03-Sep-2026 02:28:24,0.4,0.396394958602638,18.17603,17.3193,253.494133593852,8.20705868414132
20.2,15,590,03-Sep-2026 02:28:20,0.6,0.594592149189359,18.1789,17.3175,253.42792973302,8.20489101921269
20.2,15,590,03-Sep-2026 02:28:15,0.8,0.792789147292957,18.1797789473684,17.3176842105263,253.427903804575,8.20490260268219
20.2,15,590,03-Sep-2026 02:28:11,1,0.990985952922833,18.18052,17.3188,253.360110377929,8.2027122052609
20.2,15,590,03-Sep-2026 02:28:07,1.2,1.18918256608195,18.18236,17.3186,253.224549453082,8.19831982694879
20.2,15,590,03-Sep-2026 02:28:04,1.4,1.3873789867604,18.1860461538462,17.3236153846154,253.207127093838,8.19777739488087
20.2,15,590,03-Sep-2026 02:28:00,1.6,1.58557521495471,18.1777,17.317,253.248967261716,8.19912725556652
20.2,15,590,03-Sep-2026 02:27:56,1.8,1.78377125068706,18.1856090909091,17.3159090909091,253.264689114975,8.19963203102763
20.2,15,590,03-Sep-2026 02:27:53,2,1.98196709394753,18.1844333333333,17.3195,253.184184038692,8.19703019439184
20.2,15,590,03-Sep-2026 02:27:49,2.2,2.18016274473901,18.1954631578947,17.3214736842105,253.07453669351,8.19348507415562
20.2,15,590,03-Sep-2026 02:27:45,2.4,2.37835820305796,18.19868,17.3247,252.946593167228,8.18936590443774
20.2,15,590,03-Sep-2026 02:27:41,2.6,2.57655346890084,18.195795,17.3356,252.855819236702,8.18647668161224
20.2,15,590,03-Sep-2026 02:27:37,2.8,2.7747485422962,18.20784,17.3375,252.73620627266,8.18261395462742
20.2,15,590,03-Sep-2026 02:27:33,3,2.97294342320192,18.2062210526316,17.3281578947368,252.587754275103,8.17777772348328
20.2,15,590,03-Sep-2026 02:27:29,3.2,3.1711381116594,18.2074307692308,17.335,252.429748298496,8.17270406185652
20.2,15,590,03-Sep-2026 02:27:26,3.4,3.36933260765859,18.2222315789474,17.3584210526316,252.262188342838,8.16739296974714
20.2,15,590,03-Sep-2026 02:27:22,3.6,3.56752691117663,18.2239846153846,17.3523076923077,252.0344177757,8.16000031153721
20.2,15,590,03-Sep-2026 02:27:18,3.8,3.76572102225485,18.22389,17.3551,251.815102375638,8.1528933469783
20.2,15,590,03-Sep-2026 02:27:15,4,3.9639149408575,18.2243,17.354,251.604242142649,8.14607207607041
20.2,15,590,03-Sep-2026 02:27:11,4.2,4.16210866700663,18.22777,17.355,251.201482818367,8.13304181217737
20.2,15,590,03-Sep-2026 02:27:07,4.4,4.360302200705,18.2326818181818,17.364,250.866815699145,8.12226324565032
20.2,15,590,03-Sep-2026 02:27:03,4.6,4.55849554193609,18.238355,17.38365,250.600240784981,8.11373637648925
20.2,15,590,03-Sep-2026 02:27:00,4.8,4.75668869070905,18.2434333333333,17.3950833333333,250.440472090752,8.10861961011573
20.2,15,590,03-Sep-2026 02:26:56,5,4.95488164703947,18.247319047619,17.4049523809524,250.280703396523,8.1035028437422
20.2,15,590,03-Sep-2026 02:26:52,5.2,5.15307441091721,18.25568,17.42595,250.172304643104,8.10011685191114
20.2,15,590,03-Sep-2026 02:26:48,5.4,5.35126698233855,18.2740615384615,17.4532307692308,249.885571968485,8.09096414074846
20.2,15,590,03-Sep-2026 02:26:45,5.6,5.54945936131259,18.29178,17.4749,249.420505372666,8.07604471025415
20.2,15,590,03-Sep-2026 02:26:41,5.8,5.74765154782918,18.316592,17.5026,248.689207102483,8.05248734484916
20.2,15,590,03-Sep-2026 02:26:38,6,5.94584354191667,18.3486181818182,17.5261818181818,247.9579088323,8.02892997944417
20.2,15,590,03-Sep-2026 02:26:35,6.2,6.14403534354558,18.357,17.5496666666667,246.614267734071,7.98555665960122
20.2,15,590,03-Sep-2026 02:26:31,6.4,6.34222695272499,18.36814,17.5712,245.293802717542,7.94291842883468
20.2,15,590,03-Sep-2026 02:26:27,6.6,6.54041836945752,18.36489,17.59075,243.996513782715,7.90101528714453
20.2,15,590,03-Sep-2026 02:26:23,6.8,6.7386095937522,18.3711846153846,17.6053076923077,242.422621907794,7.85014887164377
20.2,15,590,03-Sep-2026 02:26:20,7,6.93680062561165,18.3494923076923,17.6102307692308,240.572127092779,7.79031918233241
20.2,15,590,03-Sep-2026 02:26:17,7.2,7.1349914650256,18.3372772727273,17.6335,238.458336722057,7.7220663360215
20.2,15,590,03-Sep-2026 02:26:13,7.4,7.33318211199662,18.3452571428571,17.6844285714286,236.595582941792,7.66203810784512
20.2,15,590,03-Sep-2026 02:26:10,7.6,7.53137256654014,18.349819047619,17.7695714285714,234.983865751985,7.6102344978033
20.2,15,590,03-Sep-2026 02:26:07,7.8,7.72956282863301,18.34735,17.8385,233.419856313213,7.55996336924453
20.2,15,590,03-Sep-2026 02:26:03,8,7.92775289829704,18.3456545454545,17.89,231.903554625478,7.51122472216882
20.2,15,590,03-Sep-2026 02:26:00,8.2,8.12594277552191,18.3578285714286,17.9881428571429,230.625395852389,7.47071070324062
20.2,15,590,03-Sep-2026 02:25:56,8.4,8.32413246031655,18.3865272727273,18.2221818181818,229.3472370793,7.43019668431241
20.2,15,590,03-Sep-2026 02:25:52,8.6,8.52232195267705,18.4048222222222,18.2595555555556,227.323261267694,7.36481382507697
20.2,15,590,03-Sep-2026 02:25:48,8.8,8.7205112526059,18.4113833333333,18.3040555555556,225.238441775675,7.29757529706044
20.2,15,590,03-Sep-2026 02:25:44,9,8.91870036010559,18.3953857142857,18.4184285714286,223.092778603241,7.22848110026283
20.2,15,590,03-Sep-2026 02:25:40,9.2,9.11688927518497,18.3824647058824,18.6241764705882,221.565270772391,7.1805870866531
20.2,15,590,03-Sep-2026 02:25:36,9.4,9.31507799782726,18.3845,18.77,221.367375810951,7.17492257163115
20.2,15,590,03-Sep-2026 02:25:31,9.6,9.51326652803489,18.3840941176471,18.9241176470588,221.22332480611,7.17076131041346
20.2,15,590,03-Sep-2026 02:25:27,9.8,9.71145486583598,18.3879636363636,18.9590909090909,221.133117757867,7.16810330300005
20.2,15,590,03-Sep-2026 02:25:23,10,9.90964301120082,18.3882375,18.95775,221.094487284396,7.16686458256906
20.2,15,590,03-Sep-2026 02:25:18,10.2,10.1078309641511,18.3886470588235,18.9637058823529,221.091925209596,7.1668015176341
20.2,15,590,03-Sep-2026 02:25:14,10.4,10.3060187246635,18.39165,18.9655,221.049818106431,7.16545040528429
20.2,15,590,03-Sep-2026 02:25:08,10.6,10.5042062927725,18.3927071428571,18.9667857142857,220.932097576229,7.16163559002362
20.2,15,590,03-Sep-2026 02:25:04,10.8,10.7023936684484,18.3959,18.9705,220.827267072525,7.15826254018806
20.2,15,590,03-Sep-2026 02:24:57,11,10.9005808517193,18.3985153846154,18.9760769230769,220.669323238425,7.15316561393134
20.2,15,590,03-Sep-2026 02:24:48,11.2,11.0987678425617,18.4039818181818,18.9812727272727,220.458266073927,7.14634481125344
20.2,15,590,03-Sep-2026 02:24:39,11.4,11.2969546410037,18.40438,18.9853,219.903431768073,7.12840037693777
20.2,15,590,03-Sep-2026 02:24:28,11.6,11.4951412470155,18.404,18.989,219.172193770816,7.10474045995066
20.2,15,590,03-Sep-2026 02:24:15,11.8,11.6933276606186,18.4032466666667,18.9949333333333,218.275280710673,7.07570413802914
20.2,15,590,03-Sep-2026 02:24:06,12,11.8915138818154,18.402,18.995,217.443375168156,7.0487904855197
20.2,15,590,03-Sep-2026 02:24:01,12.2,12.0896999105889,18.3902666666667,19.01,216.839856543448,7.02928163747519
20.2,15,590,03-Sep-2026 02:23:58,12.4,12.2878857469605,18.3869684210526,19.0145263157895,216.399717318926,7.01505492448354
20.2,15,590,03-Sep-2026 02:23:56,12.6,12.4860713909198,18.3824444444444,19.0192777777778,215.959578094404,7.0008282114919
20.2,15,590,03-Sep-2026 02:23:54,12.8,12.6842568424818,18.3767181818182,19.0267272727273,215.735251996205,6.99361705590946
20.2,15,590,03-Sep-2026 02:23:53,13,12.8824421016166,18.3724260869565,19.0362173913043,215.441262428433,6.98415009631785
20.2,15,590,03-Sep-2026 02:23:51,13.2,13.0806271683585,18.36995,19.045,215.14727286066,6.97468313672624
20.2,15,590,03-Sep-2026 02:23:46,13.4,13.278812042697,18.36498,19.051,214.465680322086,6.9526528788958
20.2,15,590,03-Sep-2026 02:23:36,13.6,13.476996724647,18.3522153846154,19.069,214.097243253159,6.94090335903689
20.2,15,590,03-Sep-2026 02:23:21,13.8,13.6751812141786,18.32606,19.1053333333333,212.155508546056,6.87822558422923
20.2,15,590,03-Sep-2026 02:23:08,14,13.8733655113132,18.27442,19.1728666666667,209.170555298593,6.78192399680259
20.2,15,590,03-Sep-2026 02:22:51,14.2,14.0715496160402,18.18471,19.2808,206.493640535203,6.69568575984369
20.2,15,590,03-Sep-2026 02:22:36,14.4,14.269733528381,18.1087142857143,19.348,204.739802365905,6.63926742972799
20.2,15,590,03-Sep-2026 02:22:08,14.6,14.4679172483184,18.0522090909091,19.4234545454545,204.131081404442,6.61991009831757
20.2,15,590,03-Sep-2026 02:21:29,14.8,14.6661007758609,18.03128,19.1176,203.41589221708,6.59499520241399
20.2,15,590,03-Sep-2026 02:20:52,15,14.8642841110043,17.9721,19.508,198.13590558771,6.42623475371936
20.2,15,590,03-Sep-2026 02:20:11,15.2,15.0624672537699,17.8576166666667,19.6021666666667,192.165431259179,6.23299341427303
20.2,15,590,03-Sep-2026 02:18:51,15.4,15.2606502041341,17.7465181818182,19.7061818181818,176.384591558979,5.72202518753344
20.2,15,590,03-Sep-2026 02:17:11,15.6,15.4588329621054,17.55674,19.8508,177.693890209893,5.7649644086081
20.2,15,590,03-Sep-2026 02:10:34,15.8,15.6570155276859,17.5320909090909,19.8691818181818,169.080989630154,5.48571013483905
20.2,15,590,03-Sep-2026 02:05:00,16,15.855197900884,17.5217818181818,19.8729090909091,166.838193712363,5.41295051601894
20.2,15,590,03-Sep-2026 02:00:19,16.2,16.0533800816824,17.51055,19.881,161.233266242649,5.23121103169364
20.2,15,590,03-Sep-2026 01:58:24,16.4,16.2515620701089,17.48495,19.899,159.95517243069,5.18981348358237
20.2,15,590,03-Sep-2026 01:56:28,16.6,16.4497438661527,17.47946,19.9018,159.172632536582,5.16446700238617
20.2,15,590,03-Sep-2026 01:54:54,16.8,16.6479254697964,17.38556,19.9626,149.973816483574,4.86644057994
20.2,15,590,03-Sep-2026 01:53:25,17,16.8461068810614,17.1708,20.1388,138.419446645933,4.49207279690347
20.2,15,590,03-Sep-2026 01:52:28,17.2,17.0442880999495,17.1689,20.138,127.366403860904,4.13351422334022
20.2,15,590,03-Sep-2026 01:51:48,17.4,17.2424691264628,17.15778,20.1378,106.416094384945,3.45371422936849
20.2,15,590,03-Sep-2026 01:51:13,17.6,17.4406499605967,17.05145,20.1935,76.5147434663432,2.48390396187979
20.2,15,590,03-Sep-2026 01:50:20,17.8,17.6388306023468,16.3604818181818,20.7574545454545,54.6886184329134,1.77621415479938
20.2,15,590,03-Sep-2026 01:49:20,18,17.8370110517151,15.7217,21.196,45.5508893580212,1.47994303242202
20.2,15,590,03-Sep-2026 01:48:39,18.2,18.0351913087097,15.5143090909091,21.2943636363636,44.1532731614566,1.43474537175564
20.2,15,590,03-Sep-2026 01:47:50,18.4,18.2333713733455,15.149825,21.46875,43.0448880708506,1.39902032860206
20.2,15,590,03-Sep-2026 01:47:06,18.6,18.4315512455986,14.9765,21.5605,41.5997797901102,1.35215367774237
20.2,15,590,03-Sep-2026 01:46:26,18.8,18.629730925471,14.8631,21.6123333333333,39.2425926863121,1.27562610722671
20.2,15,590,03-Sep-2026 01:45:54,19,18.8279104129773,14.7155454545455,21.6675454545455,34.4257668784717,1.11914376841503
20.2,15,590,03-Sep-2026 01:45:34,19.2,19.0260897081193,14.486,21.7491538461538,29.2401748674564,0.950685472445322
20.2,15,590,03-Sep-2026 01:45:16,19.4,19.2242688108926,14.20405,21.858,25.2479679909017,0.820939694211101
20.2,15,590,03-Sep-2026 01:44:45,19.6,19.4224477212988,14.0586,21.8956666666667,20.4270284233257,0.664225183536637
20.2,15,590,03-Sep-2026 01:44:06,19.8,19.6206264393334,13.9048,21.94,14.7773561647285,0.480541940421927
20.2,15,590,03-Sep-2026 01:43:12,20,19.8188049650046,13.5983727272727,21.9798181818182,8.5371827078152,0.277645843853047
20.2,15,590,03-Sep-2026 01:41:56,20.2,20.0169832983142,13.4637,22.0124,6.92038077901101,0.225074781283408
20.2,15,590,03-Sep-2026 01:39:20,20.4,20.215161439264,13.2272727272727,22.0627272727273,4.60345816308832,0.149728375817166
20.2,15,590,03-Sep-2026 01:18:36,20.6,20.4133393878363,12.9362636363637,22.1032727272727,-0.30144301107992,-0.00980645095326552
20.2,15,590,03-Sep-2026 01:14:49,20.8,20.6115171440652,12.43412,22.2118,-0.285070564864279,-0.0092745661751567
20.2,15,590,03-Sep-2026 01:14:43,21,20.8096947079266,12.3540333333333,22.216,-0.290465247376229,-0.00945007654052718
20.2,15,590,03-Sep-2026 01:14:12,21.2,21.0078720794479,12.3447363636364,22.2151818181818,-0.288015032327748,-0.00937036502094384
20.2,15,590,03-Sep-2026 01:13:28,21.4,21.206049258586,12.3666,22.214,-0.281375566555756,-0.00915440150387526
20.2,15,590,03-Sep-2026 01:13:04,21.6,21.4042262453874,12.3453636363636,22.214,-0.288678849862566,-0.00939214686475565
20.2,15,590,03-Sep-2026 01:12:43,21.8,21.6024030398282,12.2630666666667,22.2286666666667,-0.294865678016319,-0.00959360248550132
20.2,15,590,03-Sep-2026 01:12:24,22,21.8005796419164,12.203,22.239,-0.290338432789315,-0.00944654919294158
20.2,15,590,03-Sep-2026 01:12:09,22.2,21.9987560516536,12.10663,22.259,-0.29100552936886,-0.00946841363001171
20.2,15,590,03-Sep-2026 01:11:52,22.4,22.1969322690417,12.107575,22.24175,-0.293569124981667,-0.00955187842343695
20.2,15,590,03-Sep-2026 01:11:38,22.6,22.395108294082,12.06326,22.2542,-0.293524361835372,-0.00955054566089706
20.2,15,590,03-Sep-2026 01:11:26,22.8,22.5932841267636,12.0286875,22.2610625,-0.286784224526226,-0.00933133927602833
20.2,15,590,03-Sep-2026 01:11:14,23,22.7914597671136,12.0039923076923,22.2623076923077,-0.292714778251955,-0.00952435080955893
20.2,15,590,03-Sep-2026 01:11:05,23.2,22.9896352151015,11.9963,22.2507692307692,-0.29641283855219,-0.00964474169740692
20.2,15,590,03-Sep-2026 01:10:56,23.4,23.1878104707546,11.89866,22.2746,-0.29030178734989,-0.00944615004101495
20.2,15,590,03-Sep-2026 01:10:49,23.6,23.3859855340681,11.8521,22.2835454545455,-0.293244562199315,-0.00954208300156761
20.2,15,590,03-Sep-2026 01:10:41,23.8,23.5841604050242,11.7879,22.2954,-0.296214920759215,-0.00963881881516624
20.2,15,590,03-Sep-2026 01:10:34,24,23.7823350836502,11.7608214285714,22.2875714285714,-0.290159036977863,-0.00944183286486618
20.2,15,590,03-Sep-2026 01:10:29,24.2,23.9805095699347,11.73798,22.2925333333333,-0.285606974996352,-0.00929378812852883
20.2,15,590,03-Sep-2026 01:10:23,24.4,24.1786838638858,11.71162,22.2974,-0.282542896419625,-0.0091941737624918
20.2,15,590,03-Sep-2026 01:10:18,24.6,24.3768579654856,11.6572294117647,22.3058235294118,-0.287023975747567,-0.00934007643817739
20.2,15,590,03-Sep-2026 01:10:13,24.8,24.5750318747613,11.633455,22.30385,-0.279933143012479,-0.00910941843033541
20.2,15,590,03-Sep-2026 01:10:09,25,24.7732055917016,11.5899052631579,22.3191052631579,-0.277123838604581,-0.00901806682736925
20.2,15,590,03-Sep-2026 01:10:05,25.2,24.9713791163016,11.59498,22.3072,-0.278596062523873,-0.00906602162927892
20.2,15,590,03-Sep-2026 01:10:01,25.4,25.169552448569,11.5708157894737,22.3195789473684,-0.280063732585547,-0.0091138589458747
20.2,15,590,03-Sep-2026 01:09:57,25.6,25.3677255885182,11.5413,22.3229047619048,-0.276469451904165,-0.00899697974200193
20.2,15,590,03-Sep-2026 01:09:54,25.8,25.565898536125,11.5333,22.321,-0.267813220479728,-0.0087153840176606
20.2,15,590,03-Sep-2026 01:09:50,26,25.7640712913971,11.5162363636364,22.3248181818182,-0.281491414607603,-0.00916045020416275
20.2,15,590,03-Sep-2026 01:09:46,26.2,25.9622438543425,11.5206666666667,22.32175,-0.281069394928583,-0.0091467898046394
20.2,15,590,03-Sep-2026 01:09:43,26.4,26.1604162249753,11.4781454545455,22.3389090909091,-0.277231387778818,-0.00902195465352027
20.2,15,590,03-Sep-2026 01:09:39,26.6,26.3585884032649,11.5189333333333,22.3135,-0.27912874493076,-0.00908365235932273
20.2,15,590,03-Sep-2026 01:09:36,26.8,26.5567603892446,11.5324333333333,22.3116666666667,-0.276077240048258,-0.00898433108761701
20.2,15,590,03-Sep-2026 01:09:33,27,26.7549321828902,11.5249,22.313,-0.280096368309129,-0.00911518519903358
20.2,15,590,03-Sep-2026 01:09:30,27.2,26.9531037842159,11.49738,22.3186,-0.281308965437923,-0.00915472264636181
20.2,15,590,03-Sep-2026 01:09:28,27.4,27.1512751932166,11.4597571428571,22.3209285714286,-0.27971503143464,-0.00910294342960169
20.2,15,590,03-Sep-2026 01:09:26,27.6,27.3494464099193,11.4309,22.325,-0.285771763306753,-0.0093001442802261
20.2,15,590,03-Sep-2026 01:09:23,27.8,27.5476174342867,11.3908285714286,22.3282857142857,-0.291080791471084,-0.00947300466082859
20.2,15,590,03-Sep-2026 01:09:21,28,27.745788266333,11.3574941176471,22.3350588235294,-0.295642115927633,-0.00962152457140918
20.2,15,590,03-Sep-2026 01:09:19,28.2,27.9439589060724,11.3413666666667,22.3284761904762,-0.292137115852472,-0.00950752164311654
20.2,15,590,03-Sep-2026 01:09:17,28.4,28.1421293534805,11.3022652173913,22.3409565217391,-0.286613934042419,-0.00932801324305824
20.2,15,590,03-Sep-2026 01:09:15,28.6,28.3402996085904,11.1626952380952,22.3918095238095,-0.279442715064669,-0.00909494983580156
20.2,15,590,03-Sep-2026 01:09:14,28.8,28.5384696713844,11.0726,22.368,-0.271942640513212,-0.00885102222117246
20.2,15,590,03-Sep-2026 01:09:12,29,28.7366395418636,10.9910347826087,22.3914782608696,-0.271809890352564,-0.0088468027734769
20.2,15,590,03-Sep-2026 01:09:10,29.2,28.934809220042,10.8505916666667,22.4261666666667,-0.258173352373764,-0.00840337412424761
20.2,15,590,03-Sep-2026 01:09:08,29.4,29.1329787058952,10.699,22.4286,-0.258726559101282,-0.00842157773299389
20.2,15,590,03-Sep-2026 01:09:07,29.6,29.3311479994501,10.64015,22.4175,-0.264999572603187,-0.00862572168026812
20.2,15,590,03-Sep-2026 01:09:05,29.8,29.5293171006951,10.628172,22.41676,-0.266530831216953,-0.00867557584284808
20.2,15,590,03-Sep-2026 01:09:03,30,29.7274860096376,10.6097230769231,22.429,-0.262025321983035,-0.00852898414063336
20.2,15,590,03-Sep-2026 01:09:02,30.2,29.9256547262789,10.5879538461538,22.429,-0.256224799789573,-0.00834023635831824
20.2,15,590,03-Sep-2026 01:09:00,30.4,30.1238232506009,10.5627384615385,22.4351538461538,-0.256922862482203,-0.00836303485849526
20.2,15,590,03-Sep-2026 01:08:59,30.6,30.3219915826432,10.53354,22.4354,-0.260019003826965,-0.00846385142363633
20.2,15,590,03-Sep-2026 01:08:57,30.8,30.5201597223684,10.5064666666667,22.43,-0.259462214415011,-0.00844574280416779
20.2,15,590,03-Sep-2026 01:08:56,31,30.7183276698033,10.4951333333333,22.43,-0.255252494246341,-0.00830870900008964
20.2,15,590,03-Sep-2026 01:08:54,31.2,30.9164954249361,10.48864,22.43,-0.24840736318807,-0.00808590852231455
20.2,15,590,03-Sep-2026 01:08:53,31.4,31.114662987768,10.4837666666667,22.4303333333333,-0.248127465232494,-0.00807681418805876
20.2,15,590,03-Sep-2026 01:08:52,31.6,31.3128303583065,10.4789,22.431,-0.254412800379611,-0.00828142599732228
20.2,15,590,03-Sep-2026 01:08:50,31.8,31.5109975365525,10.4681857142857,22.4331428571429,-0.249622553952943,-0.00812554146623836
20.2,15,590,03-Sep-2026 01:08:49,32,31.7091645225008,10.4450310344828,22.4389655172414,-0.248482653743616,-0.00808850558469464
20.2,15,590,03-Sep-2026 01:08:47,32.2,31.9073313161587,10.4140666666667,22.446,-0.24946088526128,-0.00812041181919167
20.2,15,590,03-Sep-2026 01:08:46,32.4,32.1054979175274,10.3858444444444,22.446,-0.252557248505936,-0.00822126016972944
20.2,15,590,03-Sep-2026 01:08:44,32.6,32.3036643266014,10.3632857142857,22.4448571428571,-0.237773213273921,-0.00774001950921502
20.2,15,590,03-Sep-2026 01:08:43,32.8,32.5018305433944,10.3490551724138,22.4428965517241,-0.236175083936879,-0.00768800399773716
20.2,15,590,03-Sep-2026 01:08:42,33,32.6999965678948,10.3451931034483,22.4401379310345,-0.247762860494809,-0.00806521363529589
20.2,15,590,03-Sep-2026 01:08:40,33.2,32.8981624001098,10.3425933333333,22.4406333333333,-0.250403910228626,-0.00815118665212156
20.2,15,590,03-Sep-2026 01:08:39,33.4,33.0963280400341,10.339976,22.44064,-0.253703500085581,-0.0082585997586199
20.2,15,590,03-Sep-2026 01:08:37,33.6,33.2944934876813,10.3373142857143,22.44,-0.257002448279026,-0.00836599419029007
20.2,15,590,03-Sep-2026 01:08:36,33.8,33.4926587430396,10.3348857142857,22.44,-0.259642214685821,-0.0084519298574594
20.2,15,590,03-Sep-2026 01:08:34,34,33.6908238061228,10.3333333333333,22.44,-0.252765169748823,-0.00822808197392236
20.2,15,590,03-Sep-2026 01:08:33,34.2,33.8889886769189,10.3323428571429,22.4395714285714,-0.247348479881806,-0.00805176620819775
20.2,15,590,03-Sep-2026 01:08:31,34.4,34.0871533554416,10.3290666666667,22.4407777777778,-0.244551844269434,-0.00796075321003595
20.2,15,590,03-Sep-2026 01:08:29,34.6,34.2853178416727,10.3201947368421,22.4451052631579,-0.242914907841725,-0.00790751086162452
20.2,15,590,03-Sep-2026 01:08:27,34.8,34.4834821356386,10.285332,22.447,-0.243417528725892,-0.0079239003457957
20.2,15,590,03-Sep-2026 01:08:26,35,34.6816462373338,10.279652,22.447,-0.246059706921933,-0.00800992166254948
20.2,15,590,03-Sep-2026 01:08:23,35.2,34.8798101467398,10.2566333333333,22.4511111111111,-0.238705369997308,-0.00777052738374693
20.2,15,590,03-Sep-2026 01:08:21,35.4,35.0779738638832,10.2386230769231,22.4510769230769,-0.218706565094273,-0.00711954571248025
20.2,15,700,03-Sep-2026 02:38:48,-0.1,-0.0990988599548819,16.7732,0.522,NaN,NaN
20.2,15,700,03-Sep-2026 02:39:18,0.01,0.00990988334653659,16.6065,3.233,283.119963949244,9.0659617829636
20.2,15,700,03-Sep-2026 02:39:48,0.01,0.00990988334653659,16.5783,1.54,283.666625799727,9.08119720004222
20.2,15,700,03-Sep-2026 02:40:08,0.02,0.0198197662161875,16.5456,2.945,281.164510179564,9.00969522358949
20.2,15,700,03-Sep-2026 02:39:08,0.03,0.0297296486089114,16.6714,1.69,283.312155611697,9.07069701314659
20.2,15,700,03-Sep-2026 02:39:28,0.04,0.0396395305118137,16.5911,1.155,284.08660654294,9.09282011746946
20.2,15,700,03-Sep-2026 02:39:38,0.04,0.0396395305118137,16.6247,1.431,284.691652038718,9.10973242491731
20.2,15,700,03-Sep-2026 02:40:38,0.04,0.0396395305118137,16.5571,5.252,NaN,NaN
20.2,15,700,03-Sep-2026 02:39:58,0.05,0.0495494119248564,16.5308,3.49,282.015874651627,9.03432159289967
20.2,15,700,03-Sep-2026 02:40:28,0.05,0.0495494119248564,16.5058,4.19,278.93824059203,8.94557705053479
20.2,15,700,03-Sep-2026 02:38:58,0.07,0.0693691733325932,16.6928,1.899,284.413889863029,9.10159716952536
20.2,15,700,03-Sep-2026 02:40:18,0.07,0.0693691733325932,16.5184,3.631,280.505733403456,8.99097791007584
